SALESFORCE_ACCOUNT_ID,GEO,REGION,VERTICAL,FISCAL_QUARTER,MONTH,HEALTHY_STATUS,CONTRACT_START_DATE,CONTRACT_END_DATE,IMPLEMENTATION_STATUS_APPS,TOTAL_ACTIVE_ACV,TOTAL_UFR,UNIQUE_USERS,AVG_WAU_GLOBAL,CERTIFIED_USERS_DIGITAL,CERTIFIED_USERS_APPS,ACV_CS_APPS
0015700002EVdsdAAD,AMERICAS,AMERICAS East,TELCO,2023-05-01,2023-06-01,Unhealthy,"2021-06-30, 2021-10-13, 2022-06-01, 2022-03-01","2023-08-29, 2023-09-12, 2023-08-31",Not started,769777.0153846154,0,53,15,1,0,95004
00157000028bRaFAAU,AMERICAS,AMERICAS East,GENERAL RETAILER,2023-05-01,2023-05-01,Unhealthy,"2023-01-31, 2022-10-31",2025-01-30,Implemented,788333.4133333333,0,60,15.2,4,0,133333.33333333334
0015700002E7BRCAA3,AMERICAS,AMERICAS East,FOOD & BEVERAGES,2023-05-01,2023-07-01,Unhealthy,2021-03-05,2024-05-04,Implemented,250526.34105263153,0,12,3.5,0,0,90894.73684210527
00157000028bRaFAAU,AMERICAS,AMERICAS East,GENERAL RETAILER,2023-02-01,2023-02-01,Unhealthy,"2023-01-31, 2022-10-31",2025-01-30,Lived,788333.4133333333,0,47,11,4,0,133333.33333333334
0012o000035UPoSAAW,APJ,APJ ASIA,BFSI,2023-08-01,2023-10-01,Unhealthy,2023-10-31,2024-10-30,,566031.01,0,0,0,0,0,558742.75
0012o00002rewJIAAY,AMERICAS,AMERICAS West,"HARD,SOFT & SERVICES",2023-02-01,2023-02-01,Unhealthy,2021-03-31,2023-03-30,Implemented,106000,96000,7,2,0,0,46000
0012o00002rewJIAAY,AMERICAS,AMERICAS West,"HARD,SOFT & SERVICES",2023-05-01,2023-07-01,Unhealthy,2023-03-31,2024-03-30,Implemented,100800,0,8,2,0,0,44400
0012o00002rewJIAAY,AMERICAS,AMERICAS West,"HARD,SOFT & SERVICES",2023-02-01,2023-03-01,Unhealthy,"2021-03-31, 2023-03-31","2023-03-30, 2024-03-30",Implemented,126160,96000,7,1.2,0,0,54880
0015700002Hw86bAAB,AMERICAS,AMERICAS East,"HARD,SOFT & SERVICES",2023-11-01,2023-12-01,Unhealthy,2023-06-30,2024-06-29,Partially implemented,198000.00000000006,0,9,0.75,2,0,60648.719999999994
0015700001svWnvAAE,EMEA,EMEA UK,FASHION,2023-08-01,2023-09-01,Healthy,"2023-06-01, 2022-07-31","2024-07-31, 2024-07-30",Partially implemented,114680.23678025855,0,12,4.75,8,0,41463.952996474734
0015700001svWnvAAE,EMEA,EMEA UK,FASHION,2023-11-01,2023-11-01,Healthy,"2023-10-24, 2023-06-01, 2022-07-31","2025-07-23, 2024-07-31, 2024-07-30",Partially implemented,124520.13995464302,0,17,5.6,11,0,41463.952996474734
0015700001svWnvAAE,EMEA,EMEA UK,FASHION,2023-02-01,2023-04-01,Healthy,2022-07-31,2024-07-30,Partially implemented,111054.12162162163,0,13,3.75,8,0,37837.83783783783
0015700002By5jRAAR,EMEA,EMEA UK,BFSI,2023-05-01,2023-05-01,Healthy,2022-12-31,2025-12-30,Implemented,201626.9189189189,0,37,10.8,10,1,59459.35135135136
0015700002By5jRAAR,EMEA,EMEA UK,BFSI,2022-11-01,2023-01-01,Unhealthy,2022-12-31,2025-12-30,Implemented,201626.91891891893,232814.81997925832,19,6.5,8,0,59459.35135135136
0015700002By5jRAAR,EMEA,EMEA UK,BFSI,2023-11-01,2023-11-01,Healthy,"2023-08-31, 2022-12-31",2025-12-30,Partially implemented,280961.93161252094,0,47,12,10,1,138794.3640449534
0015700002By5jRAAR,EMEA,EMEA UK,BFSI,2023-08-01,2023-09-01,Healthy,"2023-08-31, 2022-12-31",2025-12-30,Implemented,280961.93161252094,0,28,9.5,10,1,138794.3640449534
0015700002G4DQ9AAN,EMEA,EMEA UK,BFSI,2023-08-01,2023-10-01,Healthy,"2022-12-31, 2022-12-01","2024-12-30, 2024-12-31",Partially lived,309945.89837837836,0,50,9,31,1,44761.62162162162
0015700001rWZQfAAO,EMEA,EMEA France,FOOD & BEVERAGES,2023-05-01,2023-07-01,Unhealthy,2021-11-09,2024-01-08,Implemented,152307.69230769228,0,11,0.25,0,0,76153.84615384614
0015700001rWZQfAAO,EMEA,EMEA France,FOOD & BEVERAGES,2023-08-01,2023-09-01,Unhealthy,2021-11-09,2024-01-08,Implemented,152307.69230769228,0,5,0.75,0,0,76153.84615384616
001D000000via0TIAQ,EMEA,EMEA France,FOOD & BEVERAGES,2023-08-01,2023-09-01,Healthy,2023-04-01,2026-03-31,Started,174836.03671556775,0,43,14.5,20,0,57116.01199436252
001D000000via0TIAQ,EMEA,EMEA France,FOOD & BEVERAGES,2023-11-01,2023-11-01,Healthy,2023-04-01,2026-03-31,Started,174836.03671556772,0,35,10.6,20,0,57116.01199436252
0015700001rWZQfAAO,EMEA,EMEA France,FOOD & BEVERAGES,2023-05-01,2023-05-01,Unhealthy,2021-11-09,2024-01-08,Lived,152307.69230769228,0,11,2.2,0,0,76153.84615384616
001D000000via0TIAQ,EMEA,EMEA France,FOOD & BEVERAGES,2023-08-01,2023-08-01,Healthy,2023-04-01,2026-03-31,Started,174836.03671556775,0,43,8.4,18,0,57116.01199436252
0012o00002iOquwAAC,APJ,APJ ASIA,TELCO,2023-08-01,2023-08-01,Unhealthy,2022-07-29,2024-10-28,,155556.0533333333,175000.56,1,0,0,0,88356.26666666669
0012o00002iOquwAAC,APJ,APJ ASIA,TELCO,2023-05-01,2023-07-01,Unhealthy,2022-07-29,2024-10-28,,155556.05333333332,0,0,0,0,0,88356.26667
001D000001WUTFSIA5,EMEA,EMEA France,BFSI,2023-08-01,2023-10-01,Unhealthy,"2023-06-30, 2023-04-30",2024-06-29,Implemented,73341.44397,0,6,2.25,3,4,73341.44397
001D00000180LhwIAE,EMEA,EMEA France,BFSI,2023-02-01,2023-03-01,Healthy,2021-06-30,2023-06-29,Partially implemented,114427.6125,0,8,3.8,3,2,41927.5625
001D00000180LhwIAE,EMEA,EMEA France,BFSI,2022-11-01,2023-01-01,Healthy,2021-06-30,2023-06-29,Partially implemented,114427.6125,0,7,3.75,3,2,41927.5625
001D000000ymwlWIAQ,EMEA,EMEA France,BFSI,2022-11-01,2023-01-01,Healthy,"2022-09-01, 2022-04-01","2024-12-31, 2024-08-31",,157552.9411764706,0,29,7.75,9,0,63529.411764705896
0017T00000gAqkVQAS,APJ,APJ ASIA,GENERAL RETAILER,2023-11-01,2023-12-01,Healthy,2023-11-15,2026-01-14,Started,55384.615384615376,0,6,0.75,0,0,55384.615384615376
001D00000180LhwIAE,EMEA,EMEA France,BFSI,2023-02-01,2023-04-01,Healthy,2021-06-30,2023-06-29,Partially implemented,114427.6125,0,8,2.5,3,2,41927.5625
001D00000180LhwIAE,EMEA,EMEA France,BFSI,2023-02-01,2023-02-01,Healthy,2021-06-30,2023-06-29,Partially implemented,114427.6125,0,8,2.75,3,2,41927.5625
001D000001es1s2IAA,EMEA,EMEA France,BFSI,2022-11-01,2023-01-01,Healthy,2022-01-01,2023-12-31,Implemented,219159,0,19,6.75,11,2,84135
001D000001j28lUIAQ,EMEA,EMEA France,"HARD,SOFT & SERVICES",2022-11-01,2023-01-01,Healthy,"2022-02-28, 2022-12-01","2023-02-27, 2023-11-30",,181329.03529411764,207011.9126080841,42,14.25,26,1,119783.8588235294
001D000001LgtF0IAJ,EMEA,EMEA France,"ENERGY, UTILITIES & RESOURCES",2023-08-01,2023-10-01,Unhealthy,2022-12-14,2023-12-13,Implemented,379882.4470588236,0,14,1.75,2,0,154682.40000000005
0017T00000547ZjQAI,APJ,APJ ANZ,GENERAL RETAILER,2023-11-01,2023-11-01,Healthy,"2023-07-29, 2023-02-20","2025-07-28, 2024-02-19",Implemented,79896,0,22,9,11,0,20141.52
0012o00002sYNE9AAO,APJ,APJ ASIA,FOOD & BEVERAGES,2023-11-01,2023-12-01,Healthy,2021-12-20,2023-12-19,Implemented,100802.27999999998,100802.27999999998,19,4.333333,0,0,54024.84
0012o000032YTQ1AAO,EMEA,EMEA MENAT,TELCO,2022-11-01,2023-01-01,Unhealthy,2022-10-31,2023-11-30,,223617.12000000002,0,1,0.25,0,0,120062.76923076923
0012o000032YTQ1AAO,EMEA,EMEA MENAT,TELCO,2023-02-01,2023-02-01,Unhealthy,2022-10-31,2023-11-30,,223617.12000000002,0,3,0,0,0,120062.76923076922
0012o000032YTQ1AAO,EMEA,EMEA MENAT,TELCO,2023-05-01,2023-06-01,Unhealthy,2022-10-31,2023-11-30,,223617.12000000002,0,12,1,1,0,120062.76923076922
0012o000032YTQ1AAO,EMEA,EMEA MENAT,TELCO,2023-05-01,2023-05-01,Unhealthy,2022-10-31,2023-11-30,,223617.12000000002,0,12,3,1,0,120062.76923076922
001570000243VR9AAM,EMEA,EMEA UK,FASHION,2023-11-01,2023-12-01,Unhealthy,2023-10-02,2026-10-01,Not started,184611.86113789777,0,14,1.75,15,0,23523.753763800603
00157000023oi3AAAQ,EMEA,EMEA UK,"HARD,SOFT & SERVICES",2023-11-01,2023-11-01,Healthy,2023-06-21,2026-06-20,Started,449770.23596323776,0,73,22.8,54,0,51291.30340660856
00157000023oi3AAAQ,EMEA,EMEA UK,"HARD,SOFT & SERVICES",2023-11-01,2023-12-01,Healthy,2023-06-21,2026-06-20,Started,449770.23596323765,0,73,16,54,0,51291.30340660855
0017T000007TUSwQAO,EMEA,EMEA France,FOOD & BEVERAGES,2023-05-01,2023-07-01,Unhealthy,2022-03-31,2025-03-30,Lived,200592.56470588225,0,3,1.5,2,0,60313.69411764707
0017T000007TUSwQAO,EMEA,EMEA France,FOOD & BEVERAGES,2023-11-01,2023-12-01,Unhealthy,2022-03-31,2025-03-30,Implemented,200592.5647058823,0,1,0.25,2,0,60313.69411764707
0012o00003CeWD1AAN,EMEA,EMEA France,BFSI,2023-08-01,2023-09-01,Unhealthy,2022-02-28,2024-05-27,Lived,62745.098039215685,0,0,0,1,0,62745.098039215685
0012o00003CeWD1AAN,EMEA,EMEA France,BFSI,2023-02-01,2023-02-01,Unhealthy,2022-02-28,2024-05-27,Lived,62745.098039215685,0,0,0,1,0,62745.098039215685
001D000000ymwoVIAQ,EMEA,EMEA France,GENERAL RETAILER,2023-11-01,2023-12-01,Healthy,"2023-03-01, 2023-08-01, 2022-10-01","2025-09-30, 2024-07-31",Implemented,232033.69664470362,0,46,8.25,15,2,63529.41176470589
001D000000ymwoVIAQ,EMEA,EMEA France,GENERAL RETAILER,2023-11-01,2023-11-01,Healthy,"2023-08-01, 2022-10-01, 2023-03-01","2024-07-31, 2025-09-30",Implemented,232033.69664470362,0,46,10.4,15,2,63529.41176470589
001D000000ymwoVIAQ,EMEA,EMEA France,GENERAL RETAILER,2023-05-01,2023-07-01,Healthy,"2022-08-01, 2023-03-01, 2022-10-01","2023-07-31, 2025-09-30",Implemented,232988.32941176475,12066.72109807162,40,7.25,15,0,63529.411764705896
001D000000ymwoVIAQ,EMEA,EMEA France,GENERAL RETAILER,2023-08-01,2023-09-01,Healthy,"2023-08-01, 2023-03-01, 2022-10-01","2024-07-31, 2025-09-30",Implemented,232033.69664470362,0,43,12,15,2,63529.41176470589
0015700002G4DQhAAN,AMERICAS,AMERICAS West,BFSI,2023-02-01,2023-04-01,Unhealthy,2022-10-31,2025-10-30,Lived,256000,0,12,5.25,0,0,66686.4
0015700002G4DQhAAN,AMERICAS,AMERICAS West,BFSI,2023-02-01,2023-02-01,Unhealthy,2022-10-31,2025-10-30,Lived,256000,0,12,3.25,0,0,66686.4
0017T00000DjrXGQAZ,APJ,APJ Japan,"TRAVEL, LEISURE AND LOGISTICS",2023-02-01,2023-04-01,Healthy,2022-10-10,2023-10-09,,78768,0,17,9.5,0,0,40032
0015700002IAepsAAD,AMERICAS,AMERICAS East,GENERAL RETAILER,2023-08-01,2023-08-01,Healthy,2022-07-29,2024-09-28,,105923.15999999999,0,31,10.6,8,0,28157.640000000003
00157000020YJo1AAG,AMERICAS,AMERICAS West,GENERAL RETAILER,2023-05-01,2023-06-01,Unhealthy,"2022-07-29, 2023-01-31","2025-07-28, 2025-07-30",Lived,490000.0800000001,0,30,12.25,4,0,132689.64
0012o00002izOxrAAE,APJ,APJ ANZ,M&A,2023-05-01,2023-05-01,Unhealthy,2022-12-19,2023-12-18,Started,377000.0399999999,0,8,4.6,0,0,189427.08
0012o00002izOxrAAE,APJ,APJ ANZ,M&A,2023-02-01,2023-04-01,Unhealthy,2022-12-19,2023-12-18,Started,377000.04,0,4,0.5,0,0,189427.08
0012o00002izOxrAAE,APJ,APJ ANZ,M&A,2023-08-01,2023-10-01,Unhealthy,2022-12-19,2023-12-18,Lived,377000.04,0,14,6.75,1,0,189427.08
0012o000032YTQ1AAO,EMEA,EMEA MENAT,TELCO,2023-08-01,2023-08-01,Unhealthy,"2023-07-31, 2022-10-31","2024-01-30, 2023-11-30",,439541.52,0,7,1.8,1,0,269537.07923076925
0017T000007TUSwQAO,EMEA,EMEA France,FOOD & BEVERAGES,2023-05-01,2023-06-01,Unhealthy,2022-03-31,2025-03-30,Lived,200592.5647058824,0,3,0.75,2,0,60313.69411764707
00157000020YJnBAAW,AMERICAS,AMERICAS East,AUTO,2023-08-01,2023-08-01,Healthy,"2023-05-08, 2023-01-31, 2023-07-31","2024-02-07, 2024-01-30",Partially lived,420480,0,158,31.2,41,0,0
00157000020HEx2AAG,AMERICAS,AMERICAS East,GENERAL RETAILER,2023-11-01,2023-11-01,Healthy,2023-10-30,2027-01-29,,215384.6153846154,0,36,2.4,1,0,53777.90923076924
0012o00002KBfuXAAT,AMERICAS,AMERICAS East,"TRAVEL, LEISURE AND LOGISTICS",2023-08-01,2023-09-01,Unhealthy,2023-03-15,2024-03-14,Partially lived,203145,0,12,4.75,7,0,67151.64000000001
0015700002By6IxAAJ,AMERICAS,AMERICAS East,"TRAVEL, LEISURE AND LOGISTICS",2023-08-01,2023-08-01,Healthy,2023-01-31,2025-03-30,,241011.6923076923,0,44,16,17,0,34737.230769230766
0015700002584DfAAI,EMEA,EMEA France,BFSI,2023-08-01,2023-10-01,Unhealthy,"2022-07-01, 2023-01-31, 2023-01-01, 2023-05-01","2023-12-31, 2024-12-30, 2024-12-31, 2023-10-31",Lived,259750.58823529413,0,13,6.5,10,0,35294.117647058825
00157000023oFnEAAU,EMEA,EMEA UK,GENERAL RETAILER,2023-08-01,2023-09-01,Unhealthy,2021-12-31,2024-03-30,Implemented,200007.1111111111,0,10,4.5,0,0,172597.3333333333
00157000023oFnEAAU,EMEA,EMEA UK,GENERAL RETAILER,2022-11-01,2023-01-01,Unhealthy,2021-12-31,2024-03-30,Implemented,200007.1111111111,0,12,3,0,0,172597.33333333334
00157000023oFnEAAU,EMEA,EMEA UK,GENERAL RETAILER,2023-08-01,2023-08-01,Unhealthy,2021-12-31,2024-03-30,Implemented,200007.11111111112,0,10,5.8,0,0,172597.33333333337
00157000023oFnEAAU,EMEA,EMEA UK,GENERAL RETAILER,2023-05-01,2023-05-01,Healthy,2021-12-31,2024-03-30,Implemented,200007.1111111111,0,13,6.6,0,0,172597.33333333334
001D000000wwTXkIAM,EMEA,EMEA France,FASHION,2023-11-01,2023-11-01,Healthy,"2022-02-16, 2023-05-01, 2021-12-31","2024-01-15, 2023-12-31, 2023-12-30",Lived,341804.5852941177,299500.6082545553,42,19.6,26,0,0
001D000001UZQ8hIAH,EMEA,EMEA UK,FASHION,2023-08-01,2023-09-01,Healthy,2023-08-01,2025-07-31,Implemented,399903.8139846102,373405.31092001754,43,17.5,0,0,121845.44309527092
001D000001UZQ8hIAH,EMEA,EMEA UK,FASHION,2022-11-01,2023-01-01,Healthy,"2021-01-01, 2022-07-31, 2023-01-01, 2021-08-01","2022-12-31, 2023-07-30, 2023-07-31",Partially implemented,455072.3057376801,0,80,27.5,0,0,178991.6119888534
001D0000017K5C4IAK,EMEA,EMEA France,FASHION,2023-11-01,2023-11-01,Healthy,"2023-11-30, 2021-09-30","2026-11-29, 2023-11-29",Partially lived,345196.19374016224,244653.81954349755,30,12.8,14,0,11244.119721265142
0012o00003AbjCoAAJ,EMEA,EMEA UK,"HARD,SOFT & SERVICES",2022-11-01,2023-01-01,Healthy,2022-07-29,2024-09-28,,38250.16000000001,0,0,0,0,0,10217.35
0012o00003AbjCoAAJ,EMEA,EMEA UK,"HARD,SOFT & SERVICES",2023-05-01,2023-06-01,Healthy,2022-07-29,2024-09-28,,38250.15999999999,0,0,0,0,0,10217.350000000002
0015700002I75aQAAR,EMEA,EMEA UK,GENERAL RETAILER,2023-02-01,2023-02-01,Unhealthy,"2022-04-12, 2022-09-01, 2023-01-10","2023-12-11, 2023-08-31, 2024-01-09",Implemented,896268.0972972974,0,2,1.75,1,0,55459.45945945945
0015700002I75aQAAR,EMEA,EMEA UK,GENERAL RETAILER,2023-05-01,2023-06-01,Unhealthy,"2022-04-12, 2022-09-01, 2023-01-10","2023-12-11, 2023-08-31, 2024-01-09",Implemented,896268.0972972974,0,5,0.25,1,0,55459.45945945945
0015700001yOalHAAS,EMEA,EMEA Central,LUXURY,2023-08-01,2023-08-01,Healthy,2023-07-01,2025-06-30,Implemented,242176.25085701267,0,38,12.6,12,0,58860.01236060258
0015700001yOalHAAS,EMEA,EMEA Central,LUXURY,2023-05-01,2023-06-01,Healthy,2021-07-01,2023-06-30,Implemented,195000,170508.0155162294,37,12.75,12,0,60000
0015700001yOalHAAS,EMEA,EMEA Central,LUXURY,2023-08-01,2023-09-01,Healthy,2023-07-01,2025-06-30,Implemented,242176.25085701267,0,38,12,12,0,58860.012360602595
0015700002E7BQnAAN,AMERICAS,AMERICAS East,TELCO,2023-11-01,2023-12-01,Unhealthy,2022-02-01,2024-01-31,,533000.0799999998,533000.0800000001,50,9.25,2,0,172411.19999999998
001D000001UZQ8hIAH,EMEA,EMEA UK,FASHION,2023-05-01,2023-07-01,Healthy,"2022-07-31, 2023-01-01, 2021-01-01, 2021-08-01","2023-07-30, 2023-07-31, 2022-12-31",Implemented,455072.3057376801,0,63,20.75,0,0,178991.6119888534
001D000000vhmQdIAI,EMEA,EMEA France,GENERAL RETAILER,2023-02-01,2023-02-01,Healthy,"2022-01-31, 2022-04-25","2024-01-30, 2023-04-24",Implemented,259091.12647058815,49185.004475835405,50,15.75,3,0,34999.95
0015700002E7BQnAAN,AMERICAS,AMERICAS East,TELCO,2023-05-01,2023-06-01,Healthy,2022-02-01,2024-01-31,,533000.0799999998,0,69,12.5,1,0,172411.2
0015700001yNxwqAAC,EMEA,EMEA Central,"HARD,SOFT & SERVICES",2022-11-01,2023-01-01,Healthy,2021-06-30,2023-06-29,Implemented,168000,0,58,12.5,36,3,67500
0015700001yNxwqAAC,EMEA,EMEA Central,"HARD,SOFT & SERVICES",2023-08-01,2023-09-01,Healthy,2023-06-30,2025-06-29,Implemented,146496.03076416644,0,39,11,29,3,58860.012360602595
00157000020IAXmAAO,EMEA,EMEA Central,"TRAVEL, LEISURE AND LOGISTICS",2023-08-01,2023-10-01,Unhealthy,"2022-01-01, 2023-10-01",2023-12-31,,240975,0,12,3.25,5,0,0
00157000021SdS3AAK,EMEA,EMEA North,GENERAL RETAILER,2023-08-01,2023-09-01,Healthy,2022-08-31,2023-11-30,Implemented,408648.6,0,131,41,64,4,177106.44000000003
00157000021SdS3AAK,EMEA,EMEA North,GENERAL RETAILER,2023-05-01,2023-06-01,Healthy,2022-08-31,2023-11-30,Implemented,408648.6,0,122,44.75,63,4,177106.44
0015700002IsJ5FAAV,EMEA,EMEA North,HOME & CONSUMER ELECTRONICS,2023-02-01,2023-04-01,Healthy,"2021-08-12, 2022-06-01","2024-08-11, 2024-07-31",Implemented,1092456.200904977,0,438,161.5,598,1,44910
0012o00002JLfcgAAD,EMEA,EMEA North,GENERAL RETAILER,2023-08-01,2023-08-01,Unhealthy,2023-01-01,2025-12-31,Implemented,86274.50980392155,0,4,2,9,2,46884.98823529412
0012o00002JLfcgAAD,EMEA,EMEA North,GENERAL RETAILER,2023-05-01,2023-05-01,Unhealthy,2023-01-01,2025-12-31,Implemented,86274.50980392157,0,6,1.8,9,2,46884.98823529411
001D000000vhmQdIAI,EMEA,EMEA France,GENERAL RETAILER,2023-08-01,2023-10-01,Healthy,"2022-01-31, 2023-04-25, 2023-07-31","2024-01-30, 2024-04-24, 2025-01-30",Implemented,308141.1367710904,0,45,14.5,6,0,34999.950000000004
0015700001yOalHAAS,EMEA,EMEA Central,LUXURY,2023-05-01,2023-05-01,Healthy,2021-07-01,2023-06-30,Implemented,195000,170508.0155162294,37,11.8,12,0,60000
00157000020IAXmAAO,EMEA,EMEA Central,"TRAVEL, LEISURE AND LOGISTICS",2023-11-01,2023-11-01,Unhealthy,"2023-10-01, 2022-01-01",2023-12-31,,240975,210708.5591744789,16,5.4,5,0,0
00157000021SdS3AAK,EMEA,EMEA North,GENERAL RETAILER,2023-11-01,2023-12-01,Healthy,2023-11-30,2026-11-29,Implemented,1209819.24,408648.5999999999,268,32.5,63,4,523722.77999999997
0012o00002JLfcgAAD,EMEA,EMEA North,GENERAL RETAILER,2023-11-01,2023-11-01,Unhealthy,2023-01-01,2025-12-31,Implemented,86274.50980392158,0,3,1.6,9,2,46884.98823529411
00157000028bYKmAAM,AMERICAS,AMERICAS West,GENERAL RETAILER,2023-05-01,2023-06-01,Healthy,2022-06-27,2023-07-26,Lived,194615.42153846155,184615.42000000004,17,4.5,0,0,53487.36000000001
00157000020XsBpAAK,AMERICAS,AMERICAS East,TELCO,2022-11-01,2023-01-01,Healthy,"2020-12-31, 2021-12-31, 2023-01-02, 2022-04-11","2023-12-30, 2024-01-01, 2023-01-10",Partially implemented,5173327.640000001,0,827,193.75,159,0,1347936.5999999999
00157000020XsBpAAK,AMERICAS,AMERICAS East,TELCO,2023-05-01,2023-05-01,Healthy,"2020-12-31, 2023-04-30, 2023-01-02, 2021-12-31","2023-12-30, 2023-12-29, 2024-01-01",Partially implemented,5374992.66,0,1288,318.2,171,1,1347936.6
00157000020XsBpAAK,AMERICAS,AMERICAS East,TELCO,2023-02-01,2023-04-01,Healthy,"2023-04-30, 2020-12-31, 2023-01-02, 2021-12-31","2023-12-29, 2023-12-30, 2024-01-01",Partially implemented,5194460.643999999,0,1140,321.5,171,1,1347936.6
00157000020XsBpAAK,AMERICAS,AMERICAS East,TELCO,2023-02-01,2023-02-01,Healthy,"2020-12-31, 2021-12-31, 2023-01-02","2023-12-30, 2024-01-01",Partially implemented,5149327.640000001,0,1140,268,160,0,1347936.6
0012o00002grS3IAAU,EMEA,EMEA France,FOOD & BEVERAGES,2023-08-01,2023-08-01,Unhealthy,"2023-03-31, 2023-07-01, 2023-01-01, 2021-07-01","2025-03-30, 2024-06-30, 2023-12-31",Partially implemented,553309.9643669307,0,35,7.2,13,2,180000
001D0000017K5AgIAK,EMEA,EMEA France,FASHION,2023-08-01,2023-10-01,Unhealthy,"2022-04-01, 2023-05-01","2024-03-31, 2025-04-30",Partially implemented,147794.11764705883,0,10,3.5,5,0,72794.11764705881
001D0000017K5AgIAK,EMEA,EMEA France,FASHION,2023-08-01,2023-08-01,Unhealthy,"2023-05-01, 2022-04-01","2025-04-30, 2024-03-31",Partially implemented,147794.11764705883,0,10,1.2,4,0,72794.11764705883
001D000000viZaqIAE,EMEA,EMEA France,GENERAL RETAILER,2023-02-01,2023-03-01,Healthy,"2022-04-04, 2022-12-05","2023-04-03, 2024-12-04",Implemented,211764.70588235295,39348.00358066833,26,8.2,10,0,42352.94117647059
001D000000viZaqIAE,EMEA,EMEA France,GENERAL RETAILER,2023-02-01,2023-04-01,Healthy,"2022-12-05, 2022-04-04, 2023-04-04","2024-12-04, 2023-04-03, 2024-12-03",Implemented,225317.64705882355,39348.00358066833,26,6.25,10,1,55905.88235294118
001D000000vhmNjIAI,EMEA,EMEA France,FASHION,2023-02-01,2023-02-01,Healthy,2022-09-01,2025-08-31,Implemented,210000,0,31,13.5,10,0,65027.1
001D000000vhmNjIAI,EMEA,EMEA France,FASHION,2023-08-01,2023-08-01,Healthy,2022-09-01,2025-08-31,Implemented,209999.99999999994,0,30,9,12,0,65027.1
00157000024ZPYuAAO,EMEA,EMEA UK,FASHION,2023-02-01,2023-02-01,Healthy,"2021-08-20, 2022-04-29, 2021-12-20","2023-09-19, 2023-09-28",Lived,385589.92814546666,0,26,10.75,27,0,48366.324324324334
001570000269atRAAQ,AMERICAS,AMERICAS West,"TRAVEL, LEISURE AND LOGISTICS",2023-08-01,2023-09-01,Unhealthy,2023-09-29,2025-09-28,,175000.00499999998,0,1,0,0,0,91127.83499999999
0015700002BzPdjAAF,EMEA,EMEA South,TELCO,2022-11-01,2023-01-01,Healthy,"2021-07-31, 2022-09-30","2024-09-30, 2024-09-29",Implemented,423152.3470588235,0,38,16.25,26,0,147231.2470588235
0015700002BzPdjAAF,EMEA,EMEA South,TELCO,2023-02-01,2023-03-01,Healthy,"2021-07-31, 2022-09-30","2024-09-30, 2024-09-29",Implemented,423152.3470588235,0,47,21.8,28,0,147231.24705882353
0015700002BzPdjAAF,EMEA,EMEA South,TELCO,2023-08-01,2023-10-01,Healthy,"2022-09-30, 2021-07-31","2024-09-29, 2024-09-30",Implemented,423152.34705882357,0,33,16.25,32,0,147231.2470588235
0015700002F7YDSAA3,EMEA,EMEA UK,HOME & CONSUMER ELECTRONICS,2023-08-01,2023-08-01,Unhealthy,"2022-11-16, 2021-11-16",2024-11-15,Not started,232162.93320505074,0,16,6.8,11,0,45618.93901528805
0015700002F7YDSAA3,EMEA,EMEA UK,HOME & CONSUMER ELECTRONICS,2023-11-01,2023-12-01,Unhealthy,"2022-11-16, 2021-11-16",2024-11-15,Not started,232162.93320505074,0,21,2.75,11,0,45618.93901528805
0015700002F7YDSAA3,EMEA,EMEA UK,HOME & CONSUMER ELECTRONICS,2022-11-01,2023-01-01,Unhealthy,"2022-11-16, 2021-11-16",2024-11-15,Not started,232162.93320505077,123363.29217779095,22,7.25,10,0,45618.93901528805
0015700001ruBwIAAU,EMEA,EMEA UK,TELCO,2023-02-01,2023-04-01,Healthy,"2023-01-31, 2023-04-01","2025-03-30, 2025-03-31",,540585.4594594594,308759.9428794105,141,44.25,26,0,151601.18918918917
00157000024ZPYuAAO,EMEA,EMEA UK,FASHION,2023-02-01,2023-04-01,Healthy,"2022-04-29, 2021-12-20, 2021-08-20","2023-09-28, 2023-09-19",Lived,385589.9281454665,0,26,10.25,29,0,48366.324324324334
0015700002F7YDSAA3,EMEA,EMEA UK,HOME & CONSUMER ELECTRONICS,2023-05-01,2023-06-01,Healthy,"2022-11-16, 2021-11-16",2024-11-15,Not started,232162.9332050508,0,18,7.75,11,0,45618.93901528805
0015700002F7YDSAA3,EMEA,EMEA UK,HOME & CONSUMER ELECTRONICS,2023-11-01,2023-11-01,Unhealthy,"2022-11-16, 2021-11-16",2024-11-15,Not started,232162.93320505074,0,21,6,11,0,45618.93901528805
001570000269atRAAQ,AMERICAS,AMERICAS West,"TRAVEL, LEISURE AND LOGISTICS",2023-11-01,2023-12-01,Healthy,2023-09-29,2025-09-28,,175000.00499999995,0,19,5.25,6,0,91127.83499999999
0012o00002tTy5hAAC,EMEA,EMEA Central,GOVERNMENT AND NON PROFIT,2023-02-01,2023-04-01,Unhealthy,2022-10-01,2025-09-30,Implemented,123289.41176470587,0,8,0.25,4,1,109279.2
00157000027d3HbAAI,EMEA,EMEA North,BFSI,2023-05-01,2023-05-01,Healthy,"2020-09-30, 2022-07-31, 2022-10-31","2023-09-29, 2023-09-30",Lived,309990.2584033614,0,30,12.2,20,0,44465.38487394958
00157000027d3HbAAI,EMEA,EMEA North,BFSI,2023-02-01,2023-04-01,Healthy,"2022-10-31, 2020-09-30, 2022-07-31","2023-09-30, 2023-09-29",Lived,309990.2584033614,0,37,7,20,0,44465.38487394958
00157000027d3HbAAI,EMEA,EMEA North,BFSI,2022-11-01,2023-01-01,Unhealthy,"2020-09-30, 2022-07-31, 2022-10-31","2023-09-29, 2023-09-30",Not started,309990.25840336137,0,21,6.5,16,0,44465.38487394958
00157000027d3HbAAI,EMEA,EMEA North,BFSI,2023-11-01,2023-11-01,Unhealthy,2023-09-30,2028-09-29,Lived,374815.8499113284,0,18,3,22,7,208290.93414109614
0012o00003DL8DFAA1,EMEA,EMEA North,COSMETICS,2023-11-01,2023-11-01,Healthy,"2022-04-29, 2023-07-01","2025-04-28, 2025-06-30",Lived,200462.8258,0,19,5.6,12,1,43600.096356020236
0012o00003DL8DFAA1,EMEA,EMEA North,COSMETICS,2023-11-01,2023-12-01,Healthy,"2022-04-29, 2023-07-01","2025-04-28, 2025-06-30",Partially implemented,200462.82576778496,0,19,4.25,12,2,43600.096356020236
00157000021SQ9xAAG,EMEA,EMEA UK,GENERAL RETAILER,2023-02-01,2023-03-01,Healthy,2021-06-30,2023-06-29,Implemented,301030.8615258037,0,37,15.4,23,0,53666.97531319136
0012o00002v59jOAAQ,AMERICAS,AMERICAS West,GENERAL RETAILER,2023-08-01,2023-09-01,Healthy,"2023-01-31, 2022-12-31","2024-01-30, 2023-12-30",,339000.11999999994,0,55,18.75,0,0,88490.51999999999
0012o00002v59jOAAQ,AMERICAS,AMERICAS West,GENERAL RETAILER,2022-11-01,2023-01-01,Healthy,"2022-12-31, 2023-01-31","2023-12-30, 2024-01-30",,255666.71999999997,239000.04,76,25.75,0,0,88490.52
0012o00002v59jOAAQ,AMERICAS,AMERICAS West,GENERAL RETAILER,2023-05-01,2023-07-01,Healthy,"2023-01-31, 2022-12-31","2024-01-30, 2023-12-30",,339000.11999999994,0,67,28,0,0,88490.51999999997
0012o00002v59jOAAQ,AMERICAS,AMERICAS West,GENERAL RETAILER,2023-11-01,2023-12-01,Unhealthy,"2022-12-31, 2023-01-31","2023-12-30, 2024-01-30",,339000.12,339000.12000000005,8,1,0,0,88490.51999999999
0015700001up0MiAAI,EMEA,EMEA UK,"TRAVEL, LEISURE AND LOGISTICS",2023-05-01,2023-07-01,Healthy,2021-12-31,2024-12-30,,127299.94144202695,0,20,9.75,9,0,30407.266012657637
001D0000010w8ETIAY,EMEA,EMEA France,GENERAL RETAILER,2023-05-01,2023-06-01,Healthy,"2022-09-01, 2021-12-28, 2021-09-30, 2023-03-15","2024-08-31, 2023-12-27, 2023-12-29, 2025-03-14",Implemented,161382.58039641316,305985.3778446694,134,37.75,81,1,111758.83039641319
001D0000010w8ETIAY,EMEA,EMEA France,GENERAL RETAILER,2023-02-01,2023-03-01,Healthy,"2021-09-30, 2021-05-31, 2022-09-01, 2019-11-15, 2021-12-28, 2023-03-15","2023-12-29, 2023-06-30, 2024-08-31, 2023-03-14, 2023-12-27, 2025-03-14",Implemented,498142.6375856165,32790.00298389027,123,36.4,77,1,123518.8375856166
001D0000010w8ETIAY,EMEA,EMEA France,GENERAL RETAILER,2023-11-01,2023-12-01,Healthy,"2021-12-28, 2021-09-30, 2023-07-01, 2023-03-15, 2022-09-01","2023-12-27, 2023-12-29, 2024-06-30, 2025-03-14, 2024-08-31",Implemented,444782.68351043493,0,89,17,93,2,111758.83039641319
00157000021SG5FAAW,EMEA,EMEA UK,GENERAL RETAILER,2023-08-01,2023-08-01,Healthy,2022-06-30,2024-06-29,Implemented,210810.8108108108,0,50,15,26,2,38513.554054054046
0015700001up0MiAAI,EMEA,EMEA UK,"TRAVEL, LEISURE AND LOGISTICS",2023-02-01,2023-03-01,Healthy,2021-12-31,2024-12-30,,127299.94144202699,0,16,7.4,5,0,30407.266012657637
0012o00002Iyj0SAAR,EMEA,EMEA UK,M&A,2023-11-01,2023-11-01,Unhealthy,2023-11-30,2026-12-29,,111697.31117967791,0,9,0,0,0,39762.39919982172
00157000023mB5AAAU,AMERICAS,AMERICAS West,GENERAL RETAILER,2023-05-01,2023-05-01,Unhealthy,2023-04-30,2025-06-29,,323076.9230769231,0,42,0,0,0,79803.24461538464
0015700002I8B9hAAF,AMERICAS,AMERICAS West,GENERAL RETAILER,2023-05-01,2023-05-01,Healthy,"2023-01-31, 2021-08-01, 2022-07-31","2024-07-30, 2023-07-31, 2023-07-30",Not started,159551.99999999997,119100,13,1.6,3,0,27492
00157000026Yg1OAAS,AMERICAS,AMERICAS East,GENERAL RETAILER,2023-02-01,2023-04-01,Healthy,2023-01-31,2024-01-30,Not started,250000.08,0,62,19.25,0,0,77666.63999999998
00157000026Yg1OAAS,AMERICAS,AMERICAS East,GENERAL RETAILER,2023-08-01,2023-09-01,Healthy,2023-01-31,2024-01-30,Not started,250000.08000000002,0,31,10.25,0,0,77666.63999999998
001D000001WUTfTIAX,EMEA,EMEA France,"TRAVEL, LEISURE AND LOGISTICS",2023-11-01,2023-11-01,Healthy,"2022-01-01, 2023-01-31, 2022-11-15","2023-12-31, 2023-12-30, 2023-11-14",Implemented,402774.8356617647,0,58,17,12,2,145468.7063
0017T000008TTyVQAW,EMEA,EMEA France,GOVERNMENT AND NON PROFIT,2023-11-01,2023-11-01,Unhealthy,2023-07-31,2024-07-30,,98704.44752793397,0,6,3,6,0,25082.55116733575
0012o00002zLycwAAC,EMEA,EMEA France,GOVERNMENT AND NON PROFIT,2023-11-01,2023-11-01,Unhealthy,2023-09-01,2024-08-31,Implemented,179741.6917457553,0,21,4.4,7,0,65595.88677513623
0012o00002zLycwAAC,EMEA,EMEA France,GOVERNMENT AND NON PROFIT,2023-05-01,2023-07-01,Healthy,2022-07-31,2023-08-30,Implemented,152967.74660633484,0,14,4,6,0,49400.73122171946
001D000000qxlh0IAA,EMEA,EMEA France,TELCO,2023-02-01,2023-02-01,Healthy,"2023-01-01, 2022-03-01, 2022-02-01, 2021-07-02","2023-03-31, 2024-02-29, 2024-03-31, 2024-01-31, 2023-04-01",Implemented,408078.4408114364,161353.04668312726,49,12.75,47,0,117793.41176470587
0012o00002JMHjVAAX,EMEA,EMEA North,FOOD & BEVERAGES,2023-05-01,2023-06-01,Healthy,2022-12-31,2026-12-30,,142970.7176470588,0,16,6.75,11,0,47800.023529411774
001D000000qyDA7IAM,EMEA,EMEA France,M&A,2023-11-01,2023-11-01,Unhealthy,"2022-07-31, 2023-11-01","2024-09-30, 2026-10-31",Lived,349241.9257266959,0,5,3,5,1,68414.38756702139
001D000000wpXSdIAM,EMEA,EMEA France,GENERAL RETAILER,2023-08-01,2023-08-01,Unhealthy,2021-06-30,2024-10-29,Implemented,393750.06,0,13,3,22,10,182812.53
001D000001aT1cnIAC,EMEA,EMEA France,M&A,2023-02-01,2023-03-01,Unhealthy,"2022-10-31, 2023-01-31",2025-12-30,,305786.4859796552,0,24,7.6,1,0,30936.927731092437
0012o00002MZCPgAAP,EMEA,EMEA North,GENERAL RETAILER,2023-02-01,2023-04-01,Unhealthy,2022-10-31,2025-12-30,Partially lived,312074.25882352947,0,13,7.75,0,0,104027.20495356037
0012o00002MZCPgAAP,EMEA,EMEA North,GENERAL RETAILER,2023-05-01,2023-07-01,Healthy,2022-10-31,2025-12-30,Partially lived,312074.2588235294,0,22,7,0,0,104027.20495356037
0015700002Is4W7AAJ,EMEA,EMEA France,"HARD,SOFT & SERVICES",2023-08-01,2023-09-01,Unhealthy,2023-07-31,2025-08-30,Started,219744.05137825082,0,5,0,0,0,107122.42337570891
001D000000wpXSdIAM,EMEA,EMEA France,GENERAL RETAILER,2023-02-01,2023-03-01,Unhealthy,2021-06-30,2024-10-29,Implemented,393750.06,0,21,8.4,21,10,182812.53
0015700002BjSttAAF,EMEA,EMEA North,GENERAL RETAILER,2023-02-01,2023-04-01,Healthy,"2020-12-31, 2021-05-05, 2021-12-31","2023-12-30, 2024-01-04",Implemented,242459.1391394584,0,39,14.5,23,2,52500.05
0015700002E7ACoAAN,AMERICAS,AMERICAS West,GENERAL RETAILER,2023-11-01,2023-11-01,Healthy,"2022-10-18, 2023-09-18, 2022-12-30","2026-01-17, 2025-12-29",Implemented,461018.7692307693,0,59,25.6,14,0,60556.20923076924
0015700002E7ACoAAN,AMERICAS,AMERICAS West,GENERAL RETAILER,2023-08-01,2023-08-01,Healthy,"2022-10-18, 2022-12-30","2026-01-17, 2025-12-29",Lived,461018.7692307693,0,68,23.2,13,0,60556.20923076924
0015700002E7ACoAAN,AMERICAS,AMERICAS West,GENERAL RETAILER,2023-02-01,2023-03-01,Healthy,"2022-12-30, 2022-10-18","2025-12-29, 2026-01-17",Lived,461018.7692307692,0,58,18.6,10,0,60556.20923076924
0017T00000VXyeFQAT,AMERICAS,AMERICAS West,FASHION,2023-08-01,2023-10-01,Unhealthy,"2023-08-07, 2023-01-31","2025-02-06, 2025-01-30",,72503.40000000001,0,0,0,0,0,32890.68
00157000024ZCqeAAG,AMERICAS,AMERICAS West,GENERAL RETAILER,2023-08-01,2023-10-01,Unhealthy,2023-07-14,2025-07-13,Lived,1455070.72,0,49,15.75,7,0,218806.225
00157000024ZCqeAAG,AMERICAS,AMERICAS West,GENERAL RETAILER,2023-05-01,2023-07-01,Unhealthy,2023-07-14,2025-07-13,Not started,1455070.7200000004,0,7,3.333333,0,0,218806.22499999998
00157000024ZCqeAAG,AMERICAS,AMERICAS West,GENERAL RETAILER,2023-08-01,2023-09-01,Unhealthy,2023-07-14,2025-07-13,Not started,1455070.72,0,49,10.25,1,0,218806.225
00157000026BvjVAAS,EMEA,EMEA UK,FOOD & BEVERAGES,2023-05-01,2023-05-01,Healthy,"2021-12-18, 2023-01-15","2024-01-17, 2024-01-14",Lived,215230.27285320964,0,26,7.6,17,4,32643.243243243243
0012o00002KBNpiAAH,EMEA,EMEA UK,AUTO,2023-11-01,2023-12-01,Healthy,"2021-03-31, 2023-07-27, 2022-10-31","2024-03-30, 2024-03-26, 2026-03-26, 2024-06-26",Lived,203029.68780358453,0,19,4.25,11,0,35657.38359760355
0012o00002JL7ziAAD,EMEA,EMEA UK,"TRAVEL, LEISURE AND LOGISTICS",2022-11-01,2023-01-01,Healthy,"2021-12-23, 2022-09-06","2025-08-22, 2025-09-05",,199748.75675675672,0,36,15,23,1,95080.54054054055
0012o00002JL7ziAAD,EMEA,EMEA UK,"TRAVEL, LEISURE AND LOGISTICS",2023-08-01,2023-09-01,Healthy,"2021-12-23, 2022-09-06","2025-08-22, 2025-09-05",,199748.75675675675,0,38,8.5,24,1,95080.54054054055
0012o00002JL7ziAAD,EMEA,EMEA UK,"TRAVEL, LEISURE AND LOGISTICS",2023-05-01,2023-06-01,Healthy,"2021-12-23, 2022-09-06","2025-08-22, 2025-09-05",,199748.75675675677,0,42,7,24,1,95080.54054054055
00157000027AbEzAAK,EMEA,EMEA UK,GENERAL RETAILER,2023-05-01,2023-05-01,Healthy,"2023-02-17, 2021-12-31","2023-11-16, 2023-12-30",Lived,1653604.3698600305,0,173,43,249,1,131325.2995903622
0012o00002LyrseAAB,EMEA,EMEA UK,FASHION,2023-05-01,2023-05-01,Healthy,2021-03-31,2024-03-30,,185612.21221838237,0,15,5.2,13,0,34303.98422016726
0012o00002ouGAEAA2,EMEA,EMEA South,AUTO,2023-08-01,2023-09-01,Healthy,2023-07-31,2024-07-30,,117720.28632126012,0,12,4.75,5,0,58034.14099
0012o00002ouGAEAA2,EMEA,EMEA South,AUTO,2023-05-01,2023-07-01,Unhealthy,2023-07-31,2024-07-30,,117720.28632126012,0,0,0,0,0,58034.14098716961
0015700002H23k1AAB,EMEA,EMEA South,BFSI,2022-11-01,2023-01-01,Healthy,2021-07-08,2023-07-07,Implemented,131875,0,22,5.25,18,6,56875
0012o00002aVlq0AAC,EMEA,EMEA South,BFSI,2023-08-01,2023-10-01,Healthy,"2022-04-29, 2022-10-01","2024-04-28, 2024-12-31",Implemented,66666.66666666664,0,6,2.25,8,2,31372.549019607843
0015700002H23k1AAB,EMEA,EMEA South,BFSI,2023-05-01,2023-05-01,Healthy,2021-07-08,2023-07-07,Implemented,131875,104928.00954844887,21,7.4,15,7,56875
0015700001wVJYBAA4,EMEA,EMEA France,FOOD & BEVERAGES,2023-08-01,2023-08-01,Healthy,"2023-06-30, 2021-01-01, 2023-03-15, 2021-02-01","2024-01-29, 2023-12-31, 2024-01-14, 2024-01-31",Implemented,313525.39372845157,0,27,8.4,2,0,67511.99182
0015700001wVJYBAA4,EMEA,EMEA France,FOOD & BEVERAGES,2023-05-01,2023-07-01,Healthy,"2023-03-15, 2023-06-30, 2021-02-01, 2021-01-01","2024-01-14, 2024-01-29, 2024-01-31, 2023-12-31",Implemented,313525.39372845157,0,41,9.5,1,0,67511.99182
0015700001wVJYBAA4,EMEA,EMEA France,FOOD & BEVERAGES,2023-08-01,2023-10-01,Healthy,"2023-06-30, 2021-02-01, 2021-01-01, 2023-03-15","2024-01-29, 2024-01-31, 2023-12-31, 2024-01-14",Implemented,313525.39372845157,0,27,7,11,7,67511.99182
001D000000sWJ8GIAW,EMEA,EMEA France,FOOD & BEVERAGES,2023-02-01,2023-04-01,Healthy,"2022-04-30, 2021-06-30",2023-06-29,Partially implemented,582990,0,17,5.75,28,0,96701.99999999999
00157000027BFRhAAO,AMERICAS,AMERICAS West,GENERAL RETAILER,2023-08-01,2023-09-01,Unhealthy,2021-11-15,2024-02-14,Implemented,308222.28,0,7,1.25,4,1,124500
00157000027BFRhAAO,AMERICAS,AMERICAS West,GENERAL RETAILER,2023-11-01,2023-11-01,Unhealthy,2021-11-15,2024-02-14,Implemented,308222.28,0,12,2,4,1,124500
00157000025k4IKAAY,AMERICAS,AMERICAS East,BFSI,2023-05-01,2023-07-01,Unhealthy,2022-12-31,2023-12-30,,304311.4000000001,0,25,6.5,4,0,0.12
0012o00002grCmNAAU,EMEA,EMEA France,"TRAVEL, LEISURE AND LOGISTICS",2023-08-01,2023-10-01,Unhealthy,2023-06-30,2026-06-29,,474150.09957152075,0,7,5.25,6,0,47479.101970611424
0012o00002qridqAAA,EMEA,EMEA South,FASHION,2023-08-01,2023-10-01,Unhealthy,2022-04-01,2025-04-30,Lived,123510.27281399048,0,4,1.25,1,0,36905.711923688395
0012o00002qridqAAA,EMEA,EMEA South,FASHION,2023-02-01,2023-03-01,Unhealthy,2022-04-01,2025-04-30,Lived,123510.27281399051,0,5,2.6,1,0,36905.71192368839
0012o00002qridqAAA,EMEA,EMEA South,FASHION,2023-05-01,2023-05-01,Unhealthy,2022-04-01,2025-04-30,Lived,123510.27281399045,0,6,2.6,1,0,36905.71192
0012o00002qridqAAA,EMEA,EMEA South,FASHION,2023-11-01,2023-11-01,Unhealthy,2022-04-01,2025-04-30,Lived,123510.27281399045,0,4,2.2,2,0,36905.71192
001570000268telAAA,EMEA,EMEA UK,FOOD & BEVERAGES,2023-11-01,2023-11-01,Unhealthy,"2023-07-31, 2022-07-31",2024-07-30,Lived,338318.9599999999,0,0,0,0,0,61212.71675675675
001570000268telAAA,EMEA,EMEA UK,FOOD & BEVERAGES,2023-02-01,2023-04-01,Unhealthy,2022-07-31,2024-07-30,Lived,334319,0,0,0,0,0,57212.75675675676
001D0000017K5AYIA0,EMEA,EMEA UK,GENERAL RETAILER,2023-05-01,2023-07-01,Unhealthy,2021-12-31,2023-08-30,Partially implemented,1109616.8218162623,0,75,26.25,50,9,369208.8509639287
0012o00002X91MoAAJ,EMEA,EMEA UK,FASHION,2023-08-01,2023-10-01,Healthy,2022-07-31,2025-07-30,Partially lived,395270.27027027024,0,92,41,63,0,43289.51351351351
0015700002GUfcUAAT,EMEA,EMEA UK,TELCO,2023-02-01,2023-03-01,Unhealthy,2021-07-31,2024-07-30,,230067.36000000002,0,15,5.6,6,0,135040.2
0015700002GUfcUAAT,EMEA,EMEA UK,TELCO,2023-02-01,2023-04-01,Unhealthy,2021-07-31,2024-07-30,,230067.36000000002,0,15,4.75,7,0,135040.2
00157000028ZufSAAS,EMEA,EMEA South,GENERAL RETAILER,2023-08-01,2023-10-01,Unhealthy,"2023-04-30, 2022-09-30, 2023-10-31","2024-09-29, 2026-12-30",,318868.4918,0,9,5.5,10,0,7111.879746126327
0015700001unVFDAA2,EMEA,EMEA UK,GENERAL RETAILER,2023-05-01,2023-05-01,Healthy,2022-07-31,2024-07-30,Lived,507770.2432432432,0,225,76.6,142,0,86998.70270270269
0015700001unVFDAA2,EMEA,EMEA UK,GENERAL RETAILER,2023-02-01,2023-03-01,Healthy,2022-07-31,2024-07-30,Lived,507770.2432432431,0,229,82,128,0,86998.70270270269
0012o00002kAhaNAAS,EMEA,EMEA North,GENERAL RETAILER,2023-02-01,2023-04-01,Unhealthy,"2021-12-31, 2023-02-06","2024-12-30, 2025-01-05",Implemented,146581.7509156002,0,6,2,13,2,35892.23
0017T00000AjokmQAB,EMEA,EMEA MENAT,FASHION,2023-05-01,2023-07-01,Healthy,2023-01-31,2026-02-28,Lived,95455.65405405406,0,6,3,2,0,45290.52972972972
0017T00000AjokmQAB,EMEA,EMEA MENAT,FASHION,2023-05-01,2023-05-01,Healthy,2023-01-31,2026-02-28,Lived,95455.65405405404,0,6,2.4,2,0,45290.52972972973
0017T00000AjokmQAB,EMEA,EMEA MENAT,FASHION,2023-05-01,2023-06-01,Healthy,2023-01-31,2026-02-28,Lived,95455.65405405404,0,6,2.75,2,0,45290.52972972973
0015700002GV9JeAAL,EMEA,EMEA UK,M&A,2022-11-01,2023-01-01,Unhealthy,2022-05-14,2023-05-13,Implemented,32432.43243243243,0,1,0.25,1,0,16216.216216216215
0015700002GV9JeAAL,EMEA,EMEA UK,M&A,2023-08-01,2023-09-01,Unhealthy,2023-05-14,2024-05-13,Implemented,29520.004723200756,0,3,1.25,1,0,14760.002361600378
0012o00002mCxkjAAC,EMEA,EMEA UK,LUXURY,2023-08-01,2023-09-01,Unhealthy,"2021-09-30, 2022-10-01","2023-12-29, 2023-10-31",,130837.34630414852,0,7,3.25,3,0,40977.130977130975
0012o00002mCxkjAAC,EMEA,EMEA UK,LUXURY,2023-08-01,2023-10-01,Unhealthy,"2021-09-30, 2022-10-01","2023-12-29, 2023-10-31",,130837.34630414851,0,7,1.75,3,0,40977.13097713098
00157000024ZopdAAC,EMEA,EMEA Central,HOME & CONSUMER ELECTRONICS,2023-02-01,2023-03-01,Healthy,2022-02-10,2024-02-09,,335620,0,34,12.8,17,4,71875
00157000024ZopdAAC,EMEA,EMEA Central,HOME & CONSUMER ELECTRONICS,2023-02-01,2023-02-01,Healthy,2022-02-10,2024-02-09,,335620,0,34,11.5,15,4,71875
00157000024ZopdAAC,EMEA,EMEA Central,HOME & CONSUMER ELECTRONICS,2023-11-01,2023-12-01,Unhealthy,"2023-06-10, 2022-02-10",2024-02-09,,335620,0,18,1,20,3,71875
00157000024ZopdAAC,EMEA,EMEA Central,HOME & CONSUMER ELECTRONICS,2023-11-01,2023-11-01,Unhealthy,"2022-02-10, 2023-06-10",2024-02-09,,335620,0,18,4.2,20,3,71875
0015700001xOIhgAAG,EMEA,EMEA Central,FASHION,2023-02-01,2023-03-01,Healthy,"2023-01-31, 2020-09-01","2026-08-30, 2023-08-31",Lived,189816.4651707578,0,50,21.4,38,0,42415.32804377565
0015700001xOIhgAAG,EMEA,EMEA Central,FASHION,2023-08-01,2023-08-01,Healthy,"2023-01-31, 2020-09-01","2026-08-30, 2023-08-31",Lived,189816.46517075785,137171.46876260368,32,12.4,37,6,42415.32804377565
00157000024459pAAA,AMERICAS,AMERICAS East,BFSI,2023-05-01,2023-05-01,Healthy,"2022-12-10, 2022-12-31, 2023-04-30","2024-01-09, 2023-12-30, 2023-12-29",Implemented,850485.2492307695,0,168,42.8,54,0,151788
00157000020YJoDAAW,AMERICAS,AMERICAS East,BFSI,2023-05-01,2023-06-01,Healthy,2022-12-31,2023-12-30,,380990.04,0,137,23.25,5,0,16384.32
001D0000017K5CMIA0,EMEA,EMEA France,LUXURY,2023-05-01,2023-05-01,Healthy,"2023-04-01, 2022-07-01, 2022-11-04, 2023-05-01, 2023-01-01, 2022-10-31","2025-06-30, 2025-07-03",,2315225.017135227,0,18,5,20,2,121704.14117647058
0017T00000VYEV4QAP,EMEA,EMEA France,BFSI,2023-08-01,2023-10-01,Healthy,2023-01-31,2025-03-30,Started,110334.8850678733,0,13,3.25,9,0,72837.15475113121
0017T00000VYEV4QAP,EMEA,EMEA France,BFSI,2023-08-01,2023-09-01,Healthy,2023-01-31,2025-03-30,Started,110334.88506787329,0,13,4,8,0,72837.15475113122
001D0000017K5CQIA0,EMEA,EMEA France,COSMETICS,2023-08-01,2023-10-01,Healthy,"2023-09-30, 2023-07-31","2024-09-29, 2024-09-30",Started,201914.82831639968,157719.91435251222,17,10,8,0,35035.74967179314
0015700002H23k1AAB,EMEA,EMEA South,BFSI,2023-11-01,2023-11-01,Healthy,2023-07-08,2025-07-07,Implemented,93195.01957,0,29,7.2,15,7,27795.136636978692
0015700001rxLCeAAM,EMEA,EMEA UK,FASHION,2023-05-01,2023-06-01,Healthy,2021-06-01,2023-06-30,Lived,324984.69050704245,303437.56886404974,59,17,77,1,105249.98358500756
0015700001xOIhgAAG,EMEA,EMEA Central,FASHION,2023-11-01,2023-11-01,Healthy,"2023-09-01, 2023-01-31","2026-08-31, 2026-08-30",Lived,143956.5045143639,0,43,12.4,37,6,42415.32804377565
001570000268telAAA,EMEA,EMEA UK,FOOD & BEVERAGES,2023-08-01,2023-09-01,Unhealthy,"2022-07-31, 2023-07-31",2024-07-30,Lived,338318.95999999996,0,0,0,0,0,61212.71675675675
0012o00002qrYhYAAU,EMEA,EMEA UK,BFSI,2023-08-01,2023-10-01,Healthy,"2022-12-31, 2023-04-05","2024-12-30, 2025-01-04",Not started,216165.08725953833,0,30,8.25,23,0,44870.270270270266
0015700001u7XmsAAE,EMEA,EMEA UK,GENERAL RETAILER,2023-08-01,2023-09-01,Healthy,2023-04-25,2026-04-24,Implemented,162384.52758152448,0,21,8.25,8,1,0
0015700001u7XmsAAE,EMEA,EMEA UK,GENERAL RETAILER,2023-11-01,2023-12-01,Healthy,2023-04-25,2026-04-24,Implemented,162384.52758152442,0,21,6.5,7,1,0
0015700002IAeheAAD,AMERICAS,AMERICAS West,TELCO,2023-05-01,2023-07-01,Healthy,2023-05-01,2024-04-30,Not started,451688.04,0,97,27.5,0,0,88926.12
00157000024Y9JYAA0,AMERICAS,AMERICAS West,"TRAVEL, LEISURE AND LOGISTICS",2023-05-01,2023-07-01,Unhealthy,2021-12-30,2024-12-29,Implemented,145000.08,0,9,1.5,6,1,115750.08
00157000024Y9JYAA0,AMERICAS,AMERICAS West,"TRAVEL, LEISURE AND LOGISTICS",2023-08-01,2023-08-01,Unhealthy,2021-12-30,2024-12-29,Implemented,145000.08000000002,0,3,0.4,6,1,115750.08
00157000024Y9JYAA0,AMERICAS,AMERICAS West,"TRAVEL, LEISURE AND LOGISTICS",2023-05-01,2023-05-01,Unhealthy,2021-12-30,2024-12-29,Implemented,145000.08,0,9,0.2,4,0,115750.08
001D000001WUxyEIAT,EMEA,EMEA France,"TRAVEL, LEISURE AND LOGISTICS",2023-08-01,2023-09-01,Healthy,2023-06-01,2026-05-31,Partially implemented,261604.5021369455,0,37,11,23,0,59614.33611901058
001D000001WUxyEIAT,EMEA,EMEA France,"TRAVEL, LEISURE AND LOGISTICS",2023-05-01,2023-07-01,Healthy,2023-06-01,2026-05-31,Partially implemented,261604.5021369455,218604.39189299967,39,9.75,22,0,59614.33611901058
001D000000yodtjIAA,EMEA,EMEA France,AUTO,2023-11-01,2023-11-01,Healthy,"2023-03-24, 2021-12-31, 2021-09-24, 2023-06-25, 2023-03-25, 2023-02-25, 2022-03-25","2024-03-24, 2023-12-30, 2024-09-23, 2025-03-24",Lived,725723.7558295394,65886.00228,90,30.2,64,8,75349.95000000001
001D000000yodtjIAA,EMEA,EMEA France,AUTO,2023-02-01,2023-02-01,Healthy,"2021-12-31, 2022-03-25, 2021-09-24, 2023-02-25","2023-12-30, 2025-03-24, 2024-09-23",Lived,514137.0646451342,0,62,20.75,29,5,75349.95000000001
0012o00002v2AfXAAU,APJ,APJ ASIA,GENERAL RETAILER,2023-11-01,2023-11-01,Unhealthy,2023-10-30,2024-10-29,,82229.95999999999,0,9,0,0,0,46147.42
0012o00002iPpBpAAK,AMERICAS,AMERICAS East,GENERAL RETAILER,2023-02-01,2023-03-01,Unhealthy,"2023-03-01, 2022-06-30","2024-06-30, 2024-06-29",Implemented,105000,0,4,0.6,0,0,15000
0012o00002iPpBpAAK,AMERICAS,AMERICAS East,GENERAL RETAILER,2023-11-01,2023-12-01,Unhealthy,"2023-03-01, 2022-06-30","2024-06-30, 2024-06-29",Implemented,105000,0,0,0,0,0,15000
0015700002Hw86bAAB,AMERICAS,AMERICAS East,"HARD,SOFT & SERVICES",2023-11-01,2023-11-01,Unhealthy,2023-06-30,2024-06-29,Partially implemented,198000.00000000003,0,9,2.2,2,0,60648.71999999999
0015700002Hw86bAAB,AMERICAS,AMERICAS East,"HARD,SOFT & SERVICES",2023-05-01,2023-06-01,Unhealthy,"2022-06-30, 2023-06-30","2023-06-29, 2024-06-29",Lived,237600,198000,10,2,1,0,72778.46399999999
0015700002Hw86bAAB,AMERICAS,AMERICAS East,"HARD,SOFT & SERVICES",2023-05-01,2023-05-01,Unhealthy,2022-06-30,2023-06-29,Lived,197999.99999999997,198000,10,2.2,2,0,60648.719999999994
00157000026AfPpAAK,EMEA,EMEA UK,BFSI,2023-08-01,2023-08-01,Healthy,2022-03-30,2025-03-29,,351166.56,0,27,9.6,17,0,0
0015700002G4DQ9AAN,EMEA,EMEA UK,BFSI,2023-11-01,2023-11-01,Unhealthy,"2022-12-31, 2022-12-01","2024-12-30, 2024-12-31",Partially lived,309945.89837837836,0,32,7.2,33,1,44761.62162162162
0015700002G4DQ9AAN,EMEA,EMEA UK,BFSI,2023-02-01,2023-04-01,Healthy,"2022-12-31, 2022-12-01","2024-12-30, 2024-12-31",Partially lived,309945.89837837836,0,53,10.25,28,0,44761.62162162162
0015700002H40CQAAZ,EMEA,EMEA UK,FASHION,2023-11-01,2023-12-01,Healthy,2021-12-19,2024-12-18,Partially implemented,463697,0,13,0.5,15,0,51846.96
0015700002H40CQAAZ,EMEA,EMEA UK,FASHION,2023-05-01,2023-07-01,Healthy,2021-12-19,2024-12-18,Partially implemented,463697,0,17,5,14,0,51846.96
0015700002H40CQAAZ,EMEA,EMEA UK,FASHION,2023-02-01,2023-03-01,Healthy,2021-12-19,2024-12-18,Lived,463697,0,15,2.8,9,0,51846.96
0015700001rWZQfAAO,EMEA,EMEA France,FOOD & BEVERAGES,2023-11-01,2023-12-01,Unhealthy,2021-11-09,2024-01-08,Implemented,152307.69230769228,144276.0131291172,3,1,0,0,76153.84615384616
0015700001rWZQfAAO,EMEA,EMEA France,FOOD & BEVERAGES,2023-08-01,2023-10-01,Unhealthy,2021-11-09,2024-01-08,Implemented,152307.69230769228,0,5,1,0,0,76153.84615384614
001D000000via0TIAQ,EMEA,EMEA France,FOOD & BEVERAGES,2023-11-01,2023-12-01,Healthy,2023-04-01,2026-03-31,Started,174836.03671556772,0,35,11.5,20,0,57116.01199436252
001D000000via0TIAQ,EMEA,EMEA France,FOOD & BEVERAGES,2023-08-01,2023-10-01,Healthy,2023-04-01,2026-03-31,Started,174836.03671556778,0,43,15.75,20,0,57116.01199436252
0012o00002iOquwAAC,APJ,APJ ASIA,TELCO,2023-02-01,2023-03-01,Unhealthy,2022-07-29,2024-10-28,,155556.05333333332,0,0,0,0,0,88356.26666666669
001D000001WUTFSIA5,EMEA,EMEA France,BFSI,2023-08-01,2023-08-01,Unhealthy,"2023-06-30, 2023-04-30",2024-06-29,Implemented,73341.44397,0,6,0.8,3,4,73341.44397
001D000001WUTFSIA5,EMEA,EMEA France,BFSI,2023-05-01,2023-06-01,Healthy,"2021-06-30, 2023-04-30, 2023-06-30","2023-06-29, 2024-06-29",Implemented,105338.43271124942,67219.50611697506,10,2.75,3,4,105338.43271124942
001D00000180LhwIAE,EMEA,EMEA France,BFSI,2023-05-01,2023-06-01,Unhealthy,"2021-06-30, 2023-06-30","2023-06-29, 2025-06-29",Partially implemented,133611.6339686445,94590.51297773668,8,3.5,3,2,49557.572822302165
001D000000ymwlWIAQ,EMEA,EMEA France,BFSI,2023-02-01,2023-04-01,Healthy,"2022-04-01, 2023-03-20, 2022-09-01","2024-08-31, 2024-12-19, 2024-12-31",,163435.3411764706,0,25,8.25,9,0,63529.41176470589
001D000001es1s2IAA,EMEA,EMEA France,BFSI,2023-08-01,2023-09-01,Unhealthy,2022-01-01,2023-12-31,Implemented,219159,0,15,5.25,9,1,84135
00157000026AfPpAAK,EMEA,EMEA UK,BFSI,2023-05-01,2023-07-01,Unhealthy,2022-03-30,2025-03-29,,351166.56,0,26,7.5,14,0,0
0015700002By5jRAAR,EMEA,EMEA UK,BFSI,2023-08-01,2023-10-01,Healthy,"2022-12-31, 2023-08-31",2025-12-30,Partially implemented,280961.9316,0,28,8.25,10,1,138794.3640449534
001D00000180LhwIAE,EMEA,EMEA France,BFSI,2023-08-01,2023-09-01,Unhealthy,2023-06-30,2025-06-29,Partially implemented,95920.10734322254,0,8,1.75,4,2,38150.05161151084
001D000000ymwlWIAQ,EMEA,EMEA France,BFSI,2023-08-01,2023-08-01,Healthy,"2022-04-01, 2022-09-01, 2023-03-20","2024-08-31, 2024-12-31, 2024-12-19",,163435.34117647063,0,32,5.4,10,0,63529.41176470589
0015700002EVdsdAAD,AMERICAS,AMERICAS East,TELCO,2023-08-01,2023-09-01,Unhealthy,2023-08-31,2026-08-30,Partially implemented,739799.9999999999,805777.02,49,13,1,0,105744.36000000002
0015700002E7BRCAA3,AMERICAS,AMERICAS East,FOOD & BEVERAGES,2023-05-01,2023-05-01,Unhealthy,2021-03-05,2024-05-04,Implemented,250526.34105263156,0,12,4.2,0,0,90894.73684210525
00157000028bRaFAAU,AMERICAS,AMERICAS East,GENERAL RETAILER,2023-11-01,2023-12-01,Unhealthy,"2022-10-31, 2023-01-31",2025-01-30,Implemented,788333.4133333333,0,50,12.25,4,0,133333.33333333334
00157000028bRaFAAU,AMERICAS,AMERICAS East,GENERAL RETAILER,2023-05-01,2023-07-01,Unhealthy,"2022-10-31, 2023-01-31",2025-01-30,Implemented,788333.4133333334,0,60,14.25,4,0,133333.33333333337
00157000020YJoPAAW,AMERICAS,AMERICAS East,BFSI,2023-11-01,2023-12-01,Healthy,"2023-03-31, 2023-05-31",2026-03-30,Started,351000,0,79,17.5,7,0,54000
00157000020YJoPAAW,AMERICAS,AMERICAS East,BFSI,2023-05-01,2023-06-01,Healthy,"2023-03-31, 2023-05-31",2026-03-30,,351000,0,89,29.25,6,0,54000
00157000026YVpNAAW,AMERICAS,AMERICAS East,"TRAVEL, LEISURE AND LOGISTICS",2023-11-01,2023-11-01,Healthy,2023-01-31,2025-01-30,,242499.99999999994,0,26,8.6,6,0,76233.95999999999
0012o00002rewJIAAY,AMERICAS,AMERICAS West,"HARD,SOFT & SERVICES",2023-05-01,2023-06-01,Unhealthy,2023-03-31,2024-03-30,Implemented,100800,0,8,2,0,0,44400
0012o00002rewJIAAY,AMERICAS,AMERICAS West,"HARD,SOFT & SERVICES",2023-08-01,2023-10-01,Unhealthy,2023-03-31,2024-03-30,Implemented,100800,0,11,2.25,0,0,44400
0015700002E7BRCAA3,AMERICAS,AMERICAS East,FOOD & BEVERAGES,2023-11-01,2023-12-01,Unhealthy,2021-03-05,2024-05-04,Implemented,250526.34105263156,0,8,1.5,0,0,90894.73684210525
001D000001j28lUIAQ,EMEA,EMEA France,"HARD,SOFT & SERVICES",2023-02-01,2023-02-01,Healthy,"2022-12-01, 2022-02-28","2023-11-30, 2023-02-27",,181329.0352941176,4513.871810762335,38,13.25,26,1,119783.8588235294
001D000001LgtF0IAJ,EMEA,EMEA France,"ENERGY, UTILITIES & RESOURCES",2023-11-01,2023-11-01,Unhealthy,2022-12-14,2023-12-13,Implemented,379882.4470588236,352929.81955661357,15,3.8,2,0,154682.40000000002
001D000000vhmaWIAQ,EMEA,EMEA France,"ENERGY, UTILITIES & RESOURCES",2023-11-01,2023-11-01,Healthy,2023-01-01,2024-12-31,Lived,176470.58823529413,0,32,9.6,18,5,70588.23529411765
0012o00002sXA4zAAG,APJ,APJ ASIA,GOVERNMENT AND NON PROFIT,2023-05-01,2023-05-01,Unhealthy,"2021-12-31, 2023-01-10","2026-02-28, 2026-03-09",Lived,72422.28,0,2,0,0,0,31795.199999999993
0012o00002sXA4zAAG,APJ,APJ ASIA,GOVERNMENT AND NON PROFIT,2023-05-01,2023-06-01,Unhealthy,"2021-12-31, 2023-01-10","2026-02-28, 2026-03-09",Lived,72422.28,0,2,0.5,0,0,31795.199999999993
0017T00000547ZjQAI,APJ,APJ ANZ,GENERAL RETAILER,2023-08-01,2023-08-01,Healthy,"2023-07-29, 2023-02-20","2025-07-28, 2024-02-19",Implemented,79896,0,19,8.2,11,0,20141.52
0012o00002sYNE9AAO,APJ,APJ ASIA,FOOD & BEVERAGES,2023-05-01,2023-06-01,Healthy,2021-12-20,2023-12-19,Lived,100802.27999999998,0,42,5,0,0,54024.83999999999
0012o00002sYNE9AAO,APJ,APJ ASIA,FOOD & BEVERAGES,2023-08-01,2023-09-01,Healthy,2021-12-20,2023-12-19,Implemented,100802.27999999998,0,26,3.75,0,0,54024.83999999999
0012o000032YTQ1AAO,EMEA,EMEA MENAT,TELCO,2023-02-01,2023-03-01,Unhealthy,2022-10-31,2023-11-30,,223617.12000000002,0,3,0.6,1,0,120062.76923076922
00157000024Y5L7AAK,APJ,APJ ANZ,TELCO,2023-02-01,2023-03-01,Healthy,2021-12-16,2023-12-15,Not started,289988,0,108,19.2,16,0,144000
00157000024Y5L7AAK,APJ,APJ ANZ,TELCO,2023-08-01,2023-09-01,Healthy,2021-12-16,2023-12-15,Not started,289988,0,69,15.25,17,0,144000
00157000024Y5L7AAK,APJ,APJ ANZ,TELCO,2023-08-01,2023-08-01,Healthy,2021-12-16,2023-12-15,Not started,289988,0,69,20,17,0,144000
0017T000007TUSwQAO,EMEA,EMEA France,FOOD & BEVERAGES,2023-02-01,2023-04-01,Unhealthy,2022-03-31,2025-03-30,Not started,200592.56470588234,0,4,1.5,2,0,60313.69411764707
0017T000007TUSwQAO,EMEA,EMEA France,FOOD & BEVERAGES,2023-02-01,2023-02-01,Unhealthy,2022-03-31,2025-03-30,Not started,200592.56470588234,0,4,0.75,2,0,60313.69411764707
0017T000007TUSwQAO,EMEA,EMEA France,FOOD & BEVERAGES,2023-08-01,2023-09-01,Unhealthy,2022-03-31,2025-03-30,Lived,200592.56470588237,0,1,0.5,2,0,60313.69411764707
001D000000xmYGOIA2,EMEA,EMEA France,"TRAVEL, LEISURE AND LOGISTICS",2023-11-01,2023-11-01,Unhealthy,2022-10-31,2024-10-30,Partially implemented,469058.82352941175,0,0,0,0,0,87292.09411764707
001D000000xmYGOIA2,EMEA,EMEA France,"TRAVEL, LEISURE AND LOGISTICS",2023-08-01,2023-08-01,Unhealthy,"2022-10-31, 2022-09-01","2024-10-30, 2023-08-31",Partially implemented,556682.3529411765,81406.64740800492,0,0,0,0,87292.09411764707
001D000000xmYGOIA2,EMEA,EMEA France,"TRAVEL, LEISURE AND LOGISTICS",2023-02-01,2023-04-01,Unhealthy,"2022-10-31, 2022-09-01","2024-10-30, 2023-08-31",Partially implemented,556682.3529411765,0,0,0,0,0,87292.09411764707
001D000000ymwoVIAQ,EMEA,EMEA France,GENERAL RETAILER,2023-05-01,2023-05-01,Healthy,"2022-10-01, 2022-08-01, 2023-03-01","2025-09-30, 2023-07-31",Lived,232988.32941176472,12066.72109807162,40,8,15,0,63529.41176470588
001D000000ymwoVIAQ,EMEA,EMEA France,GENERAL RETAILER,2023-02-01,2023-04-01,Healthy,"2022-08-01, 2022-10-01, 2023-03-01","2023-07-31, 2025-09-30",Lived,232988.3294117647,0,60,14.5,15,0,63529.41176470589
0015700002G4DQhAAN,AMERICAS,AMERICAS West,BFSI,2023-08-01,2023-10-01,Healthy,2022-10-31,2025-10-30,Implemented,256000.0000000001,0,27,6.5,2,1,66686.4
0015700002G4DQhAAN,AMERICAS,AMERICAS West,BFSI,2023-08-01,2023-09-01,Healthy,2022-10-31,2025-10-30,Implemented,256000,0,27,7.75,2,1,66686.4
0012o00002JyHRVAA3,AMERICAS,AMERICAS West,"ENERGY, UTILITIES & RESOURCES",2023-11-01,2023-11-01,Unhealthy,"2020-12-15, 2021-12-15, 2022-10-31","2023-12-14, 2023-11-30",Not started,185422.40888888887,185422.4,23,4.2,10,0,0
0017T00000DjrXGQAZ,APJ,APJ Japan,"TRAVEL, LEISURE AND LOGISTICS",2023-11-01,2023-12-01,Healthy,2023-10-10,2024-10-09,,78768,0,18,5.75,2,0,40032
0015700002IAepsAAD,AMERICAS,AMERICAS East,GENERAL RETAILER,2022-11-01,2023-01-01,Healthy,2022-07-29,2024-09-28,,105923.16000000002,0,43,13.75,6,0,28157.64
00157000020YJo1AAG,AMERICAS,AMERICAS West,GENERAL RETAILER,2023-02-01,2023-02-01,Unhealthy,"2022-07-29, 2023-01-31","2025-07-28, 2025-07-30",Not started,490000.07999999996,0,24,2.75,1,0,132689.64
00157000020YJo1AAG,AMERICAS,AMERICAS West,GENERAL RETAILER,2023-02-01,2023-04-01,Unhealthy,"2022-07-29, 2023-01-31","2025-07-28, 2025-07-30",Lived,490000.0799999999,0,24,9,2,0,132689.64
00157000020YJo1AAG,AMERICAS,AMERICAS West,GENERAL RETAILER,2023-11-01,2023-12-01,Unhealthy,"2022-07-29, 2023-01-31","2025-07-28, 2025-07-30",Implemented,490000.07999999996,0,24,4.75,7,0,132689.63999999998
0012o00002izOxrAAE,APJ,APJ ANZ,M&A,2023-02-01,2023-02-01,Unhealthy,2022-12-19,2023-12-18,,377000.04,0,4,0,0,0,189427.08
001D000000xmYGOIA2,EMEA,EMEA France,"TRAVEL, LEISURE AND LOGISTICS",2023-02-01,2023-02-01,Unhealthy,"2022-09-01, 2022-10-31","2023-08-31, 2024-10-30",Lived,556682.3529411766,0,0,0,0,0,87292.09411764707
0012o00002JyHRVAA3,AMERICAS,AMERICAS West,"ENERGY, UTILITIES & RESOURCES",2023-05-01,2023-05-01,Healthy,"2022-10-31, 2020-12-15, 2021-12-15","2023-11-30, 2023-12-14",Not started,185422.40888888884,0,25,7.6,8,0,0
0017T00000DjrXGQAZ,APJ,APJ Japan,"TRAVEL, LEISURE AND LOGISTICS",2023-11-01,2023-11-01,Healthy,2023-10-10,2024-10-09,,78768,0,18,6.4,2,0,40032
0017T00000DjrXGQAZ,APJ,APJ Japan,"TRAVEL, LEISURE AND LOGISTICS",2023-08-01,2023-10-01,Healthy,"2023-10-10, 2022-10-10","2024-10-09, 2023-10-09",,91896,78768,22,10,2,0,46704
0015700002G4DQzAAN,EMEA,EMEA UK,BFSI,2023-11-01,2023-12-01,Unhealthy,2023-12-15,2026-12-14,,204999.6187,0,11,0,0,0,74097.34590557533
0015700002By6IxAAJ,AMERICAS,AMERICAS East,"TRAVEL, LEISURE AND LOGISTICS",2023-05-01,2023-06-01,Healthy,2023-01-31,2025-03-30,,241011.69230769225,0,48,16.75,17,0,34737.230769230766
001D000001WTH47IAH,EMEA,EMEA France,BFSI,2023-02-01,2023-03-01,Healthy,2022-12-31,2024-12-30,,100000.09411764707,0,7,3,3,0,0
001D0000017K5DJIA0,EMEA,EMEA France,BFSI,2023-11-01,2023-11-01,Healthy,2023-10-31,2026-10-30,,272500.0644916802,0,38,4.8,8,0,98819.67145
0012o00002LgmooAAB,EMEA,EMEA Central,HEALTHCARE,2022-11-01,2023-01-01,Healthy,"2021-09-30, 2021-12-31, 2022-08-31, 2020-06-15, 2020-12-31","2023-01-29, 2023-01-30, 2022-09-14, 2022-08-30",Partially implemented,878296.0963441132,737797.5501495772,79,23.75,5,0,69023.07692307692
0015700002HSQLHAA5,EMEA,EMEA UK,GENERAL RETAILER,2023-05-01,2023-07-01,Unhealthy,2022-04-20,2024-04-19,,324324.32432432426,0,25,6,18,0,154972.7027027027
0015700002HSQLHAA5,EMEA,EMEA UK,GENERAL RETAILER,2023-08-01,2023-09-01,Unhealthy,2022-04-20,2024-04-19,,324324.32432432426,0,18,1.5,18,0,154972.70270270266
00157000023oFnEAAU,EMEA,EMEA UK,GENERAL RETAILER,2023-02-01,2023-03-01,Healthy,2021-12-31,2024-03-30,Implemented,200007.11111111112,0,13,5.8,0,0,172597.33333333334
00157000023oFnEAAU,EMEA,EMEA UK,GENERAL RETAILER,2023-05-01,2023-07-01,Healthy,2021-12-31,2024-03-30,Implemented,200007.11111111112,0,13,4.75,0,0,172597.33333333334
001D000000wwTXkIAM,EMEA,EMEA France,FASHION,2023-08-01,2023-09-01,Healthy,"2022-02-16, 2023-05-01, 2021-12-31","2024-01-15, 2023-12-31, 2023-12-30",Lived,341804.5852941177,0,44,16.5,26,0,0
001D000001UZQ8hIAH,EMEA,EMEA UK,FASHION,2023-02-01,2023-04-01,Healthy,"2023-01-01, 2022-07-31, 2021-08-01, 2021-01-01","2023-07-31, 2023-07-30, 2022-12-31",Implemented,455072.3057376802,0,65,16.75,0,0,178991.61198885337
001D0000017K5C4IAK,EMEA,EMEA France,FASHION,2023-11-01,2023-12-01,Healthy,2023-11-30,2026-11-29,Partially lived,327000.1994700419,244653.81954349755,30,8.25,14,0,56220.59860632571
0012o00003AbjCoAAJ,EMEA,EMEA UK,"HARD,SOFT & SERVICES",2023-08-01,2023-09-01,Healthy,2022-07-29,2024-09-28,,38250.16,0,0,0,0,0,10217.35
0012o00003AbjCoAAJ,EMEA,EMEA UK,"HARD,SOFT & SERVICES",2023-05-01,2023-07-01,Healthy,2022-07-29,2024-09-28,,38250.159999999996,0,0,0,0,0,10217.35
0012o00003AbjCoAAJ,EMEA,EMEA UK,"HARD,SOFT & SERVICES",2023-02-01,2023-03-01,Healthy,2022-07-29,2024-09-28,,38250.16,0,0,0,0,0,10217.350000000002
001D000000vhmQdIAI,EMEA,EMEA France,GENERAL RETAILER,2023-05-01,2023-05-01,Healthy,"2023-04-25, 2022-01-31","2024-04-24, 2024-01-30",Implemented,259091.1264705882,0,54,15.4,4,0,34999.95
0015700002I75aQAAR,EMEA,EMEA UK,GENERAL RETAILER,2023-08-01,2023-10-01,Unhealthy,"2022-04-12, 2023-01-10","2023-12-11, 2024-01-09",Implemented,859781.6108108108,0,12,2.75,1,0,55459.45945945946
001D000000vhmQdIAI,EMEA,EMEA France,GENERAL RETAILER,2023-08-01,2023-08-01,Healthy,"2023-07-31, 2022-01-31, 2023-04-25","2025-01-30, 2024-01-30, 2024-04-24",Implemented,308141.1367710903,0,45,13.4,6,0,34999.95
0015700001yNxwqAAC,EMEA,EMEA Central,"HARD,SOFT & SERVICES",2023-05-01,2023-06-01,Healthy,"2021-06-30, 2023-06-30","2023-06-29, 2025-06-29",Implemented,197299.2061528333,146899.21336782846,48,10,33,3,79272.00247212051
00157000021SdS3AAK,EMEA,EMEA North,GENERAL RETAILER,2023-02-01,2023-04-01,Healthy,2022-08-31,2023-11-30,Implemented,408648.6,0,147,51.5,60,4,177106.44
00157000021SdS3AAK,EMEA,EMEA North,GENERAL RETAILER,2023-02-01,2023-02-01,Healthy,2022-08-31,2023-11-30,Implemented,408648.6,0,147,54,59,4,177106.44
0015700002IsJ5FAAV,EMEA,EMEA North,HOME & CONSUMER ELECTRONICS,2023-02-01,2023-02-01,Healthy,"2021-08-12, 2022-06-01","2024-08-11, 2024-07-31",Not started,1092456.200904977,0,438,164.5,590,0,44910
0012o00002uPYxkAAG,EMEA,EMEA Central,FOOD & BEVERAGES,2023-05-01,2023-07-01,Unhealthy,2023-07-31,2026-07-30,,61039.52595163378,0,0,0,0,0,34821.02377908166
0012o00002JLfcgAAD,EMEA,EMEA North,GENERAL RETAILER,2022-11-01,2023-01-01,Unhealthy,2023-01-01,2025-12-31,Not started,86274.50980392158,0,2,0.5,0,0,46884.98823529413
00157000020XsBpAAK,AMERICAS,AMERICAS East,TELCO,2023-11-01,2023-12-01,Healthy,"2023-04-30, 2021-12-31, 2023-01-02, 2020-12-31","2023-12-29, 2023-12-30, 2024-01-01",Partially implemented,5374992.66,4734565.5,1275,267.75,209,4,1347936.6
00157000020XsBpAAK,AMERICAS,AMERICAS East,TELCO,2023-05-01,2023-06-01,Healthy,"2023-04-30, 2023-01-02, 2020-12-31, 2021-12-31","2023-12-29, 2024-01-01, 2023-12-30",Partially implemented,5374992.659999998,0,1288,350.75,174,1,1347936.6
00157000020XsBpAAK,AMERICAS,AMERICAS East,TELCO,2023-02-01,2023-03-01,Healthy,"2021-12-31, 2020-12-31, 2023-01-02","2023-12-30, 2024-01-01",Partially implemented,5149327.640000001,0,1140,307.6,164,1,1347936.6
0012o00002grS3IAAU,EMEA,EMEA France,FOOD & BEVERAGES,2023-02-01,2023-03-01,Unhealthy,"2021-07-01, 2023-01-01, 2023-03-31","2024-06-30, 2023-12-31, 2025-03-30",Partially implemented,534489.2268945759,0,20,10,14,1,180000
0012o00002grS3IAAU,EMEA,EMEA France,FOOD & BEVERAGES,2023-05-01,2023-06-01,Unhealthy,"2023-03-31, 2021-07-01, 2023-01-01","2025-03-30, 2024-06-30, 2023-12-31",Partially implemented,540593.1932964087,0,20,7.75,12,2,180000
0012o00002grS3IAAU,EMEA,EMEA France,FOOD & BEVERAGES,2023-02-01,2023-04-01,Unhealthy,"2023-03-31, 2023-01-01, 2021-07-01","2025-03-30, 2023-12-31, 2024-06-30",Partially implemented,540593.1932964087,0,20,6.75,14,1,180000
001D000000viZaqIAE,EMEA,EMEA France,GENERAL RETAILER,2023-11-01,2023-12-01,Unhealthy,"2022-12-05, 2023-04-04","2024-12-04, 2024-12-03",Implemented,218117.64705882352,0,19,2.75,11,1,48705.88235294118
00157000024ZPYuAAO,EMEA,EMEA UK,FASHION,2023-11-01,2023-12-01,Healthy,2023-09-20,2025-09-19,Implemented,260409.5408655266,0,32,7.75,28,0,44023.035443685665
00157000026Bxa4AAC,AMERICAS,AMERICAS West,FASHION,2023-08-01,2023-08-01,Healthy,"2022-09-01, 2022-07-01",2025-06-30,Lived,1209727.92,0,109,31.4,21,1,87998.16
00157000020GqK7AAK,AMERICAS,AMERICAS East,GENERAL RETAILER,2023-05-01,2023-06-01,Healthy,2023-06-01,2024-05-31,Lived,795000.0800000001,795000.0799999998,105,39.75,13,0,276387.95999999996
00157000020GqK7AAK,AMERICAS,AMERICAS East,GENERAL RETAILER,2023-08-01,2023-10-01,Healthy,2023-06-01,2024-05-31,Lived,795000.0800000001,0,106,35.75,13,0,276387.96
0015700002F7YDSAA3,EMEA,EMEA UK,HOME & CONSUMER ELECTRONICS,2023-08-01,2023-09-01,Unhealthy,"2021-11-16, 2022-11-16",2024-11-15,Not started,232162.93320505074,0,16,5,11,0,45618.93901528805
001D000000viZaqIAE,EMEA,EMEA France,GENERAL RETAILER,2023-08-01,2023-10-01,Unhealthy,"2022-12-05, 2023-04-04","2024-12-04, 2024-12-03",Implemented,218117.64705882358,0,13,4.25,10,1,48705.88235294118
001D000000vhmNjIAI,EMEA,EMEA France,FASHION,2023-11-01,2023-12-01,Healthy,"2022-09-01, 2023-12-15","2025-08-31, 2025-09-14",Implemented,236907.50149057526,0,31,12.75,12,0,65027.1
00157000020GqK7AAK,AMERICAS,AMERICAS East,GENERAL RETAILER,2023-05-01,2023-07-01,Healthy,2023-06-01,2024-05-31,Lived,795000.0800000001,795000.0799999998,105,34.25,13,0,276387.95999999996
00157000020GqK7AAK,AMERICAS,AMERICAS East,GENERAL RETAILER,2023-08-01,2023-09-01,Healthy,2023-06-01,2024-05-31,Lived,795000.0800000001,0,106,28.25,13,0,276387.95999999996
0015700002BzPdjAAF,EMEA,EMEA South,TELCO,2023-05-01,2023-05-01,Healthy,"2021-07-31, 2022-09-30","2024-09-30, 2024-09-29",Implemented,423152.3470588236,0,38,17.8,31,0,147231.24705882353
0015700002F7YDSAA3,EMEA,EMEA UK,HOME & CONSUMER ELECTRONICS,2023-08-01,2023-10-01,Unhealthy,"2021-11-16, 2022-11-16",2024-11-15,Not started,232162.93320505077,0,16,5.5,11,0,45618.939015288044
0015700001ruBwIAAU,EMEA,EMEA UK,TELCO,2022-11-01,2023-01-01,Healthy,"2021-04-01, 2023-01-31","2023-03-31, 2025-03-30",,352488.8708716975,0,89,28.25,22,0,25266.864864864867
0012o00002tTy5hAAC,EMEA,EMEA Central,GOVERNMENT AND NON PROFIT,2023-08-01,2023-08-01,Unhealthy,2022-10-01,2025-09-30,Implemented,123289.41176470587,0,4,0.2,4,1,109279.2
0012o00002tTy5hAAC,EMEA,EMEA Central,GOVERNMENT AND NON PROFIT,2023-05-01,2023-06-01,Unhealthy,2022-10-01,2025-09-30,Implemented,123289.41176470587,0,5,1.5,4,1,109279.2
00157000027d3HbAAI,EMEA,EMEA North,BFSI,2023-05-01,2023-07-01,Healthy,"2020-09-30, 2022-07-31, 2022-10-31","2023-09-29, 2023-09-30",Lived,309990.2584033614,0,30,8.75,21,7,44465.38487394958
00157000027gXr7AAE,EMEA,EMEA UK,M&A,2023-02-01,2023-04-01,Unhealthy,2023-01-31,2025-03-30,Lived,137214.13721413718,0,9,3.75,0,0,58688.28898128898
00157000027gXr7AAE,EMEA,EMEA UK,M&A,2023-08-01,2023-08-01,Healthy,2023-01-31,2025-03-30,Lived,137214.13721413718,0,15,7,0,0,58688.28898128898
00157000021SQ9xAAG,EMEA,EMEA UK,GENERAL RETAILER,2023-08-01,2023-09-01,Healthy,2023-06-30,2025-06-29,Implemented,271881.65430106473,0,35,13.75,23,0,43350.126936020315
0015700001up0MiAAI,EMEA,EMEA UK,"TRAVEL, LEISURE AND LOGISTICS",2023-08-01,2023-09-01,Healthy,2021-12-31,2024-12-30,,127299.94144202695,0,22,6.75,10,0,30407.266012657637
00157000021SG5FAAW,EMEA,EMEA UK,GENERAL RETAILER,2022-11-01,2023-01-01,Healthy,2022-06-30,2024-06-29,Implemented,210810.8108108108,0,59,26.25,26,1,38513.554054054046
00157000021SSkMAAW,AMERICAS,AMERICAS West,FOOD & BEVERAGES,2023-11-01,2023-12-01,Unhealthy,"2023-11-04, 2022-10-31, 2023-07-04","2026-01-03, 2024-06-30, 2024-07-03",Implemented,380484.7292307692,0,30,6,5,0,189311.53846153847
0017T00000529kbQAA,EMEA,EMEA France,HOME & CONSUMER ELECTRONICS,2023-05-01,2023-06-01,Healthy,2021-12-31,2024-12-30,,508153.04000000004,0,0,0,0,0,51846.96
00157000021SSkMAAW,AMERICAS,AMERICAS West,FOOD & BEVERAGES,2023-05-01,2023-05-01,Healthy,"2022-10-31, 2021-06-30","2024-06-30, 2023-06-29",Lived,295100.04000000004,125000.04,36,11.4,6,0,170100
0015700001ruBwIAAU,EMEA,EMEA UK,TELCO,2023-05-01,2023-05-01,Healthy,"2023-01-31, 2023-04-01","2025-03-30, 2025-03-31",,540585.4594594594,0,153,37.8,27,0,151601.1891891892
0015700001up0MiAAI,EMEA,EMEA UK,"TRAVEL, LEISURE AND LOGISTICS",2023-05-01,2023-05-01,Healthy,2021-12-31,2024-12-30,,127299.94144202695,0,20,5,7,0,30407.266012657637
00157000021SG5FAAW,EMEA,EMEA UK,GENERAL RETAILER,2023-08-01,2023-09-01,Healthy,2022-06-30,2024-06-29,Implemented,210810.8108108108,0,50,15.25,25,2,38513.55405405405
00157000021SSkMAAW,AMERICAS,AMERICAS West,FOOD & BEVERAGES,2022-11-01,2023-01-01,Healthy,"2022-10-31, 2021-06-30","2024-06-30, 2023-06-29",Partially lived,295100.04,0,32,11.5,6,0,170099.99999999997
00157000020GH2SAAW,EMEA,EMEA UK,GENERAL RETAILER,2023-08-01,2023-09-01,Healthy,"2023-04-28, 2022-05-19","2024-08-27, 2024-05-18",,222411.39413674193,0,44,18,42,0,38422.20494755279
00157000020GH2SAAW,EMEA,EMEA UK,GENERAL RETAILER,2023-02-01,2023-04-01,Healthy,"2022-05-19, 2023-04-28","2024-05-18, 2024-08-27",,191673.63017869968,0,45,19.25,38,0,7684.440989510558
00157000020GH2SAAW,EMEA,EMEA UK,GENERAL RETAILER,2023-08-01,2023-10-01,Healthy,"2023-04-28, 2022-05-19","2024-08-27, 2024-05-18",,222411.39413674196,0,44,22.75,42,0,38422.20494755279
0012o00002qrYhYAAU,EMEA,EMEA UK,BFSI,2023-08-01,2023-09-01,Healthy,"2022-12-31, 2023-04-05","2024-12-30, 2025-01-04",Not started,216165.0872595383,0,30,11,23,0,44870.27027027027
0015700001u7XmsAAE,EMEA,EMEA UK,GENERAL RETAILER,2023-02-01,2023-04-01,Healthy,"2022-08-25, 2021-06-30, 2021-03-31, 2023-04-25, 2020-04-24, 2020-06-25","2023-04-24, 2023-04-29, 2023-04-30, 2026-04-24, 2023-04-23",Implemented,210477.45778975365,159384.7709138174,29,9.5,5,0,0
00157000024Y9JYAA0,AMERICAS,AMERICAS West,"TRAVEL, LEISURE AND LOGISTICS",2023-02-01,2023-04-01,Unhealthy,2021-12-30,2024-12-29,Implemented,145000.08000000002,459269.36,3,0.5,4,0,115750.08
00157000024Y9JYAA0,AMERICAS,AMERICAS West,"TRAVEL, LEISURE AND LOGISTICS",2023-08-01,2023-09-01,Unhealthy,2021-12-30,2024-12-29,Implemented,145000.08000000002,0,3,0.5,6,1,115750.08
001D000001WUxyEIAT,EMEA,EMEA France,"TRAVEL, LEISURE AND LOGISTICS",2023-11-01,2023-11-01,Healthy,2023-06-01,2026-05-31,Partially implemented,261604.50213694543,0,35,8,23,0,59614.33611901058
00157000029QSX5AAO,EMEA,EMEA France,"HARD,SOFT & SERVICES",2023-11-01,2023-12-01,Unhealthy,"2022-07-31, 2023-07-31, 2023-12-31, 2022-03-31","2023-12-30, 2026-12-30",,859866.1663720704,859758.1955879959,63,12.75,47,1,56340.81255157063
001D000000yodtjIAA,EMEA,EMEA France,AUTO,2023-11-01,2023-12-01,Healthy,"2023-02-25, 2021-12-31, 2023-12-31, 2021-09-24, 2023-03-25, 2022-03-25, 2023-03-24, 2023-06-25","2025-03-24, 2023-12-30, 2025-03-30, 2024-09-23, 2024-03-24",Lived,739740.2867730109,65886.00228,90,17.25,67,8,87105.75942871999
0012o00002iPpBpAAK,AMERICAS,AMERICAS East,GENERAL RETAILER,2023-08-01,2023-10-01,Unhealthy,"2023-03-01, 2022-06-30","2024-06-30, 2024-06-29",Implemented,105000,0,0,0,0,0,15000
0012o00002iPpBpAAK,AMERICAS,AMERICAS East,GENERAL RETAILER,2023-05-01,2023-05-01,Unhealthy,"2022-06-30, 2023-03-01","2024-06-29, 2024-06-30",Implemented,105000,0,0,0,0,0,15000
0015700002I8B9hAAF,AMERICAS,AMERICAS West,GENERAL RETAILER,2023-08-01,2023-09-01,Healthy,"2023-01-31, 2023-08-01","2024-07-30, 2024-07-31",Implemented,121752.12000000002,0,16,4.75,4,0,27492
00157000026Yg1OAAS,AMERICAS,AMERICAS East,GENERAL RETAILER,2023-05-01,2023-05-01,Healthy,2023-01-31,2024-01-30,Not started,250000.07999999993,0,35,11.4,0,0,77666.63999999998
00157000026Yg1OAAS,AMERICAS,AMERICAS East,GENERAL RETAILER,2023-11-01,2023-11-01,Unhealthy,2023-01-31,2024-01-30,Lived,250000.08000000002,250000.07999999996,17,4.8,0,0,77666.63999999998
0017T000008TTyVQAW,EMEA,EMEA France,GOVERNMENT AND NON PROFIT,2023-08-01,2023-09-01,Healthy,2023-07-31,2024-07-30,,98704.44752793397,0,7,4,6,0,25082.55116733575
0017T000008TTyVQAW,EMEA,EMEA France,GOVERNMENT AND NON PROFIT,2023-11-01,2023-12-01,Unhealthy,2023-07-31,2024-07-30,,98704.44752793395,0,6,0.25,6,0,25082.55116733575
0012o00002zLycwAAC,EMEA,EMEA France,GOVERNMENT AND NON PROFIT,2023-08-01,2023-10-01,Healthy,2023-09-01,2024-08-31,Implemented,179741.69174575526,153957.58941014064,19,5.75,7,0,65595.88677513621
0012o00002yZrG8AAK,EMEA,EMEA France,HEALTHCARE,2023-08-01,2023-09-01,Healthy,"2023-06-21, 2022-12-31","2026-06-20, 2026-06-30",Lived,123760.09411764708,0,18,7,16,0,29411.858823529405
0012o00002yZrG8AAK,EMEA,EMEA France,HEALTHCARE,2023-02-01,2023-04-01,Healthy,"2022-12-31, 2021-06-21, 2021-12-31","2026-06-30, 2023-06-20, 2023-06-30",Not started,129656.8588235294,0,12,4.75,16,0,29411.858823529397
001D000000qyDA7IAM,EMEA,EMEA France,M&A,2023-02-01,2023-04-01,Unhealthy,"2020-07-01, 2021-09-30, 2021-07-30, 2022-07-31","2023-10-31, 2023-10-29, 2024-09-30",Lived,442010.91177638725,0,16,6.25,7,0,58510.39290854038
001D000000qyDA7IAM,EMEA,EMEA France,M&A,2023-08-01,2023-09-01,Unhealthy,"2021-09-30, 2020-07-01, 2022-07-31, 2021-07-30","2023-10-29, 2023-10-31, 2024-09-30",Lived,442010.9117763873,328774.4299184731,10,3.75,5,1,58510.39290854038
001D000000qyDA7IAM,EMEA,EMEA France,M&A,2023-05-01,2023-05-01,Unhealthy,"2020-07-01, 2021-07-30, 2022-07-31, 2021-09-30","2023-10-31, 2023-10-29, 2024-09-30",Lived,442010.9117763873,0,16,5.6,4,0,58510.39290854038
001D000000xmDJ0IAM,EMEA,EMEA France,GENERAL RETAILER,2023-11-01,2023-11-01,Healthy,"2023-10-31, 2022-10-28","2025-10-30, 2024-10-27",Partially implemented,279529.4117647059,0,28,9.8,66,0,84705.88235294117
001D000001aT1cnIAC,EMEA,EMEA France,M&A,2023-02-01,2023-04-01,Unhealthy,"2023-01-31, 2022-10-31",2025-12-30,,305786.4859796551,0,24,9,9,0,30936.927731092437
0012o00002MZCPgAAP,EMEA,EMEA North,GENERAL RETAILER,2023-11-01,2023-12-01,Unhealthy,2022-10-31,2025-12-30,Partially implemented,312074.25882352947,306039.9841296385,17,4,0,0,104027.20495356036
001D000001aT1cnIAC,EMEA,EMEA France,M&A,2023-05-01,2023-05-01,Healthy,"2023-01-31, 2022-10-31",2025-12-30,,305786.48597965506,0,31,7.8,11,0,30936.92773109243
0015700002BjSttAAF,EMEA,EMEA North,GENERAL RETAILER,2023-05-01,2023-07-01,Healthy,"2021-05-05, 2021-12-31, 2020-12-31","2024-01-04, 2023-12-30",Implemented,242459.13913945842,0,37,10.25,18,2,52500.05000000001
0015700002BjSttAAF,EMEA,EMEA North,GENERAL RETAILER,2023-02-01,2023-02-01,Healthy,"2021-05-05, 2021-12-31, 2020-12-31","2024-01-04, 2023-12-30",Implemented,242459.1391394584,0,39,14.25,21,2,52500.05
0015700002BjSttAAF,EMEA,EMEA North,GENERAL RETAILER,2023-08-01,2023-10-01,Healthy,"2021-12-31, 2020-12-31, 2021-05-05","2023-12-30, 2024-01-04",Implemented,242459.13913945845,0,34,8,18,2,52500.049999999996
0015700002Is4W7AAJ,EMEA,EMEA France,"HARD,SOFT & SERVICES",2023-08-01,2023-08-01,Unhealthy,2023-07-31,2025-08-30,Started,219744.05137825076,0,5,0,0,0,107122.42337570891
0015700002Is4W7AAJ,EMEA,EMEA France,"HARD,SOFT & SERVICES",2023-05-01,2023-07-01,Unhealthy,2023-07-31,2025-08-30,,219744.0513782508,0,0,0,0,0,107122.42337570891
0015700002E7ACoAAN,AMERICAS,AMERICAS West,GENERAL RETAILER,2023-05-01,2023-05-01,Healthy,"2022-10-18, 2022-12-30","2026-01-17, 2025-12-29",Lived,461018.7692307692,0,54,15.8,10,0,60556.20923076924
0015700002E7ACoAAN,AMERICAS,AMERICAS West,GENERAL RETAILER,2023-05-01,2023-06-01,Healthy,"2022-10-18, 2022-12-30","2026-01-17, 2025-12-29",Lived,461018.7692307693,0,54,12.25,11,0,60556.20923076924
00157000024ZCqeAAG,AMERICAS,AMERICAS West,GENERAL RETAILER,2023-11-01,2023-12-01,Unhealthy,2023-07-14,2025-07-13,Lived,1455070.7200000002,0,76,10.5,7,0,218806.225
00157000020YJo5AAG,AMERICAS,AMERICAS West,GENERAL RETAILER,2023-05-01,2023-07-01,Unhealthy,2023-06-30,2024-07-29,Partially lived,274865.3753846154,0,19,7,5,0,174723.71999999997
00157000020YJo5AAG,AMERICAS,AMERICAS West,GENERAL RETAILER,2023-08-01,2023-09-01,Healthy,2023-06-30,2024-07-29,Partially lived,274865.3753846154,297500.04,61,9.25,3,0,174723.71999999997
0012o00002JL7ziAAD,EMEA,EMEA UK,"TRAVEL, LEISURE AND LOGISTICS",2023-05-01,2023-07-01,Healthy,"2021-12-23, 2022-09-06","2025-08-22, 2025-09-05",,199748.75675675672,0,42,14.75,24,1,95080.54054054055
0012o00002JL7ziAAD,EMEA,EMEA UK,"TRAVEL, LEISURE AND LOGISTICS",2023-02-01,2023-03-01,Healthy,"2021-12-23, 2022-09-06","2025-08-22, 2025-09-05",,199748.75675675675,0,36,11.8,23,1,95080.54054054055
0012o00002JL7ziAAD,EMEA,EMEA UK,"TRAVEL, LEISURE AND LOGISTICS",2023-02-01,2023-02-01,Healthy,"2022-09-06, 2021-12-23","2025-09-05, 2025-08-22",,199748.75675675677,0,36,11.75,23,1,95080.54054054055
0012o00002JL7ziAAD,EMEA,EMEA UK,"TRAVEL, LEISURE AND LOGISTICS",2023-11-01,2023-12-01,Healthy,"2021-12-23, 2022-09-06","2025-08-22, 2025-09-05",,199748.75675675677,0,60,8.75,25,2,95080.54054054055
00157000027AbEzAAK,EMEA,EMEA UK,GENERAL RETAILER,2023-08-01,2023-10-01,Healthy,"2021-12-31, 2023-02-17, 2023-10-02","2023-12-30, 2023-11-16, 2024-10-01",Partially lived,1705264.3781256324,0,167,50.5,264,2,131325.2995903622
00157000027AbEzAAK,EMEA,EMEA UK,GENERAL RETAILER,2023-11-01,2023-11-01,Unhealthy,"2023-10-02, 2023-02-17, 2021-12-31","2024-10-01, 2023-11-16, 2023-12-30",Partially lived,1712939.579353664,1857092.751237841,155,54.8,266,2,131325.2995903622
00157000027AbEzAAK,EMEA,EMEA UK,GENERAL RETAILER,2023-02-01,2023-04-01,Healthy,"2021-12-31, 2023-02-17","2023-12-30, 2023-11-16",Lived,1653604.3698600307,0,197,43.25,246,1,131325.2995903622
00157000027AbEzAAK,EMEA,EMEA UK,GENERAL RETAILER,2023-02-01,2023-03-01,Healthy,"2021-12-31, 2023-02-17","2023-12-30, 2023-11-16",Lived,1653604.3698600302,0,197,59.2,249,1,131325.2995903622
0012o00002zLycwAAC,EMEA,EMEA France,GOVERNMENT AND NON PROFIT,2022-11-01,2023-01-01,Healthy,2022-07-31,2023-08-30,Partially lived,152967.74660633484,0,12,5.75,0,0,49400.73122171946
0012o00002LyrseAAB,EMEA,EMEA UK,FASHION,2023-08-01,2023-08-01,Healthy,2021-03-31,2024-03-30,,185612.21221838237,0,12,4.8,14,0,34303.98422016726
0012o00002ZzYb0AAF,EMEA,EMEA South,BFSI,2023-08-01,2023-08-01,Unhealthy,2022-12-10,2024-03-09,,154838.74611005693,0,1,0.2,0,0,69052.23529411765
0012o00002ZzYb0AAF,EMEA,EMEA South,BFSI,2023-08-01,2023-09-01,Unhealthy,2022-12-10,2024-03-09,,154838.74611005693,0,1,0.25,0,0,69052.23529411765
0012o00002ZzYb0AAF,EMEA,EMEA South,BFSI,2023-08-01,2023-10-01,Unhealthy,2022-12-10,2024-03-09,,154838.74611005696,0,1,0.25,0,0,69052.23529411765
0015700002IBFM9AAP,EMEA,EMEA South,"ENERGY, UTILITIES & RESOURCES",2023-08-01,2023-10-01,Healthy,"2023-09-01, 2023-04-01, 2022-12-01, 2022-09-01, 2022-06-01",2024-05-31,,254453.85882352944,0,16,8.5,8,4,60000
0015700002IBFM9AAP,EMEA,EMEA South,"ENERGY, UTILITIES & RESOURCES",2023-08-01,2023-08-01,Healthy,"2023-04-01, 2022-06-01, 2022-09-01, 2022-12-01",2024-05-31,,239630.32941176472,0,16,3.8,7,4,60000
0015700002IBFM9AAP,EMEA,EMEA South,"ENERGY, UTILITIES & RESOURCES",2023-05-01,2023-05-01,Unhealthy,"2022-09-01, 2022-06-01, 2022-12-01, 2023-04-01",2024-05-31,,239630.3294117647,0,17,4.6,9,4,60000
0015700002IBFM9AAP,EMEA,EMEA South,"ENERGY, UTILITIES & RESOURCES",2023-05-01,2023-07-01,Unhealthy,"2022-12-01, 2023-04-01, 2022-09-01, 2022-06-01",2024-05-31,,239630.32941176475,0,17,7.25,9,4,60000
0015700002H23k1AAB,EMEA,EMEA South,BFSI,2023-05-01,2023-07-01,Healthy,"2023-07-08, 2021-07-08","2025-07-07, 2023-07-07",Implemented,121620.84964246176,104928.00954844887,21,5.5,15,7,42120.947197482245
0012o00002aVlq0AAC,EMEA,EMEA South,BFSI,2023-02-01,2023-04-01,Healthy,"2022-10-01, 2022-04-29","2024-12-31, 2024-04-28",Implemented,66666.66666666666,0,6,1.5,8,2,31372.549019607843
0012o00002aVlq0AAC,EMEA,EMEA South,BFSI,2023-08-01,2023-09-01,Healthy,"2022-04-29, 2022-10-01","2024-04-28, 2024-12-31",Implemented,66666.66666666666,0,6,3,8,2,31372.549019607843
0015700001wVJYBAA4,EMEA,EMEA France,FOOD & BEVERAGES,2023-11-01,2023-12-01,Healthy,"2023-03-15, 2023-06-30, 2021-02-01, 2021-01-01","2024-01-14, 2024-01-29, 2024-01-31, 2023-12-31",Implemented,313525.39372845157,305493.5497,39,7.5,12,7,67511.99182
0015700001wVJYBAA4,EMEA,EMEA France,FOOD & BEVERAGES,2023-02-01,2023-04-01,Unhealthy,"2021-01-01, 2021-02-01, 2023-03-15","2023-12-31, 2024-01-31, 2024-01-14",Implemented,297175.3684949463,0,25,7.75,1,0,67511.99182
0015700001wVJYBAA4,EMEA,EMEA France,FOOD & BEVERAGES,2023-02-01,2023-02-01,Unhealthy,"2021-01-01, 2021-02-01","2023-12-31, 2024-01-31",Implemented,283550.3656336957,0,25,5.75,1,0,67511.99182
001D000000sWJ8GIAW,EMEA,EMEA France,FOOD & BEVERAGES,2023-05-01,2023-05-01,Healthy,"2021-06-30, 2022-04-30",2023-06-29,Partially implemented,582989.9999999999,509766.50238875166,16,4.4,27,0,96701.99999999997
001D000000sWJ8GIAW,EMEA,EMEA France,FOOD & BEVERAGES,2023-08-01,2023-09-01,Healthy,2023-06-30,2025-06-29,Partially implemented,495588.7473,0,17,4.5,29,0,116434.39125122219
0012o00002grCmNAAU,EMEA,EMEA France,"TRAVEL, LEISURE AND LOGISTICS",2023-11-01,2023-11-01,Unhealthy,2023-06-30,2026-06-29,,474150.0995715208,0,8,4,6,0,47479.10197061141
00157000027BFRhAAO,AMERICAS,AMERICAS West,GENERAL RETAILER,2023-02-01,2023-04-01,Unhealthy,2021-11-15,2024-02-14,Implemented,308222.28,0,12,3.25,4,1,124500
00157000027BFRhAAO,AMERICAS,AMERICAS West,GENERAL RETAILER,2023-02-01,2023-03-01,Unhealthy,2021-11-15,2024-02-14,Implemented,308222.28,0,12,1.4,4,1,124500
0012o00002qridqAAA,EMEA,EMEA South,FASHION,2023-05-01,2023-06-01,Unhealthy,2022-04-01,2025-04-30,Lived,123510.27281399048,0,6,1.5,1,0,36905.711923688395
0012o00002qridqAAA,EMEA,EMEA South,FASHION,2023-02-01,2023-02-01,Unhealthy,2022-04-01,2025-04-30,Lived,123510.27281399045,0,5,2.5,1,0,36905.711923688395
001570000268telAAA,EMEA,EMEA UK,FOOD & BEVERAGES,2022-11-01,2023-01-01,Unhealthy,2022-07-31,2024-07-30,Lived,334318.99999999994,0,0,0,0,0,57212.75675675677
001D0000017K5AYIA0,EMEA,EMEA UK,GENERAL RETAILER,2023-08-01,2023-10-01,Healthy,2023-09-01,2026-08-31,Partially implemented,908970.2438352393,1030950.2460742046,91,30,51,9,324759.6087615374
001D0000017K5AYIA0,EMEA,EMEA UK,GENERAL RETAILER,2023-11-01,2023-12-01,Unhealthy,2023-09-01,2026-08-31,Partially implemented,908970.2438352391,0,77,14.5,51,9,324759.60876153747
001D0000017K5AYIA0,EMEA,EMEA UK,GENERAL RETAILER,2023-02-01,2023-03-01,Healthy,2021-12-31,2023-08-30,Partially implemented,1109616.8218162623,0,71,33.2,50,9,369208.8509639286
0012o00002X91MoAAJ,EMEA,EMEA UK,FASHION,2023-05-01,2023-07-01,Healthy,2022-07-31,2025-07-30,Not started,395270.27027027024,0,92,48.25,57,0,43289.51351351352
001570000223DK4AAM,EMEA,EMEA UK,GENERAL RETAILER,2023-02-01,2023-02-01,Healthy,2021-06-11,2023-06-10,Lived,334999.79230009555,0,94,25.75,68,0,112559.94822242382
0015700002GUfcUAAT,EMEA,EMEA UK,TELCO,2023-08-01,2023-09-01,Unhealthy,2021-07-31,2024-07-30,,230067.36000000002,0,17,4.75,8,0,135040.2
0015700002BB718AAD,AMERICAS,AMERICAS West,"TRAVEL, LEISURE AND LOGISTICS",2023-08-01,2023-08-01,Unhealthy,2022-12-10,2024-12-09,Implemented,115000.08,0,1,0.4,1,0,40303.200000000004
0015700002BB718AAD,AMERICAS,AMERICAS West,"TRAVEL, LEISURE AND LOGISTICS",2023-02-01,2023-03-01,Unhealthy,2022-12-10,2024-12-09,Implemented,115000.08,0,7,1,1,0,40303.2
0015700002BB718AAD,AMERICAS,AMERICAS West,"TRAVEL, LEISURE AND LOGISTICS",2023-05-01,2023-06-01,Unhealthy,2022-12-10,2024-12-09,Implemented,115000.08,0,5,1.75,1,0,40303.2
0015700002GUfcUAAT,EMEA,EMEA UK,TELCO,2023-08-01,2023-08-01,Unhealthy,2021-07-31,2024-07-30,,230067.36000000002,0,17,3.8,8,0,135040.2
0015700002BB718AAD,AMERICAS,AMERICAS West,"TRAVEL, LEISURE AND LOGISTICS",2023-05-01,2023-07-01,Unhealthy,2022-12-10,2024-12-09,Implemented,115000.08,0,5,2.25,1,0,40303.200000000004
0012o00002kAhaNAAS,EMEA,EMEA North,GENERAL RETAILER,2023-02-01,2023-02-01,Unhealthy,"2021-12-31, 2023-02-06","2024-12-30, 2025-01-05",Implemented,145709.75073248017,0,6,1.5,13,2,35892.23
0012o00002kAhaNAAS,EMEA,EMEA North,GENERAL RETAILER,2023-08-01,2023-10-01,Unhealthy,"2021-12-31, 2023-02-06","2024-12-30, 2025-01-05",Implemented,146581.7509156002,0,7,4,13,2,35892.23
0012o00002kAhaNAAS,EMEA,EMEA North,GENERAL RETAILER,2023-11-01,2023-11-01,Unhealthy,"2021-12-31, 2023-02-06","2024-12-30, 2025-01-05",Implemented,146581.75091560025,0,12,3.8,13,2,35892.23
00157000024Y9S2AAK,EMEA,EMEA MENAT,"TRAVEL, LEISURE AND LOGISTICS",2023-11-01,2023-12-01,Unhealthy,2023-12-31,2028-12-30,,133010.54793221506,0,1,0,0,0,39742.45365591527
0017T00000AjokmQAB,EMEA,EMEA MENAT,FASHION,2023-11-01,2023-12-01,Unhealthy,2023-01-31,2026-02-28,Lived,95455.65405405404,0,3,1.5,2,0,45290.52972972973
0015700002GV9JeAAL,EMEA,EMEA UK,M&A,2023-02-01,2023-04-01,Unhealthy,2022-05-14,2023-05-13,Implemented,32432.432432432433,0,3,0,1,0,16216.216216216217
0015700002GV9JeAAL,EMEA,EMEA UK,M&A,2023-02-01,2023-03-01,Unhealthy,2022-05-14,2023-05-13,Implemented,32432.432432432433,0,3,0,1,0,16216.216216216219
0015700002GV9JeAAL,EMEA,EMEA UK,M&A,2023-11-01,2023-11-01,Healthy,2023-05-14,2024-05-13,Implemented,29520.004723200756,0,4,1.6,1,0,14760.00236160038
00157000023lXzrAAE,EMEA,EMEA UK,GENERAL RETAILER,2023-05-01,2023-06-01,Healthy,"2023-01-01, 2023-04-30","2023-12-31, 2023-12-29",Implemented,192676.3306100468,0,47,15.75,18,4,28235.29411764706
00157000023lXzrAAE,EMEA,EMEA UK,GENERAL RETAILER,2022-11-01,2023-01-01,Healthy,2023-01-01,2023-12-31,Implemented,152936.61176470589,171491.71560574617,48,18.25,17,0,28235.29411764706
0017T0000054mjOQAQ,EMEA,EMEA UK,"HARD,SOFT & SERVICES",2023-02-01,2023-03-01,Healthy,2022-04-29,2025-04-28,Implemented,67545.89189189191,0,27,9,18,1,19710.810810810814
00157000021STtLAAW,EMEA,EMEA UK,"ENERGY, UTILITIES & RESOURCES",2023-11-01,2023-12-01,Unhealthy,2023-01-31,2026-01-30,Lived,537369.4054054053,0,44,6.75,37,0,129170.10810810812
0012o00002mCxkjAAC,EMEA,EMEA UK,LUXURY,2023-08-01,2023-08-01,Unhealthy,"2021-09-30, 2022-10-01","2023-12-29, 2023-10-31",,130837.34630414848,0,7,3.4,3,0,40977.130977130975
0012o00002mCxkjAAC,EMEA,EMEA UK,LUXURY,2022-11-01,2023-01-01,Healthy,"2021-09-30, 2022-10-01, 2022-08-01","2023-12-29, 2023-10-31, 2023-07-31",,138945.4544122566,0,11,8.25,4,0,40977.13097713098
0012o00002mCxkjAAC,EMEA,EMEA UK,LUXURY,2023-05-01,2023-07-01,Unhealthy,"2022-08-01, 2022-10-01, 2021-09-30","2023-07-31, 2023-10-31, 2023-12-29",,138945.4544122566,0,8,2.75,3,0,40977.130977130975
00157000024ZopdAAC,EMEA,EMEA Central,HOME & CONSUMER ELECTRONICS,2023-05-01,2023-06-01,Unhealthy,"2022-02-10, 2023-06-10",2024-02-09,,335620,0,31,8.75,17,4,71875
00157000024459pAAA,AMERICAS,AMERICAS East,BFSI,2023-02-01,2023-03-01,Healthy,"2022-12-10, 2022-12-31","2024-01-09, 2023-12-30",Implemented,830485.2492307692,0,170,38.6,51,0,151788
00157000020YJoDAAW,AMERICAS,AMERICAS East,BFSI,2023-02-01,2023-02-01,Healthy,2022-12-31,2023-12-30,,380990.04000000004,0,124,22.5,4,0,16384.320000000003
00157000020YJoDAAW,AMERICAS,AMERICAS East,BFSI,2023-05-01,2023-05-01,Healthy,2022-12-31,2023-12-30,,380990.04000000004,0,137,28,5,0,16384.32
00157000020YJoDAAW,AMERICAS,AMERICAS East,BFSI,2023-02-01,2023-04-01,Healthy,2022-12-31,2023-12-30,,380990.04000000004,0,124,27.25,5,0,16384.320000000003
0015700001xOIhgAAG,EMEA,EMEA Central,FASHION,2023-08-01,2023-09-01,Healthy,"2023-01-31, 2023-09-01","2026-08-30, 2026-08-31",Lived,143956.50451436386,137171.46876260368,32,11.5,37,6,42415.328043775655
001D0000017K5CMIA0,EMEA,EMEA France,LUXURY,2023-02-01,2023-04-01,Healthy,"2022-11-04, 2022-07-01, 2023-01-01, 2023-04-01, 2022-10-31","2025-07-03, 2025-06-30",,2279799.9224959565,0,18,8.25,20,2,121704.14117647056
001D0000017K5CMIA0,EMEA,EMEA France,LUXURY,2023-08-01,2023-09-01,Healthy,"2023-04-01, 2023-07-01, 2023-07-31, 2023-01-01, 2023-06-01, 2022-07-01, 2022-10-31, 2022-11-04, 2023-05-01","2025-06-30, 2025-07-03",,2495763.3843613276,0,33,14.75,47,2,121704.14117647056
001D0000017K5CMIA0,EMEA,EMEA France,LUXURY,2023-02-01,2023-02-01,Healthy,"2023-01-01, 2022-07-01, 2022-11-04, 2022-10-31","2025-06-30, 2025-07-03",,2216821.9764705887,0,18,5,20,0,121704.14117647058
0017T00000VYEV4QAP,EMEA,EMEA France,BFSI,2023-08-01,2023-08-01,Healthy,2023-01-31,2025-03-30,Started,110334.88506787329,0,13,2,8,0,72837.15475113122
0015700002E7ACjAAN,AMERICAS,AMERICAS East,TELCO,2023-02-01,2023-02-01,Unhealthy,2022-06-30,2023-06-29,Implemented,238000,0,17,4.75,1,0,74065.79999999999
001D0000017K5CQIA0,EMEA,EMEA France,COSMETICS,2023-11-01,2023-11-01,Healthy,"2023-09-30, 2023-07-31","2024-09-29, 2024-09-30",Started,201914.82831639965,0,20,8,8,0,35035.74967179315
0015700002BB718AAD,AMERICAS,AMERICAS West,"TRAVEL, LEISURE AND LOGISTICS",2022-11-01,2023-01-01,Unhealthy,2022-12-10,2024-12-09,Implemented,115000.08,115000.07999999999,6,1.75,1,0,40303.200000000004
001570000268telAAA,EMEA,EMEA UK,FOOD & BEVERAGES,2023-02-01,2023-02-01,Unhealthy,2022-07-31,2024-07-30,Lived,334318.99999999994,0,0,0,0,0,57212.75675675676
0015700002E7ACjAAN,AMERICAS,AMERICAS East,TELCO,2023-02-01,2023-04-01,Unhealthy,2022-06-30,2023-06-29,Implemented,238000,0,17,4.25,4,0,74065.79999999999
0015700002EVdsdAAD,AMERICAS,AMERICAS East,TELCO,2023-02-01,2023-02-01,Unhealthy,"2022-03-01, 2021-06-30, 2022-06-01, 2021-10-13","2023-08-31, 2023-08-29, 2023-09-12",Not started,769777.0153846154,0,54,16,1,0,95004
0015700002EVdsdAAD,AMERICAS,AMERICAS East,TELCO,2023-11-01,2023-12-01,Unhealthy,2023-08-31,2026-08-30,Partially implemented,739799.9999999998,0,55,10.5,2,0,105744.36000000002
0015700002E7BRCAA3,AMERICAS,AMERICAS East,FOOD & BEVERAGES,2023-08-01,2023-10-01,Unhealthy,2021-03-05,2024-05-04,Implemented,250526.34105263153,0,6,0.75,0,0,90894.73684210527
00157000028bRaFAAU,AMERICAS,AMERICAS East,GENERAL RETAILER,2023-02-01,2023-04-01,Unhealthy,"2023-01-31, 2022-10-31",2025-01-30,Implemented,788333.4133333333,0,47,12,4,0,133333.33333333334
00157000020YJoPAAW,AMERICAS,AMERICAS East,BFSI,2023-08-01,2023-08-01,Healthy,"2023-03-31, 2023-05-31",2026-03-30,Started,351000,0,90,23.6,6,0,54000
00157000026YVpNAAW,AMERICAS,AMERICAS East,"TRAVEL, LEISURE AND LOGISTICS",2023-05-01,2023-06-01,Healthy,2023-01-31,2025-01-30,,242500,0,22,6.75,6,0,76233.96
0012o00002rewJIAAY,AMERICAS,AMERICAS West,"HARD,SOFT & SERVICES",2023-11-01,2023-11-01,Unhealthy,2023-03-31,2024-03-30,Implemented,100800,0,5,1.6,0,0,44400
0012o00002JKvuYAAT,EMEA,EMEA North,GENERAL RETAILER,2023-02-01,2023-03-01,Unhealthy,"2021-09-27, 2021-03-27",2024-03-26,Lived,229203.4,0,15,6.2,14,0,74556
001D000001j28lUIAQ,EMEA,EMEA France,"HARD,SOFT & SERVICES",2023-11-01,2023-11-01,Healthy,"2022-12-01, 2023-03-01",2023-11-30,,180114.38823529411,167335.2876175112,14,2.6,27,4,119783.8588235294
001D000000vhmaWIAQ,EMEA,EMEA France,"ENERGY, UTILITIES & RESOURCES",2023-02-01,2023-03-01,Healthy,2023-01-01,2024-12-31,Lived,176470.58823529413,0,27,7.8,17,4,70588.23529411765
001D000000vhmaWIAQ,EMEA,EMEA France,"ENERGY, UTILITIES & RESOURCES",2023-02-01,2023-02-01,Healthy,2023-01-01,2024-12-31,Lived,176470.58823529413,0,27,7.5,17,4,70588.23529411765
001D000000vhmaWIAQ,EMEA,EMEA France,"ENERGY, UTILITIES & RESOURCES",2023-08-01,2023-08-01,Healthy,2023-01-01,2024-12-31,Lived,176470.58823529413,0,32,5,15,6,70588.23529411765
001D000000vhmaWIAQ,EMEA,EMEA France,"ENERGY, UTILITIES & RESOURCES",2023-11-01,2023-12-01,Healthy,2023-01-01,2024-12-31,Lived,176470.58823529413,0,32,6.5,18,5,70588.23529411765
0012o00002sXA4zAAG,APJ,APJ ASIA,GOVERNMENT AND NON PROFIT,2023-05-01,2023-07-01,Unhealthy,"2023-01-10, 2021-12-31","2026-03-09, 2026-02-28",Lived,72422.28000000001,0,2,1.25,0,0,31795.199999999993
0012o00002sXA4zAAG,APJ,APJ ASIA,GOVERNMENT AND NON PROFIT,2023-02-01,2023-03-01,Unhealthy,"2021-12-31, 2023-01-10","2026-02-28, 2026-03-09",Lived,72422.28,0,3,1.4,0,0,31795.199999999993
0012o00002sXA4zAAG,APJ,APJ ASIA,GOVERNMENT AND NON PROFIT,2023-02-01,2023-04-01,Unhealthy,"2021-12-31, 2023-01-10","2026-02-28, 2026-03-09",Lived,72422.28,0,3,1,0,0,31795.199999999993
0012o00002sXA4zAAG,APJ,APJ ASIA,GOVERNMENT AND NON PROFIT,2023-11-01,2023-11-01,Unhealthy,"2021-12-31, 2023-01-10","2026-02-28, 2026-03-09",Lived,72422.28,0,2,0.2,0,0,31795.199999999993
0012o00002sXA4zAAG,APJ,APJ ASIA,GOVERNMENT AND NON PROFIT,2023-08-01,2023-08-01,Unhealthy,"2023-01-10, 2021-12-31","2026-03-09, 2026-02-28",Lived,72422.28000000001,0,4,1,0,0,31795.199999999993
0012o00002sYNE9AAO,APJ,APJ ASIA,FOOD & BEVERAGES,2023-08-01,2023-08-01,Healthy,2021-12-20,2023-12-19,Implemented,100802.28,0,26,6,0,0,54024.840000000004
00157000024Y5L7AAK,APJ,APJ ANZ,TELCO,2022-11-01,2023-01-01,Healthy,2021-12-16,2023-12-15,Not started,289988,0,109,17.75,15,0,144000
00157000023oi3AAAQ,EMEA,EMEA UK,"HARD,SOFT & SERVICES",2023-08-01,2023-10-01,Healthy,2023-06-21,2026-06-20,Started,449770.2359632377,0,62,21,54,0,51291.30340660855
0017T000007TUSwQAO,EMEA,EMEA France,FOOD & BEVERAGES,2023-11-01,2023-11-01,Unhealthy,2022-03-31,2025-03-30,Implemented,200592.56470588237,0,1,0,2,0,60313.69411764707
0012o00003CeWD1AAN,EMEA,EMEA France,BFSI,2023-05-01,2023-07-01,Unhealthy,2022-02-28,2024-05-27,Lived,62745.098039215685,0,0,0,1,0,62745.098039215685
0012o00003CeWD1AAN,EMEA,EMEA France,BFSI,2023-08-01,2023-08-01,Unhealthy,2022-02-28,2024-05-27,Lived,62745.098039215685,0,0,0,1,0,62745.098039215685
0012o00003CeWD1AAN,EMEA,EMEA France,BFSI,2023-05-01,2023-05-01,Unhealthy,2022-02-28,2024-05-27,Lived,62745.098039215685,0,0,0,1,0,62745.098039215685
001D000000xmYGOIA2,EMEA,EMEA France,"TRAVEL, LEISURE AND LOGISTICS",2023-05-01,2023-07-01,Unhealthy,"2022-10-31, 2022-09-01","2024-10-30, 2023-08-31",Partially implemented,556682.3529411765,0,0,0,0,0,87292.09411764705
001D000000xmYGOIA2,EMEA,EMEA France,"TRAVEL, LEISURE AND LOGISTICS",2023-05-01,2023-06-01,Unhealthy,"2022-10-31, 2022-09-01","2024-10-30, 2023-08-31",Partially implemented,556682.3529411765,0,0,0,0,0,87292.09411764707
0015700002G4DQhAAN,AMERICAS,AMERICAS West,BFSI,2023-02-01,2023-03-01,Unhealthy,2022-10-31,2025-10-30,Lived,256000,0,12,4.2,0,0,66686.4
0017T00000DjrXGQAZ,APJ,APJ Japan,"TRAVEL, LEISURE AND LOGISTICS",2023-08-01,2023-08-01,Healthy,2022-10-10,2023-10-09,,78768,78768,22,6.2,0,0,40032
0012o000036GOnAAAW,APJ,APJ Japan,FOOD & BEVERAGES,2022-11-01,2023-01-01,Healthy,2021-12-31,2024-09-30,,262650.12000000005,0,75,26,0,0,78650.04
0012o000036GOnAAAW,APJ,APJ Japan,FOOD & BEVERAGES,2023-02-01,2023-04-01,Healthy,2021-12-31,2024-09-30,,262650.12,0,92,30.25,0,0,78650.04
0012o000036GOnAAAW,APJ,APJ Japan,FOOD & BEVERAGES,2023-08-01,2023-10-01,Healthy,2021-12-31,2024-09-30,,262650.12000000005,0,90,38,0,0,78650.04
0015700002IAepsAAD,AMERICAS,AMERICAS East,GENERAL RETAILER,2023-05-01,2023-06-01,Healthy,2022-07-29,2024-09-28,,105923.15999999999,0,24,4.5,8,0,28157.640000000003
0015700002IAepsAAD,AMERICAS,AMERICAS East,GENERAL RETAILER,2023-05-01,2023-07-01,Healthy,2022-07-29,2024-09-28,,105923.15999999997,0,24,5.5,8,0,28157.639999999996
0015700002IAepsAAD,AMERICAS,AMERICAS East,GENERAL RETAILER,2023-11-01,2023-11-01,Healthy,2022-07-29,2024-09-28,,105923.15999999999,0,21,4.2,8,0,28157.640000000003
00157000020YJo1AAG,AMERICAS,AMERICAS West,GENERAL RETAILER,2023-11-01,2023-11-01,Unhealthy,"2023-01-31, 2022-07-29","2025-07-30, 2025-07-28",Implemented,490000.0800000001,0,24,5.2,7,0,132689.64
0015700002EVxflAAD,AMERICAS,AMERICAS East,BFSI,2023-08-01,2023-08-01,Healthy,"2023-08-31, 2022-12-01","2024-08-30, 2023-11-30",,120050,0,50,12.2,8,0,12000
0012o00002izOxrAAE,APJ,APJ ANZ,M&A,2023-08-01,2023-08-01,Unhealthy,2022-12-19,2023-12-18,Lived,377000.04,0,14,5.2,1,0,189427.08
0012o00002sYNE9AAO,APJ,APJ ASIA,FOOD & BEVERAGES,2023-08-01,2023-10-01,Healthy,2021-12-20,2023-12-19,Implemented,100802.28000000001,0,26,5.25,0,0,54024.84
0012o000032YTQ1AAO,EMEA,EMEA MENAT,TELCO,2023-08-01,2023-09-01,Unhealthy,"2023-07-31, 2022-10-31","2024-01-30, 2023-11-30",,439541.5199999999,0,7,1.75,1,0,269537.07923076925
001D000000ymwoVIAQ,EMEA,EMEA France,GENERAL RETAILER,2023-05-01,2023-06-01,Healthy,"2022-10-01, 2023-03-01, 2022-08-01","2025-09-30, 2023-07-31",Lived,232988.32941176472,12066.72109807162,40,12.25,15,0,63529.41176470589
0015700002G4DQhAAN,AMERICAS,AMERICAS West,BFSI,2023-05-01,2023-07-01,Healthy,2022-10-31,2025-10-30,Partially implemented,256000.0000000001,0,17,7.5,1,0,66686.39999999998
0015700002G4DQhAAN,AMERICAS,AMERICAS West,BFSI,2023-05-01,2023-05-01,Healthy,2022-10-31,2025-10-30,Lived,256000,0,17,7.8,0,0,66686.4
0012o00002izOxrAAE,APJ,APJ ANZ,M&A,2023-05-01,2023-06-01,Unhealthy,2022-12-19,2023-12-18,Started,377000.0399999999,0,8,3.25,0,0,189427.08
00157000026AfPpAAK,EMEA,EMEA UK,BFSI,2023-11-01,2023-11-01,Healthy,2022-03-30,2025-03-29,,351166.56,0,42,10.6,15,0,0
0015700002Hw86bAAB,AMERICAS,AMERICAS East,"HARD,SOFT & SERVICES",2023-02-01,2023-03-01,Unhealthy,2022-06-30,2023-06-29,Lived,198000,0,10,1.2,2,0,60648.719999999994
00157000026AfPpAAK,EMEA,EMEA UK,BFSI,2023-05-01,2023-06-01,Unhealthy,2022-03-30,2025-03-29,,351166.56,0,26,8.25,14,0,0
00157000026AfPpAAK,EMEA,EMEA UK,BFSI,2023-08-01,2023-09-01,Healthy,2022-03-30,2025-03-29,,351166.56,0,27,7.75,17,0,0
0015700002By5jRAAR,EMEA,EMEA UK,BFSI,2023-02-01,2023-03-01,Healthy,2022-12-31,2025-12-30,Implemented,201626.9189189189,0,36,12.4,9,1,59459.35135135136
0015700002G4DQ9AAN,EMEA,EMEA UK,BFSI,2023-05-01,2023-07-01,Healthy,"2022-12-01, 2022-12-31","2024-12-31, 2024-12-30",Partially lived,309945.8983783783,0,49,10,30,0,44761.62162162162
0015700002By5jRAAR,EMEA,EMEA UK,BFSI,2023-11-01,2023-12-01,Healthy,"2022-12-31, 2023-08-31",2025-12-30,Partially implemented,280961.93161252106,0,47,12,11,1,138794.3640449534
0015700002G4DQ9AAN,EMEA,EMEA UK,BFSI,2023-02-01,2023-02-01,Healthy,"2022-12-31, 2022-12-01","2024-12-30, 2024-12-31",Partially lived,309945.8983783784,0,53,10,13,0,44761.62162162162
0015700001rWZQfAAO,EMEA,EMEA France,FOOD & BEVERAGES,2023-02-01,2023-02-01,Unhealthy,2021-11-09,2024-01-08,Lived,152307.6923076923,0,8,1.5,0,0,76153.84615384616
0012o00002iOpoMAAS,APJ,APJ ASIA,GENERAL RETAILER,2023-11-01,2023-12-01,Healthy,2023-07-31,2024-09-30,Lived,92571.41142857142,0,55,10,26,0,54900.88285714285
001D000001WUTFSIA5,EMEA,EMEA France,BFSI,2023-11-01,2023-11-01,Unhealthy,"2023-06-30, 2023-04-30",2024-06-29,Implemented,73341.44397,0,4,0.6,3,4,73341.44397
001D00000180LhwIAE,EMEA,EMEA France,BFSI,2023-11-01,2023-11-01,Healthy,"2023-10-31, 2023-06-30","2025-06-30, 2025-06-29",Partially implemented,98187.26421932549,0,10,2.6,4,2,38150.05161151083
001D000001es1s2IAA,EMEA,EMEA France,BFSI,2023-05-01,2023-06-01,Unhealthy,2022-01-01,2023-12-31,Implemented,219159,0,19,5.5,11,2,84135
001D000001es1s2IAA,EMEA,EMEA France,BFSI,2023-08-01,2023-10-01,Unhealthy,2022-01-01,2023-12-31,Implemented,219159,0,15,7,9,1,84135
001D000001es1s2IAA,EMEA,EMEA France,BFSI,2023-11-01,2023-12-01,Healthy,2022-01-01,2023-12-31,Implemented,219159,191632.64703857087,18,3.5,9,1,84135
001D000000ymwlWIAQ,EMEA,EMEA France,BFSI,2023-11-01,2023-12-01,Healthy,"2023-03-20, 2023-11-30, 2022-09-01, 2022-04-01","2024-12-19, 2024-11-29, 2024-12-31, 2024-08-31",,174335.43066548937,0,34,9.5,15,0,63529.41176470589
001D000000ymwlWIAQ,EMEA,EMEA France,BFSI,2023-02-01,2023-03-01,Healthy,"2022-04-01, 2022-09-01, 2023-03-20","2024-08-31, 2024-12-31, 2024-12-19",,159905.9011764706,0,25,7.6,9,0,63529.41176470589
001D000000ymwlWIAQ,EMEA,EMEA France,BFSI,2023-08-01,2023-10-01,Healthy,"2022-09-01, 2022-04-01, 2023-03-20","2024-12-31, 2024-08-31, 2024-12-19",,163435.34117647063,0,32,10.75,14,0,63529.411764705896
001D000000ymwlWIAQ,EMEA,EMEA France,BFSI,2023-11-01,2023-11-01,Healthy,"2023-03-20, 2022-09-01, 2022-04-01, 2023-11-30","2024-12-19, 2024-12-31, 2024-08-31, 2024-11-29",,165615.35907427437,0,34,9.8,14,0,63529.41176470589
0012o00002KBfuXAAT,AMERICAS,AMERICAS East,"TRAVEL, LEISURE AND LOGISTICS",2022-11-01,2023-01-01,Unhealthy,"2020-03-15, 2022-04-30","2023-03-14, 2023-02-28",Lived,195251.07333333336,0,7,4.25,4,0,55250.060000000005
0015700002By6IxAAJ,AMERICAS,AMERICAS East,"TRAVEL, LEISURE AND LOGISTICS",2023-08-01,2023-10-01,Healthy,"2023-01-31, 2023-10-31",2025-03-30,,243511.69230769228,0,44,13,17,1,37237.230769230766
001D0000017K5DJIA0,EMEA,EMEA France,BFSI,2023-11-01,2023-12-01,Healthy,2023-10-31,2026-10-30,,272500.06449168024,0,38,6.25,8,0,98819.67145213099
0017T00000KCDF0QAP,EMEA,EMEA France,BFSI,2023-05-01,2023-07-01,Unhealthy,2023-07-31,2025-06-30,,110895.67546200489,0,0,0,0,0,62125.28718544074
0015700002HSQLHAA5,EMEA,EMEA UK,GENERAL RETAILER,2023-11-01,2023-11-01,Unhealthy,2022-04-20,2024-04-19,,324324.32432432426,0,12,2.6,19,0,154972.70270270272
0015700002HSQLHAA5,EMEA,EMEA UK,GENERAL RETAILER,2023-02-01,2023-02-01,Healthy,2022-04-20,2024-04-19,,324324.32432432426,0,39,11,18,0,154972.70270270272
0015700002HSQLHAA5,EMEA,EMEA UK,GENERAL RETAILER,2023-08-01,2023-10-01,Unhealthy,2022-04-20,2024-04-19,,324324.32432432426,0,18,3.25,18,0,154972.7027027027
0015700002HSQLHAA5,EMEA,EMEA UK,GENERAL RETAILER,2023-02-01,2023-03-01,Healthy,2022-04-20,2024-04-19,,324324.32432432426,0,39,8.2,18,0,154972.70270270266
001D000001UZQ8hIAH,EMEA,EMEA UK,FASHION,2023-02-01,2023-03-01,Healthy,"2022-07-31, 2021-01-01, 2023-01-01, 2021-08-01","2023-07-30, 2022-12-31, 2023-07-31",Partially implemented,455072.3057376802,0,65,23.4,0,0,178991.61198885337
001D000001UZQ8hIAH,EMEA,EMEA UK,FASHION,2023-08-01,2023-08-01,Healthy,2023-08-01,2025-07-31,Implemented,399903.81398461026,373405.31092001754,43,15.6,0,0,121845.4430952709
001D000001UZQ8hIAH,EMEA,EMEA UK,FASHION,2023-08-01,2023-10-01,Healthy,2023-08-01,2025-07-31,Implemented,399903.8139846102,373405.31092001754,43,15.75,0,0,121845.44309527091
001D000001UZQ8hIAH,EMEA,EMEA UK,FASHION,2023-05-01,2023-06-01,Healthy,"2021-01-01, 2022-07-31, 2021-08-01, 2023-01-01","2022-12-31, 2023-07-30, 2023-07-31",Implemented,455072.3057376802,0,63,16.5,0,0,178991.61198885337
0012o00003AbjCoAAJ,EMEA,EMEA UK,"HARD,SOFT & SERVICES",2023-05-01,2023-05-01,Healthy,2022-07-29,2024-09-28,,38250.16,0,0,0,0,0,10217.35
001D000000vhmQdIAI,EMEA,EMEA France,GENERAL RETAILER,2023-02-01,2023-04-01,Healthy,"2022-01-31, 2023-04-25, 2022-04-25","2024-01-30, 2024-04-24, 2023-04-24",Implemented,269679.36176470586,49185.004475835405,50,14,4,0,34999.95
0015700001yOalHAAS,EMEA,EMEA Central,LUXURY,2023-08-01,2023-10-01,Healthy,2023-07-01,2025-06-30,Implemented,242176.25085701267,0,38,13.25,12,0,58860.01236060258
0015700001yOalHAAS,EMEA,EMEA Central,LUXURY,2023-11-01,2023-12-01,Healthy,2023-07-01,2025-06-30,Implemented,242176.25085701264,0,37,9.25,12,0,58860.01236060258
00157000020YJnzAAG,AMERICAS,AMERICAS West,M&A,2023-02-01,2023-03-01,Healthy,2022-10-31,"2024-10-30, 2023-10-30",,1141445.0300000003,0,99,35.6,18,6,46759.68000000001
0012o00002JLfcgAAD,EMEA,EMEA North,GENERAL RETAILER,2023-05-01,2023-07-01,Unhealthy,2023-01-01,2025-12-31,Implemented,86274.50980392158,0,6,1.25,9,2,46884.98823529413
0015700001yOalHAAS,EMEA,EMEA Central,LUXURY,2023-05-01,2023-07-01,Healthy,2023-07-01,2025-06-30,Implemented,242176.25085701267,170508.0155162294,37,12.25,12,0,58860.01236060258
001D0000017K5AgIAK,EMEA,EMEA France,FASHION,2023-02-01,2023-02-01,Unhealthy,"2022-04-01, 2021-05-01","2024-03-31, 2023-04-30",Partially implemented,152444.5951587151,32790.00298389027,7,2.25,4,0,77444.59515871506
00157000026Bxa4AAC,AMERICAS,AMERICAS West,FASHION,2022-11-01,2023-01-01,Healthy,"2022-07-01, 2022-09-01",2025-06-30,Lived,1209727.92,0,128,31.5,20,1,87998.16000000002
00157000026Bxa4AAC,AMERICAS,AMERICAS West,FASHION,2023-11-01,2023-11-01,Healthy,"2022-07-01, 2022-09-01",2025-06-30,Lived,1209727.92,0,98,41,22,1,87998.16
00157000020GqK7AAK,AMERICAS,AMERICAS East,GENERAL RETAILER,2023-02-01,2023-02-01,Healthy,2022-06-01,2023-05-31,Lived,795000.0800000001,0,108,39.5,11,0,276387.95999999996
0015700002BzPdjAAF,EMEA,EMEA South,TELCO,2023-02-01,2023-02-01,Healthy,"2022-09-30, 2021-07-31","2024-09-29, 2024-09-30",Implemented,423152.3470588236,0,47,23.5,28,0,147231.24705882353
00157000026Bxa4AAC,AMERICAS,AMERICAS West,FASHION,2023-05-01,2023-06-01,Healthy,"2022-07-01, 2022-09-01",2025-06-30,Lived,1209727.9199999997,0,103,30.75,21,1,87998.16
0015700002BzPdjAAF,EMEA,EMEA South,TELCO,2023-11-01,2023-12-01,Healthy,"2021-07-31, 2022-09-30","2024-09-30, 2024-09-29",Implemented,423152.3470588236,0,31,11.25,32,0,147231.24705882353
0012o00002tTy5hAAC,EMEA,EMEA Central,GOVERNMENT AND NON PROFIT,2023-05-01,2023-07-01,Unhealthy,2022-10-01,2025-09-30,Implemented,123289.4117647059,0,5,1,4,1,109279.2
0012o00002tTy5hAAC,EMEA,EMEA Central,GOVERNMENT AND NON PROFIT,2023-02-01,2023-02-01,Unhealthy,2022-10-01,2025-09-30,Partially lived,123289.41176470586,0,8,3,4,1,109279.2
0012o00002tTy5hAAC,EMEA,EMEA Central,GOVERNMENT AND NON PROFIT,2023-02-01,2023-03-01,Unhealthy,2022-10-01,2025-09-30,Lived,123289.41176470587,0,8,3,4,1,109279.2
00157000027d3HbAAI,EMEA,EMEA North,BFSI,2023-11-01,2023-12-01,Unhealthy,2023-09-30,2028-09-29,Implemented,374815.84991132846,0,18,4.75,21,7,208290.93414109614
00157000027d3HbAAI,EMEA,EMEA North,BFSI,2023-02-01,2023-03-01,Healthy,"2022-10-31, 2022-07-31, 2020-09-30","2023-09-30, 2023-09-29",Lived,309990.25840336137,0,37,9.2,19,0,44465.38487394958
00157000027d3HbAAI,EMEA,EMEA North,BFSI,2023-08-01,2023-08-01,Unhealthy,"2020-09-30, 2022-07-31, 2022-10-31","2023-09-29, 2023-09-30",Lived,309990.2584033614,282892.5591832229,22,4.8,21,7,44465.38487394958
00157000021SQ9xAAG,EMEA,EMEA UK,GENERAL RETAILER,2023-02-01,2023-02-01,Healthy,2021-06-30,2023-06-29,Implemented,301030.86152580375,0,37,20.5,23,0,53666.97531319136
0015700001up0MiAAI,EMEA,EMEA UK,"TRAVEL, LEISURE AND LOGISTICS",2023-08-01,2023-08-01,Healthy,2021-12-31,2024-12-30,,127299.94144202695,0,22,8.6,10,0,30407.266012657637
001D0000010w8ETIAY,EMEA,EMEA France,GENERAL RETAILER,2023-08-01,2023-10-01,Healthy,"2021-09-30, 2021-12-28, 2023-03-15, 2023-07-01, 2022-09-01","2023-12-29, 2023-12-27, 2025-03-14, 2024-06-30, 2024-08-31",Implemented,444782.6835104348,0,98,22.5,90,2,111758.8303964132
00157000021SSkMAAW,AMERICAS,AMERICAS West,FOOD & BEVERAGES,2023-08-01,2023-08-01,Healthy,"2022-10-31, 2023-07-04","2024-06-30, 2024-07-03",Lived,295100.04000000004,0,29,8.2,6,0,170099.99999999997
00157000024ZPYuAAO,EMEA,EMEA UK,FASHION,2023-08-01,2023-08-01,Healthy,"2021-08-20, 2022-04-29, 2021-12-20","2023-09-19, 2023-09-28",Implemented,385589.92814546666,361059.3952,30,9.6,28,0,48366.324324324334
0012o00003DL8DFAA1,EMEA,EMEA North,COSMETICS,2023-08-01,2023-09-01,Unhealthy,"2022-04-29, 2023-07-01","2025-04-28, 2025-06-30",Lived,200462.82576778496,0,14,2.75,13,1,43600.096356020236
00157000021SG5FAAW,EMEA,EMEA UK,GENERAL RETAILER,2023-08-01,2023-10-01,Healthy,2022-06-30,2024-06-29,Implemented,210810.8108108108,0,50,14.5,25,2,38513.55405405405
001D0000010w8ETIAY,EMEA,EMEA France,GENERAL RETAILER,2023-11-01,2023-11-01,Healthy,"2023-03-15, 2022-09-01, 2023-07-01, 2021-09-30, 2021-12-28","2025-03-14, 2024-08-31, 2024-06-30, 2023-12-29, 2023-12-27",Implemented,444782.68351043493,0,89,24.4,91,2,111758.83039641319
00157000020GH2SAAW,EMEA,EMEA UK,GENERAL RETAILER,2023-08-01,2023-08-01,Healthy,"2023-04-28, 2022-05-19","2024-08-27, 2024-05-18",,222411.3941,0,44,19.2,41,0,38422.20495
0012o00002qrYhYAAU,EMEA,EMEA UK,BFSI,2022-11-01,2023-01-01,Unhealthy,2022-12-31,2024-12-30,,163563.24324324325,0,1,0.75,0,0,44870.270270270266
001570000268dJLAAY,EMEA,EMEA UK,HOME & CONSUMER ELECTRONICS,2023-11-01,2023-12-01,Healthy,"2023-09-28, 2023-10-28",2025-09-27,Started,243065.20969043352,0,23,7,3,0,73369.46253911403
0012o00002qrYhYAAU,EMEA,EMEA UK,BFSI,2023-11-01,2023-11-01,Healthy,"2022-12-31, 2023-04-05","2024-12-30, 2025-01-04",Not started,216165.0872595383,0,33,7.8,23,0,44870.270270270266
0015700002IAeheAAD,AMERICAS,AMERICAS West,TELCO,2023-02-01,2023-03-01,Healthy,"2021-05-01, 2022-09-01",2023-04-30,Not started,541688,541688,100,32,0,0,36999.96
0015700002IAeheAAD,AMERICAS,AMERICAS West,TELCO,2023-11-01,2023-11-01,Healthy,2023-05-01,2024-04-30,Not started,451688.04000000004,0,126,27.8,0,0,88926.12
0015700002IAeheAAD,AMERICAS,AMERICAS West,TELCO,2023-05-01,2023-06-01,Healthy,2023-05-01,2024-04-30,Not started,451688.0399999999,0,97,23.75,0,0,88926.12
001D000001WUxyEIAT,EMEA,EMEA France,"TRAVEL, LEISURE AND LOGISTICS",2023-08-01,2023-08-01,Healthy,2023-06-01,2026-05-31,Partially implemented,261604.50213694543,0,37,7.6,23,0,59614.33611901058
001D000000viaLEIAY,EMEA,EMEA France,M&A,2023-02-01,2023-03-01,Unhealthy,2023-02-22,2025-02-21,,218000.0893800188,149999.44256994931,13,2.4,2,0,0
001D000000viaLEIAY,EMEA,EMEA France,M&A,2023-11-01,2023-11-01,Healthy,2023-02-22,2025-02-21,Not started,218000.0893800188,0,29,10.4,21,0,0
00157000029QSX5AAO,EMEA,EMEA France,"HARD,SOFT & SERVICES",2023-11-01,2023-11-01,Unhealthy,"2022-07-31, 2023-07-31, 2022-03-31",2023-12-30,,654728.1203864142,859758.1955879959,63,19.6,41,0,44510.159347133456
001D000000yodtjIAA,EMEA,EMEA France,AUTO,2023-05-01,2023-07-01,Healthy,"2023-06-25, 2023-02-25, 2022-03-25, 2023-03-24, 2023-03-25, 2021-12-31, 2021-09-24","2024-03-24, 2025-03-24, 2023-12-30, 2024-09-23",Lived,725723.7558295393,0,79,19,43,6,75349.95
001D000000yodtjIAA,EMEA,EMEA France,AUTO,2023-08-01,2023-09-01,Healthy,"2021-12-31, 2021-09-24, 2023-03-25, 2023-03-24, 2023-06-25, 2022-03-25, 2023-02-25","2023-12-30, 2024-09-23, 2025-03-24, 2024-03-24",Lived,725723.7558295393,0,91,20.5,47,7,75349.95
00157000023mB5AAAU,AMERICAS,AMERICAS West,GENERAL RETAILER,2023-08-01,2023-10-01,Unhealthy,2023-04-30,2025-06-29,,323076.92307692306,0,33,7.25,11,0,79803.24461538462
0015700002I8B9hAAF,AMERICAS,AMERICAS West,GENERAL RETAILER,2022-11-01,2023-01-01,Healthy,"2021-08-01, 2022-07-31, 2023-01-31","2023-07-31, 2023-07-30, 2024-07-30",,125842,0,14,4.25,3,0,4582
0015700002I8B9hAAF,AMERICAS,AMERICAS West,GENERAL RETAILER,2023-02-01,2023-04-01,Healthy,"2021-08-01, 2023-01-31, 2022-07-31","2023-07-31, 2024-07-30, 2023-07-30",Not started,159552.00000000003,0,16,5.25,3,0,27492
0015700002I8B9hAAF,AMERICAS,AMERICAS West,GENERAL RETAILER,2023-11-01,2023-11-01,Healthy,"2023-01-31, 2023-08-01","2024-07-30, 2024-07-31",Implemented,121752.12000000002,0,21,5.8,4,0,27492
0015700002I8B9hAAF,AMERICAS,AMERICAS West,GENERAL RETAILER,2023-08-01,2023-10-01,Healthy,"2023-01-31, 2023-08-01","2024-07-30, 2024-07-31",Implemented,121752.12000000001,0,16,7.25,4,0,27492
00157000026Yg1OAAS,AMERICAS,AMERICAS East,GENERAL RETAILER,2023-05-01,2023-07-01,Healthy,2023-01-31,2024-01-30,Not started,250000.08,0,35,7,0,0,77666.64
00157000026Yg1OAAS,AMERICAS,AMERICAS East,GENERAL RETAILER,2023-11-01,2023-12-01,Unhealthy,2023-01-31,2024-01-30,Implemented,250000.08000000002,250000.07999999996,17,2.25,0,0,77666.63999999998
0017T000008TTyVQAW,EMEA,EMEA France,GOVERNMENT AND NON PROFIT,2023-08-01,2023-08-01,Healthy,2023-07-31,2024-07-30,,98704.44752793397,0,7,0.2,0,0,25082.55116733575
0012o00002JMHjVAAX,EMEA,EMEA North,FOOD & BEVERAGES,2023-11-01,2023-11-01,Healthy,"2022-12-31, 2023-10-31","2026-12-30, 2025-12-30",,174035.7241707102,0,19,7.6,9,0,49519.52069050618
0012o00002JMHjVAAX,EMEA,EMEA North,FOOD & BEVERAGES,2023-02-01,2023-03-01,Healthy,2022-12-31,2026-12-30,,142970.71764705883,0,17,6.8,11,0,47800.023529411774
0012o00002JMHjVAAX,EMEA,EMEA North,FOOD & BEVERAGES,2023-11-01,2023-12-01,Healthy,"2022-12-31, 2023-10-31","2026-12-30, 2025-12-30",,174035.72417071016,0,19,8.25,9,0,49519.52069050617
0012o00002yZrG8AAK,EMEA,EMEA France,HEALTHCARE,2023-11-01,2023-12-01,Healthy,"2022-12-31, 2023-06-21","2026-06-30, 2026-06-20",Implemented,123760.09411764708,0,19,4.75,16,0,29411.85882352941
0012o00002yZrG8AAK,EMEA,EMEA France,HEALTHCARE,2023-08-01,2023-10-01,Healthy,"2022-12-31, 2023-06-21","2026-06-30, 2026-06-20",Lived,123760.09411764704,0,18,9.75,16,0,29411.858823529412
001D000000xmDJ0IAM,EMEA,EMEA France,GENERAL RETAILER,2023-08-01,2023-10-01,Healthy,"2022-10-28, 2023-10-31","2024-10-27, 2025-10-30",Lived,124235.29411764706,0,31,7.25,66,0,14117.64705882353
001D000000wpXSdIAM,EMEA,EMEA France,GENERAL RETAILER,2023-08-01,2023-10-01,Unhealthy,2021-06-30,2024-10-29,Implemented,393750.06,0,13,4,22,10,182812.53
001D000001aT1cnIAC,EMEA,EMEA France,M&A,2023-02-01,2023-02-01,Unhealthy,"2023-01-31, 2022-10-31",2025-12-30,,305786.48597965506,0,24,2.5,0,0,30936.927731092444
001D000001aT1cnIAC,EMEA,EMEA France,M&A,2023-05-01,2023-06-01,Healthy,"2023-01-31, 2022-10-31",2025-12-30,,305786.48597965506,0,31,9.75,11,0,30936.927731092444
001D000001aT1cnIAC,EMEA,EMEA France,M&A,2023-08-01,2023-10-01,Healthy,"2023-01-31, 2022-10-31",2025-12-30,,305786.4859796551,0,27,7.25,12,0,30936.927731092437
0015700002BjSttAAF,EMEA,EMEA North,GENERAL RETAILER,2023-08-01,2023-08-01,Healthy,"2021-12-31, 2020-12-31, 2021-05-05","2023-12-30, 2024-01-04",Implemented,242459.1391394584,0,34,12.4,18,2,52500.05
001D000001aT1cnIAC,EMEA,EMEA France,M&A,2023-08-01,2023-09-01,Healthy,"2023-01-31, 2022-10-31",2025-12-30,,305786.48597965506,0,27,11.25,12,0,30936.927731092437
0012o00003EBGKbAAP,EMEA,EMEA France,GENERAL RETAILER,2023-11-01,2023-11-01,Unhealthy,2023-10-31,2027-12-30,,129340.29916146281,0,7,0.8,0,0,48444.47418933958
00157000024ZCqeAAG,AMERICAS,AMERICAS West,GENERAL RETAILER,2023-08-01,2023-08-01,Unhealthy,2023-07-14,2025-07-13,Not started,1455070.72,0,49,5,0,0,218806.225
0012o00002KBNpiAAH,EMEA,EMEA UK,AUTO,2023-02-01,2023-02-01,Healthy,"2021-03-31, 2022-10-31",2024-03-30,Lived,147245.15677805958,0,12,3.25,10,0,35657.38359760355
0012o00002KBNpiAAH,EMEA,EMEA UK,AUTO,2023-08-01,2023-08-01,Healthy,"2023-07-27, 2022-10-31, 2021-03-31","2024-06-26, 2024-03-30, 2024-03-26, 2026-03-26",Lived,203029.68780358453,0,12,4.4,11,0,35657.38359760355
0012o00002LyrseAAB,EMEA,EMEA UK,FASHION,2022-11-01,2023-01-01,Healthy,2021-03-31,2024-03-30,,185612.2122183824,0,13,6.5,11,0,34303.984220167265
00157000026BvjVAAS,EMEA,EMEA UK,FOOD & BEVERAGES,2023-02-01,2023-03-01,Healthy,"2023-01-15, 2021-12-18","2024-01-14, 2024-01-17",Lived,215230.27285320964,0,34,13,16,4,32643.243243243247
0012o00002KBNpiAAH,EMEA,EMEA UK,AUTO,2022-11-01,2023-01-01,Healthy,"2021-03-31, 2022-10-31",2024-03-30,Lived,147245.15677805958,0,19,3.75,10,0,35657.38359760354
001D000000wpXSdIAM,EMEA,EMEA France,GENERAL RETAILER,2023-11-01,2023-12-01,Unhealthy,2021-06-30,2024-10-29,Implemented,393750.06,0,17,3.5,15,10,182812.52999999997
00157000027AbEzAAK,EMEA,EMEA UK,GENERAL RETAILER,2023-02-01,2023-02-01,Healthy,"2021-12-31, 2023-02-17","2023-12-30, 2023-11-16",Lived,1650947.5694349427,0,197,56.75,247,1,131325.2995903622
0012o00002ZzYb0AAF,EMEA,EMEA South,BFSI,2023-02-01,2023-02-01,Unhealthy,2022-12-10,2024-03-09,,154838.74611005693,0,0,0,0,0,69052.23529411765
0012o00002ZzYb0AAF,EMEA,EMEA South,BFSI,2023-05-01,2023-07-01,Unhealthy,2022-12-10,2024-03-09,,154838.74611005696,0,2,0.5,0,0,69052.23529411765
0012o000035UaDBAA0,EMEA,EMEA South,"ENERGY, UTILITIES & RESOURCES",2023-08-01,2023-09-01,Unhealthy,2023-09-20,2026-09-19,,119464.02145411118,0,6,0,0,0,55743.647206165915
0015700002H23k1AAB,EMEA,EMEA South,BFSI,2023-08-01,2023-10-01,Healthy,2023-07-08,2025-07-07,Implemented,93195.01957,0,20,3.25,15,7,27795.136636978696
0015700002H23k1AAB,EMEA,EMEA South,BFSI,2023-02-01,2023-04-01,Healthy,2021-07-08,2023-07-07,Implemented,131875,0,21,7.75,18,6,56875
0012o00002aVlq0AAC,EMEA,EMEA South,BFSI,2023-08-01,2023-08-01,Healthy,"2022-10-01, 2022-04-29","2024-12-31, 2024-04-28",Implemented,66666.66666666666,0,6,1,8,2,31372.549019607843
0015700001wVJYBAA4,EMEA,EMEA France,FOOD & BEVERAGES,2022-11-01,2023-01-01,Unhealthy,"2021-02-01, 2021-01-01","2024-01-31, 2023-12-31",Implemented,283550.3656336957,0,16,4.5,1,0,67511.99182
0015700001wVJYBAA4,EMEA,EMEA France,FOOD & BEVERAGES,2023-05-01,2023-05-01,Healthy,"2021-01-01, 2021-02-01, 2023-03-15","2023-12-31, 2024-01-31, 2024-01-14",Implemented,297175.3684949463,0,41,9,1,0,67511.99182
001D000000sWJ8GIAW,EMEA,EMEA France,FOOD & BEVERAGES,2023-02-01,2023-02-01,Healthy,"2021-06-30, 2022-04-30",2023-06-29,Partially implemented,582990,0,17,5.25,26,0,96701.99999999999
00157000027BFRhAAO,AMERICAS,AMERICAS West,GENERAL RETAILER,2022-11-01,2023-01-01,Unhealthy,2021-11-15,2024-02-14,Implemented,308222.28,0,14,4.75,4,1,124500
00157000025k4IKAAY,AMERICAS,AMERICAS East,BFSI,2023-05-01,2023-06-01,Unhealthy,2022-12-31,2023-12-30,,304311.40000000014,0,25,6.25,4,0,0.12
00157000025k4IKAAY,AMERICAS,AMERICAS East,BFSI,2022-11-01,2023-01-01,Unhealthy,2022-12-31,2023-12-30,,304311.39999999997,304311.07999999996,14,2.5,4,0,0.12
00157000025k4IKAAY,AMERICAS,AMERICAS East,BFSI,2023-08-01,2023-09-01,Unhealthy,2022-12-31,2023-12-30,,304311.39999999997,0,25,7.25,4,0,0.12
0015700001rxLCeAAM,EMEA,EMEA UK,FASHION,2023-02-01,2023-04-01,Healthy,2021-06-01,2023-06-30,Lived,324984.6905070424,0,78,22,77,1,105249.98358500756
0015700001rxLCeAAM,EMEA,EMEA UK,FASHION,2023-08-01,2023-09-01,Healthy,2023-07-01,2026-06-30,Partially lived,345946.05405405414,0,62,19.25,78,1,124004.21621621626
0015700001rxLCeAAM,EMEA,EMEA UK,FASHION,2023-11-01,2023-12-01,Healthy,2023-07-01,2026-06-30,Partially lived,345946.0540540541,0,72,9.75,81,1,124004.21621621624
001570000268telAAA,EMEA,EMEA UK,FOOD & BEVERAGES,2023-08-01,2023-10-01,Unhealthy,"2023-07-31, 2022-07-31",2024-07-30,Lived,338318.95999999996,0,0,0,0,0,61212.71675675676
001570000268telAAA,EMEA,EMEA UK,FOOD & BEVERAGES,2023-05-01,2023-07-01,Unhealthy,"2022-07-31, 2023-07-31",2024-07-30,Lived,334985.66,0,0,0,0,0,57879.41675675675
0017T000008UqVVQA0,EMEA,EMEA South,"ENERGY, UTILITIES & RESOURCES",2023-11-01,2023-12-01,Unhealthy,2023-09-30,2026-10-29,,169686.51858552027,0,8,0,2,0,113518.40967670389
0015700001unVFDAA2,EMEA,EMEA UK,GENERAL RETAILER,2022-11-01,2023-01-01,Healthy,2022-07-31,2024-07-30,Lived,507770.2432432431,0,184,65.75,124,0,86998.7027
0015700001unVFDAA2,EMEA,EMEA UK,GENERAL RETAILER,2023-02-01,2023-04-01,Healthy,2022-07-31,2024-07-30,Lived,507770.2432432432,0,229,82.25,136,0,86998.7027
0015700002GUfcUAAT,EMEA,EMEA UK,TELCO,2023-05-01,2023-07-01,Unhealthy,2021-07-31,2024-07-30,,230067.36,0,16,4.25,8,0,135040.19999999998
001D0000017K5AYIA0,EMEA,EMEA UK,GENERAL RETAILER,2023-11-01,2023-11-01,Unhealthy,2023-09-01,2026-08-31,Partially implemented,908970.2438352391,0,77,27.4,51,9,324759.60876153747
001D0000017K5AYIA0,EMEA,EMEA UK,GENERAL RETAILER,2023-08-01,2023-08-01,Healthy,2021-12-31,2023-08-30,Partially implemented,1109616.821816262,1030950.2460742046,91,25.8,49,9,369208.8509639286
001D0000017K5AYIA0,EMEA,EMEA UK,GENERAL RETAILER,2022-11-01,2023-01-01,Healthy,2021-12-31,2023-08-30,Partially implemented,1109616.8218162623,0,83,33,49,7,369208.8509639287
001570000223DK4AAM,EMEA,EMEA UK,GENERAL RETAILER,2023-05-01,2023-06-01,Healthy,"2023-06-11, 2021-06-11","2024-06-10, 2023-06-10",Lived,419360.0019376519,311249.8926187699,66,18,70,0,111410.69135084345
0012o00002kAhaNAAS,EMEA,EMEA North,GENERAL RETAILER,2022-11-01,2023-01-01,Unhealthy,2021-12-31,2024-12-30,Implemented,142221.75,0,15,1.75,12,2,35892.23
0012o00002kAhaNAAS,EMEA,EMEA North,GENERAL RETAILER,2023-08-01,2023-09-01,Unhealthy,"2021-12-31, 2023-02-06","2024-12-30, 2025-01-05",Implemented,146581.7509156002,0,7,2.25,13,2,35892.23
0012o00002kAhaNAAS,EMEA,EMEA North,GENERAL RETAILER,2023-11-01,2023-12-01,Unhealthy,"2021-12-31, 2023-02-06","2024-12-30, 2025-01-05",Implemented,146581.75091560022,0,12,3,13,2,35892.23
0017T00000AjokmQAB,EMEA,EMEA MENAT,FASHION,2023-02-01,2023-02-01,Unhealthy,2023-01-31,2026-02-28,Started,95455.65405405406,0,6,0,0,0,45290.52972972973
0017T00000AjokmQAB,EMEA,EMEA MENAT,FASHION,2023-08-01,2023-09-01,Unhealthy,2023-01-31,2026-02-28,Lived,95455.65405405403,0,4,2,2,0,45290.52972972973
0015700002GV9JeAAL,EMEA,EMEA UK,M&A,2023-05-01,2023-06-01,Healthy,2023-05-14,2024-05-13,Implemented,29520.004723200756,29879.994472201026,0,0,1,0,14760.002361600378
00157000023lXzrAAE,EMEA,EMEA UK,GENERAL RETAILER,2023-11-01,2023-11-01,Healthy,"2023-04-30, 2023-01-01","2023-12-29, 2023-12-31",Implemented,192676.33061004683,181934.78505606542,63,26.2,19,4,28235.29411764706
0017T0000054mjOQAQ,EMEA,EMEA UK,"HARD,SOFT & SERVICES",2023-05-01,2023-05-01,Healthy,2022-04-29,2025-04-28,Implemented,67545.89189,0,21,6.4,18,1,19710.810810810814
0017T0000054mjOQAQ,EMEA,EMEA UK,"HARD,SOFT & SERVICES",2022-11-01,2023-01-01,Healthy,2022-04-29,2025-04-28,Implemented,67545.89189189191,0,19,7.5,17,1,19710.810810810814
0017T0000054mjOQAQ,EMEA,EMEA UK,"HARD,SOFT & SERVICES",2023-08-01,2023-08-01,Healthy,2022-04-29,2025-04-28,Implemented,67545.89189,0,21,6.8,18,1,19710.810810810814
0015700001xOIhgAAG,EMEA,EMEA Central,FASHION,2023-05-01,2023-06-01,Healthy,"2023-01-31, 2020-09-01","2026-08-30, 2023-08-31",Lived,189816.4651707578,0,39,14,38,4,42415.32804377565
00157000024459pAAA,AMERICAS,AMERICAS East,BFSI,2023-05-01,2023-06-01,Healthy,"2022-12-31, 2022-12-10, 2023-04-30","2023-12-30, 2024-01-09, 2023-12-29",Implemented,850485.2492307692,0,168,41.75,56,0,151788
00157000024459pAAA,AMERICAS,AMERICAS East,BFSI,2022-11-01,2023-01-01,Healthy,"2022-12-10, 2022-12-31","2024-01-09, 2023-12-30",Implemented,830485.2492307691,506284,167,42.25,44,0,151788
001D0000017K5CMIA0,EMEA,EMEA France,LUXURY,2023-11-01,2023-11-01,Healthy,"2022-11-04, 2022-07-01, 2023-07-01, 2023-06-01, 2023-05-01, 2023-04-01, 2023-01-01, 2023-07-31, 2022-10-31","2025-07-03, 2025-06-30",,2495763.3843613276,0,51,13.6,46,2,121704.14117647058
0017T00000VYEV4QAP,EMEA,EMEA France,BFSI,2023-02-01,2023-04-01,Unhealthy,2023-01-31,2025-03-30,Started,110334.88506787331,0,5,2.25,2,0,72837.15475113122
0017T00000VYEV4QAP,EMEA,EMEA France,BFSI,2023-11-01,2023-12-01,Healthy,2023-01-31,2025-03-30,Lived,110334.88506787331,0,15,1,9,0,72837.15475113122
0017T00000VYEV4QAP,EMEA,EMEA France,BFSI,2023-02-01,2023-02-01,Unhealthy,2023-01-31,2025-03-30,,110334.88506787331,0,5,0,1,0,72837.15475113122
0012o00002mADeMAAW,AMERICAS,AMERICAS East,"ENERGY, UTILITIES & RESOURCES",2023-11-01,2023-12-01,Unhealthy,2023-12-31,2024-12-30,,299500,0,0,0,0,0,178366.6
0015700002E7ACjAAN,AMERICAS,AMERICAS East,TELCO,2023-08-01,2023-08-01,Unhealthy,"2022-06-30, 2023-06-30","2023-06-29, 2023-09-29",Implemented,287500,238000,7,1.4,4,0,92582.24999999999
0015700002E7ACjAAN,AMERICAS,AMERICAS East,TELCO,2022-11-01,2023-01-01,Unhealthy,2022-06-30,2023-06-29,Implemented,238000,0,11,3.5,1,0,74065.8
001D0000017K5CQIA0,EMEA,EMEA France,COSMETICS,2023-08-01,2023-09-01,Healthy,"2021-09-30, 2023-09-30, 2023-07-31","2023-09-29, 2024-09-29, 2024-09-30",Started,249349.06540071446,157719.91435251222,17,5,4,0,35035.74967179314
0012o00002X91MoAAJ,EMEA,EMEA UK,FASHION,2023-05-01,2023-05-01,Healthy,2022-07-31,2025-07-30,Not started,395270.27027027024,0,92,46.4,56,0,43289.51351351351
00157000023lXzrAAE,EMEA,EMEA UK,GENERAL RETAILER,2023-02-01,2023-03-01,Healthy,2023-01-01,2023-12-31,Implemented,152936.61176470586,0,54,16.4,18,0,28235.29411764706
00157000024459pAAA,AMERICAS,AMERICAS East,BFSI,2023-02-01,2023-02-01,Healthy,"2022-12-31, 2022-12-10","2023-12-30, 2024-01-09",Implemented,830485.2492307692,0,170,40.5,50,0,151788
00157000024ZopdAAC,EMEA,EMEA Central,HOME & CONSUMER ELECTRONICS,2022-11-01,2023-01-01,Healthy,2022-02-10,2024-02-09,,335620,0,38,16,15,4,71875
00157000026AfPpAAK,EMEA,EMEA UK,BFSI,2023-08-01,2023-10-01,Healthy,2022-03-30,2025-03-29,,351166.56,0,27,9.75,17,0,0
0015700001svWnvAAE,EMEA,EMEA UK,FASHION,2023-05-01,2023-07-01,Healthy,"2022-07-31, 2023-06-01","2024-07-30, 2024-07-31",Partially implemented,114680.23678025854,0,16,3.25,8,0,41463.95299647473
0015700001svWnvAAE,EMEA,EMEA UK,FASHION,2023-11-01,2023-12-01,Healthy,"2023-10-24, 2022-07-31, 2023-06-01","2025-07-23, 2024-07-30, 2024-07-31",Implemented,124520.13995464302,0,17,4,12,0,41463.952996474734
0015700002H40CQAAZ,EMEA,EMEA UK,FASHION,2023-08-01,2023-10-01,Healthy,2021-12-19,2024-12-18,Partially implemented,463697,0,17,1.5,14,0,51846.96
0015700002By5jRAAR,EMEA,EMEA UK,BFSI,2023-05-01,2023-07-01,Healthy,2022-12-31,2025-12-30,Implemented,201626.9189189189,0,37,10.25,10,1,59459.35135135136
0015700002H40CQAAZ,EMEA,EMEA UK,FASHION,2022-11-01,2023-01-01,Healthy,2021-12-19,2024-12-18,Lived,463697,0,17,3.75,8,0,51846.96
0015700002G4DQ9AAN,EMEA,EMEA UK,BFSI,2023-08-01,2023-09-01,Healthy,"2022-12-31, 2022-12-01","2024-12-30, 2024-12-31",Partially lived,309945.89837837836,0,50,11.75,31,1,44761.62162162162
001D000000via0TIAQ,EMEA,EMEA France,FOOD & BEVERAGES,2023-05-01,2023-06-01,Healthy,2023-04-01,2026-03-31,Started,174836.03671556775,0,46,14.75,18,0,57116.01199436252
0012o00002iOquwAAC,APJ,APJ ASIA,TELCO,2022-11-01,2023-01-01,Unhealthy,2022-07-29,2024-10-28,,155556.05333333332,0,3,1,0,0,88356.26666666668
0012o00002iOquwAAC,APJ,APJ ASIA,TELCO,2023-08-01,2023-09-01,Unhealthy,2022-07-29,2024-10-28,,155556.0533333333,175000.56,1,0,0,0,88356.26666666669
001D000001WUTFSIA5,EMEA,EMEA France,BFSI,2023-05-01,2023-05-01,Healthy,"2021-06-30, 2023-04-30","2023-06-29, 2024-06-29",Implemented,91931.42989577884,67219.50611697506,10,1.8,3,4,91931.42989577884
001D000001WUTFSIA5,EMEA,EMEA France,BFSI,2023-02-01,2023-03-01,Unhealthy,2021-06-30,2023-06-29,Implemented,85625,0,2,0.8,2,4,85625
001D00000180LhwIAE,EMEA,EMEA France,BFSI,2023-08-01,2023-08-01,Unhealthy,2023-06-30,2025-06-29,Partially implemented,95920.10734322252,0,8,1.4,3,2,38150.05161151084
001D000001es1s2IAA,EMEA,EMEA France,BFSI,2023-02-01,2023-02-01,Healthy,2022-01-01,2023-12-31,Implemented,219159,0,19,6.75,11,2,84135
001D000001es1s2IAA,EMEA,EMEA France,BFSI,2023-05-01,2023-07-01,Unhealthy,2022-01-01,2023-12-31,Implemented,219159,0,19,5.25,11,2,84135
00157000020WWsWAAW,AMERICAS,AMERICAS West,GENERAL RETAILER,2023-05-01,2023-07-01,Unhealthy,2021-12-31,2023-12-30,,648900.04,0,35,10.75,7,0,24299.999999999996
00157000020WWsWAAW,AMERICAS,AMERICAS West,GENERAL RETAILER,2023-11-01,2023-11-01,Unhealthy,2021-12-31,2023-12-30,,648900.04,648900.04,18,6,7,0,24299.999999999993
001D000000ymwlWIAQ,EMEA,EMEA France,BFSI,2023-05-01,2023-07-01,Healthy,"2023-03-20, 2022-04-01, 2022-09-01","2024-12-19, 2024-08-31, 2024-12-31",,163435.34117647063,0,25,5.75,9,0,63529.411764705896
0012o00002iOquwAAC,APJ,APJ ASIA,TELCO,2023-02-01,2023-02-01,Unhealthy,2022-07-29,2024-10-28,,155556.05333333332,0,0,0,0,0,88356.26666666668
001D000001es1s2IAA,EMEA,EMEA France,BFSI,2023-08-01,2023-08-01,Unhealthy,2022-01-01,2023-12-31,Implemented,219159,0,15,1.8,11,2,84135
0012o00002JKvuYAAT,EMEA,EMEA North,GENERAL RETAILER,2023-05-01,2023-07-01,Unhealthy,"2021-09-27, 2021-03-27",2024-03-26,Lived,229203.4,0,1,0,14,0,74556
001D000001j28lUIAQ,EMEA,EMEA France,"HARD,SOFT & SERVICES",2023-08-01,2023-08-01,Unhealthy,"2022-12-01, 2023-03-01",2023-11-30,,180114.3882352941,0,15,1.4,26,4,119783.8588235294
0017T00000547ZjQAI,APJ,APJ ANZ,GENERAL RETAILER,2023-05-01,2023-07-01,Healthy,"2022-07-29, 2023-07-29, 2023-02-20, 2022-12-08","2023-07-28, 2025-07-28, 2024-02-19, 2023-07-07",Lived,86632,48000,15,7.75,12,0,16713.84
0017T00000547ZjQAI,APJ,APJ ANZ,GENERAL RETAILER,2023-05-01,2023-05-01,Healthy,"2023-02-20, 2022-12-08, 2022-07-29","2024-02-19, 2023-07-07, 2023-07-28",Lived,78000,48000,15,7.6,8,0,12000
0017T00000547ZjQAI,APJ,APJ ANZ,GENERAL RETAILER,2023-08-01,2023-10-01,Healthy,"2023-02-20, 2023-07-29","2024-02-19, 2025-07-28",Implemented,79896,0,19,6.75,11,0,20141.52
0012o00002sYNE9AAO,APJ,APJ ASIA,FOOD & BEVERAGES,2023-02-01,2023-04-01,Healthy,2021-12-20,2023-12-19,Lived,100802.28,0,41,10.5,0,0,54024.840000000004
0012o00002sYNE9AAO,APJ,APJ ASIA,FOOD & BEVERAGES,2023-11-01,2023-11-01,Healthy,2021-12-20,2023-12-19,Implemented,100802.28,100802.27999999998,19,6.4,0,0,54024.840000000004
00157000023oi3AAAQ,EMEA,EMEA UK,"HARD,SOFT & SERVICES",2023-05-01,2023-07-01,Healthy,2023-06-21,2026-06-20,,449770.23596323776,373501.17590228247,52,19.75,49,0,51291.30340660855
00157000023oi3AAAQ,EMEA,EMEA UK,"HARD,SOFT & SERVICES",2023-05-01,2023-06-01,Healthy,"2021-06-21, 2023-06-21","2023-06-20, 2026-06-20",,501509.01844887005,373501.17590228247,52,16.25,46,0,20516.52136264342
0012o00003CeWD1AAN,EMEA,EMEA France,BFSI,2023-08-01,2023-10-01,Unhealthy,2022-02-28,2024-05-27,Lived,62745.098039215685,0,0,0,1,0,62745.098039215685
0012o00003CeWD1AAN,EMEA,EMEA France,BFSI,2023-02-01,2023-04-01,Unhealthy,2022-02-28,2024-05-27,Lived,62745.098039215685,0,0,0,1,0,62745.098039215685
001D000000xmYGOIA2,EMEA,EMEA France,"TRAVEL, LEISURE AND LOGISTICS",2023-08-01,2023-09-01,Unhealthy,2022-10-31,2024-10-30,Partially implemented,469058.82352941186,81406.64740800492,0,0,0,0,87292.09411764708
001D000000xmYGOIA2,EMEA,EMEA France,"TRAVEL, LEISURE AND LOGISTICS",2023-11-01,2023-12-01,Unhealthy,2022-10-31,2024-10-30,Partially implemented,469058.82352941186,0,0,0,0,0,87292.09411764707
0012o00002JyHRVAA3,AMERICAS,AMERICAS West,"ENERGY, UTILITIES & RESOURCES",2022-11-01,2023-01-01,Unhealthy,"2022-10-31, 2020-12-15, 2021-12-15","2023-11-30, 2023-12-14",Not started,185422.40888888887,0,18,6,4,0,0
0012o00002JyHRVAA3,AMERICAS,AMERICAS West,"ENERGY, UTILITIES & RESOURCES",2023-02-01,2023-03-01,Healthy,"2020-12-15, 2022-10-31, 2021-12-15","2023-12-14, 2023-11-30",Not started,185422.40888888884,0,30,10.2,8,0,0
0012o00002JyHRVAA3,AMERICAS,AMERICAS West,"ENERGY, UTILITIES & RESOURCES",2023-08-01,2023-10-01,Healthy,"2022-10-31, 2020-12-15, 2021-12-15","2023-11-30, 2023-12-14",Not started,185422.40888888887,0,26,5,9,0,0
0017T00000DjrXGQAZ,APJ,APJ Japan,"TRAVEL, LEISURE AND LOGISTICS",2023-05-01,2023-07-01,Healthy,2022-10-10,2023-10-09,,78768,0,28,11,0,0,40032
0012o000036GOnAAAW,APJ,APJ Japan,FOOD & BEVERAGES,2023-08-01,2023-09-01,Healthy,2021-12-31,2024-09-30,,262650.12,0,90,39.75,0,0,78650.04
0012o000036GOnAAAW,APJ,APJ Japan,FOOD & BEVERAGES,2023-05-01,2023-07-01,Healthy,2021-12-31,2024-09-30,,262650.12000000005,0,91,38.25,0,0,78650.04
0012o000036GOnAAAW,APJ,APJ Japan,FOOD & BEVERAGES,2023-05-01,2023-05-01,Healthy,2021-12-31,2024-09-30,,262650.12,0,91,35.6,0,0,78650.04
0015700002IAepsAAD,AMERICAS,AMERICAS East,GENERAL RETAILER,2023-02-01,2023-02-01,Healthy,2022-07-29,2024-09-28,,105923.16,0,23,7.75,7,0,28157.640000000003
0015700002IAepsAAD,AMERICAS,AMERICAS East,GENERAL RETAILER,2023-11-01,2023-12-01,Healthy,2022-07-29,2024-09-28,,105923.15999999999,0,21,5,8,0,28157.639999999996
0015700002IAepsAAD,AMERICAS,AMERICAS East,GENERAL RETAILER,2023-05-01,2023-05-01,Healthy,2022-07-29,2024-09-28,,105923.16,0,24,3.4,8,0,28157.640000000003
0015700002IAepsAAD,AMERICAS,AMERICAS East,GENERAL RETAILER,2023-08-01,2023-09-01,Healthy,2022-07-29,2024-09-28,,105923.16,0,31,5.5,8,0,28157.640000000003
00157000020YJo1AAG,AMERICAS,AMERICAS West,GENERAL RETAILER,2023-02-01,2023-03-01,Unhealthy,"2022-07-29, 2023-01-31","2025-07-28, 2025-07-30",Lived,490000.0799999999,0,24,6,2,0,132689.64
0012o00002izOxrAAE,APJ,APJ ANZ,M&A,2023-08-01,2023-09-01,Unhealthy,2022-12-19,2023-12-18,Lived,377000.0399999999,0,14,7.75,1,0,189427.08
0017T00000DjrXGQAZ,APJ,APJ Japan,"TRAVEL, LEISURE AND LOGISTICS",2023-02-01,2023-03-01,Healthy,2022-10-10,2023-10-09,,78768,0,17,9.2,0,0,40032
0017T00000DjrXGQAZ,APJ,APJ Japan,"TRAVEL, LEISURE AND LOGISTICS",2023-05-01,2023-05-01,Healthy,2022-10-10,2023-10-09,,78768,0,28,9,0,0,40032
0017T00000DjrXGQAZ,APJ,APJ Japan,"TRAVEL, LEISURE AND LOGISTICS",2023-02-01,2023-02-01,Healthy,2022-10-10,2023-10-09,,78768,0,17,6.5,0,0,40032
0012o000036GOnAAAW,APJ,APJ Japan,FOOD & BEVERAGES,2023-02-01,2023-02-01,Healthy,2021-12-31,2024-09-30,,262650.12,0,92,30.75,0,0,78650.04
0015700002IAepsAAD,AMERICAS,AMERICAS East,GENERAL RETAILER,2023-02-01,2023-03-01,Healthy,2022-07-29,2024-09-28,,105923.15999999999,0,23,6.2,8,0,28157.640000000003
0015700002EVxflAAD,AMERICAS,AMERICAS East,BFSI,2023-08-01,2023-10-01,Healthy,"2023-08-31, 2022-12-01","2024-08-30, 2023-11-30",,168050,0,50,7.75,8,0,60000
00157000020YJo1AAG,AMERICAS,AMERICAS West,GENERAL RETAILER,2023-08-01,2023-08-01,Unhealthy,"2022-07-29, 2023-01-31","2025-07-28, 2025-07-30",Lived,490000.0799999999,0,22,7,6,0,132689.64
0015700002E7BRCAA3,AMERICAS,AMERICAS East,FOOD & BEVERAGES,2023-11-01,2023-11-01,Unhealthy,2021-03-05,2024-05-04,Implemented,250526.34105263153,0,8,0.8,0,0,90894.73684210525
00157000028bRaFAAU,AMERICAS,AMERICAS East,GENERAL RETAILER,2023-08-01,2023-08-01,Unhealthy,"2022-10-31, 2023-01-31",2025-01-30,Implemented,788333.4133333333,0,38,11.4,4,0,133333.33333333334
00157000020YJoPAAW,AMERICAS,AMERICAS East,BFSI,2023-11-01,2023-11-01,Healthy,"2023-03-31, 2023-05-31",2026-03-30,Started,351000,0,79,25.2,7,0,54000
00157000026YVpNAAW,AMERICAS,AMERICAS East,"TRAVEL, LEISURE AND LOGISTICS",2023-02-01,2023-03-01,Healthy,2023-01-31,2025-01-30,,242500,0,27,7.4,4,0,76233.96
00157000026YVpNAAW,AMERICAS,AMERICAS East,"TRAVEL, LEISURE AND LOGISTICS",2023-02-01,2023-02-01,Healthy,2023-01-31,2025-01-30,,242500,0,27,8.5,4,0,76233.96
0012o000035UPoSAAW,APJ,APJ ASIA,BFSI,2023-11-01,2023-12-01,Unhealthy,2023-10-31,2024-10-30,Started,566031.0099999999,0,41,6.75,0,0,558742.75
0012o00002KBfuXAAT,AMERICAS,AMERICAS East,"TRAVEL, LEISURE AND LOGISTICS",2023-02-01,2023-04-01,Unhealthy,2023-03-15,2024-03-14,Lived,203145,195251.07,14,5,6,0,67151.64
0012o00002KBfuXAAT,AMERICAS,AMERICAS East,"TRAVEL, LEISURE AND LOGISTICS",2023-05-01,2023-06-01,Unhealthy,2023-03-15,2024-03-14,Partially lived,203145,0,13,4.25,7,0,67151.64
0015700002By6IxAAJ,AMERICAS,AMERICAS East,"TRAVEL, LEISURE AND LOGISTICS",2022-11-01,2023-01-01,Unhealthy,2023-01-31,2025-03-30,,241011.6923076923,0,0,0,0,0,34737.230769230766
0015700002By6IxAAJ,AMERICAS,AMERICAS East,"TRAVEL, LEISURE AND LOGISTICS",2023-02-01,2023-02-01,Healthy,2023-01-31,2025-03-30,,241011.69230769225,0,34,0.25,2,0,34737.230769230766
001D000001WTH47IAH,EMEA,EMEA France,BFSI,2023-08-01,2023-08-01,Unhealthy,2022-12-31,2024-12-30,,100000.09411764707,0,6,1,3,0,0
0015700002584DfAAI,EMEA,EMEA France,BFSI,2023-05-01,2023-07-01,Unhealthy,"2023-01-31, 2022-07-01, 2023-01-01, 2023-05-01","2024-12-30, 2023-12-31, 2024-12-31, 2023-10-31",Lived,259750.5882352941,0,12,4.5,8,0,35294.117647058825
0015700002584DfAAI,EMEA,EMEA France,BFSI,2023-05-01,2023-06-01,Unhealthy,"2023-01-31, 2023-01-01, 2023-05-01, 2022-07-01","2024-12-30, 2024-12-31, 2023-10-31, 2023-12-31",Not started,259750.58823529413,0,12,5.5,7,0,35294.117647058825
0015700002584DfAAI,EMEA,EMEA France,BFSI,2023-08-01,2023-08-01,Unhealthy,"2022-07-01, 2023-01-31, 2023-05-01, 2023-01-01","2023-12-31, 2024-12-30, 2023-10-31, 2024-12-31",Lived,259750.58823529413,0,13,5.4,8,0,35294.117647058825
0017T00000KCDF0QAP,EMEA,EMEA France,BFSI,2023-08-01,2023-09-01,Unhealthy,2023-07-31,2025-06-30,Lived,110895.67546200489,0,5,0.25,0,0,62125.287185440735
00157000023oFnEAAU,EMEA,EMEA UK,GENERAL RETAILER,2023-02-01,2023-04-01,Healthy,2021-12-31,2024-03-30,Implemented,200007.11111111115,0,13,6.75,0,0,172597.33333333334
001D000000wwTXkIAM,EMEA,EMEA France,FASHION,2023-05-01,2023-06-01,Healthy,"2022-02-16, 2021-12-31, 2023-05-01","2024-01-15, 2023-12-30, 2023-12-31",Not started,341804.5852941176,0,38,19.25,24,0,0
0012o00003AbjCoAAJ,EMEA,EMEA UK,"HARD,SOFT & SERVICES",2023-02-01,2023-02-01,Healthy,2022-07-29,2024-09-28,,38250.159999999996,0,0,0,0,0,10217.35
0012o00003AbjCoAAJ,EMEA,EMEA UK,"HARD,SOFT & SERVICES",2023-11-01,2023-12-01,Healthy,2022-07-29,2024-09-28,,38250.16000000001,0,0,0,0,0,10217.35
001D000000vhmQdIAI,EMEA,EMEA France,GENERAL RETAILER,2023-05-01,2023-07-01,Healthy,"2022-01-31, 2023-04-25, 2023-07-31","2024-01-30, 2024-04-24, 2025-01-30",Implemented,267266.12818733853,0,54,17,6,0,34999.950000000004
0015700002I75aQAAR,EMEA,EMEA UK,GENERAL RETAILER,2023-02-01,2023-03-01,Unhealthy,"2022-09-01, 2022-04-12, 2023-01-10","2023-08-31, 2023-12-11, 2024-01-09",Implemented,896268.0972972974,0,2,0.8,1,0,55459.45945945945
0015700002I75aQAAR,EMEA,EMEA UK,GENERAL RETAILER,2023-11-01,2023-12-01,Unhealthy,"2023-12-12, 2022-04-12, 2023-01-10","2024-01-11, 2023-12-11, 2024-01-09",Implemented,887912.2297297297,877565.1291,9,1.75,1,0,58837.83243243243
0015700001yOalHAAS,EMEA,EMEA Central,LUXURY,2023-02-01,2023-03-01,Healthy,2021-07-01,2023-06-30,Implemented,195000,0,40,13.6,13,0,60000
0015700002E7BQnAAN,AMERICAS,AMERICAS East,TELCO,2023-02-01,2023-04-01,Healthy,2022-02-01,2024-01-31,,533000.0800000001,0,64,13.5,1,0,172411.2
0015700002E7BQnAAN,AMERICAS,AMERICAS East,TELCO,2023-08-01,2023-08-01,Healthy,2022-02-01,2024-01-31,,533000.08,0,65,15.8,2,0,172411.2
0015700002E7BQnAAN,AMERICAS,AMERICAS East,TELCO,2023-02-01,2023-03-01,Healthy,2022-02-01,2024-01-31,,533000.08,0,64,14.4,1,0,172411.2
0015700002E7BQnAAN,AMERICAS,AMERICAS East,TELCO,2023-05-01,2023-07-01,Healthy,2022-02-01,2024-01-31,,533000.08,0,69,14,1,0,172411.19999999998
00157000020YJnzAAG,AMERICAS,AMERICAS West,M&A,2022-11-01,2023-01-01,Healthy,2022-10-31,"2023-10-30, 2024-10-30",,1141445.03,0,83,31,18,6,46759.67999999999
00157000020YJnzAAG,AMERICAS,AMERICAS West,M&A,2023-05-01,2023-05-01,Healthy,2022-10-31,"2023-10-30, 2024-10-30",,1141445.03,262500.03,108,38.6,18,6,46759.68
00157000020YJnzAAG,AMERICAS,AMERICAS West,M&A,2023-08-01,2023-10-01,Healthy,"2022-10-31, 2023-10-31","2023-10-30, 2024-10-30, 2025-10-30",,991445.0133333333,556500,115,45,16,6,51759.67999999999
00157000020YJnzAAG,AMERICAS,AMERICAS West,M&A,2023-05-01,2023-06-01,Healthy,2022-10-31,"2023-10-30, 2024-10-30",,878945,262500.03,108,34.25,18,6,46759.67999999999
00157000026r7giAAA,EMEA,EMEA Central,"HARD,SOFT & SERVICES",2023-08-01,2023-10-01,Healthy,2023-07-31,2027-07-30,Started,261109.5548330065,0,48,8.75,15,2,92474.31142
0015700001yNxwqAAC,EMEA,EMEA Central,"HARD,SOFT & SERVICES",2023-08-01,2023-10-01,Healthy,2023-06-30,2025-06-29,Implemented,146496.0307641664,0,39,6.25,22,2,58860.01236060259
0015700002IsJ5FAAV,EMEA,EMEA North,HOME & CONSUMER ELECTRONICS,2023-02-01,2023-03-01,Healthy,"2021-08-12, 2022-06-01","2024-08-11, 2024-07-31",Not started,1092456.200904977,0,438,170.6,595,0,44910
0015700002IsJ5FAAV,EMEA,EMEA North,HOME & CONSUMER ELECTRONICS,2023-05-01,2023-06-01,Healthy,"2022-06-01, 2021-08-12","2024-07-31, 2024-08-11",Implemented,1092456.200904977,0,405,141,609,1,44910
0012o00002uPYxkAAG,EMEA,EMEA Central,FOOD & BEVERAGES,2023-11-01,2023-12-01,Healthy,2023-07-31,2026-07-30,Lived,61039.525951633776,0,9,2.75,2,2,34821.02377908166
0015700002E7BQnAAN,AMERICAS,AMERICAS East,TELCO,2023-05-01,2023-05-01,Healthy,2022-02-01,2024-01-31,,533000.0800000001,0,69,17,1,0,172411.2
00157000020YJnzAAG,AMERICAS,AMERICAS West,M&A,2023-08-01,2023-09-01,Healthy,2022-10-31,"2024-10-30, 2023-10-30",,878945,556500,115,41,17,6,46759.68
00157000021STtcAAG,EMEA,EMEA UK,BFSI,2023-08-01,2023-08-01,Unhealthy,2023-07-31,2026-07-30,,1201710.1963736315,0,0,0,14,0,292904.4568647131
00157000026r7giAAA,EMEA,EMEA Central,"HARD,SOFT & SERVICES",2023-08-01,2023-09-01,Healthy,2023-07-31,2027-07-30,Started,261109.5548330065,0,48,8.5,6,1,92474.31142
00157000020GH2SAAW,EMEA,EMEA UK,GENERAL RETAILER,2023-05-01,2023-05-01,Healthy,"2022-05-19, 2023-04-28","2024-05-18, 2024-08-27",,222411.39413674193,0,48,17.8,38,0,38422.20494755279
0015700001u7XmsAAE,EMEA,EMEA UK,GENERAL RETAILER,2023-08-01,2023-10-01,Healthy,2023-04-25,2026-04-24,Implemented,162384.52758152442,0,21,9.5,7,1,0
0015700001u7XmsAAE,EMEA,EMEA UK,GENERAL RETAILER,2023-05-01,2023-05-01,Healthy,2023-04-25,2026-04-24,Implemented,162384.52758152445,0,25,9.8,7,0,0
001D000000viaLEIAY,EMEA,EMEA France,M&A,2023-02-01,2023-02-01,Unhealthy,"2022-02-22, 2023-02-22","2023-02-21, 2025-02-21",,216363.7439873016,149999.44256994931,13,4.5,2,0,0
001D000000viaLEIAY,EMEA,EMEA France,M&A,2023-08-01,2023-08-01,Unhealthy,2023-02-22,2025-02-21,,218000.0893800188,0,23,2,19,0,0
00157000029QSX5AAO,EMEA,EMEA France,"HARD,SOFT & SERVICES",2023-08-01,2023-10-01,Unhealthy,"2023-07-31, 2022-07-31, 2022-03-31",2023-12-30,,654728.1203864142,0,49,16.25,25,0,44510.159347133456
001D000000yodtjIAA,EMEA,EMEA France,AUTO,2022-11-01,2023-01-01,Healthy,"2021-09-24, 2022-03-25, 2021-12-31","2024-09-23, 2025-03-24, 2023-12-30",Lived,483925.9500000001,0,63,17.25,29,5,75349.95000000001
001D000000yodtjIAA,EMEA,EMEA France,AUTO,2023-05-01,2023-06-01,Healthy,"2023-03-24, 2023-03-25, 2022-03-25, 2021-09-24, 2023-02-25, 2021-12-31, 2023-06-25","2024-03-24, 2025-03-24, 2024-09-23, 2023-12-30",Lived,725723.7558295393,0,79,19,40,6,75349.95
0012o00002v2AfXAAU,APJ,APJ ASIA,GENERAL RETAILER,2023-11-01,2023-12-01,Unhealthy,2023-10-30,2024-10-29,,82229.95999999999,0,9,0,0,0,46147.42
0012o00002iPpBpAAK,AMERICAS,AMERICAS East,GENERAL RETAILER,2023-02-01,2023-04-01,Unhealthy,"2023-03-01, 2022-06-30","2024-06-30, 2024-06-29",Implemented,105000,0,4,0,0,0,15000
0012o00002iPpBpAAK,AMERICAS,AMERICAS East,GENERAL RETAILER,2023-08-01,2023-09-01,Unhealthy,"2022-06-30, 2023-03-01","2024-06-29, 2024-06-30",Implemented,105000,0,0,0,0,0,15000
0012o00002grS3IAAU,EMEA,EMEA France,FOOD & BEVERAGES,2022-11-01,2023-01-01,Unhealthy,"2023-01-01, 2021-07-01","2023-12-31, 2024-06-30",Partially implemented,532963.2352941176,0,22,6.5,11,1,180000
0012o00002grS3IAAU,EMEA,EMEA France,FOOD & BEVERAGES,2023-05-01,2023-05-01,Unhealthy,"2023-01-01, 2021-07-01, 2023-03-31","2023-12-31, 2024-06-30, 2025-03-30",Partially implemented,540593.1932964089,0,20,7.4,14,1,180000
001D000000viZaqIAE,EMEA,EMEA France,GENERAL RETAILER,2023-02-01,2023-02-01,Healthy,"2022-04-04, 2022-12-05","2023-04-03, 2024-12-04",Implemented,211764.70588235295,39348.00358066833,26,9.25,10,0,42352.94117647059
001D000000viZaqIAE,EMEA,EMEA France,GENERAL RETAILER,2023-08-01,2023-09-01,Unhealthy,"2022-12-05, 2023-04-04","2024-12-04, 2024-12-03",Implemented,218117.64705882355,0,13,4.25,10,1,48705.88235294118
00157000024ZPYuAAO,EMEA,EMEA UK,FASHION,2023-08-01,2023-10-01,Healthy,2023-09-20,2025-09-19,Implemented,260409.54086552653,361059.3952,30,7.5,28,0,44023.035443685665
00157000024ZPYuAAO,EMEA,EMEA UK,FASHION,2022-11-01,2023-01-01,Unhealthy,"2021-08-20, 2022-04-29, 2021-12-20","2023-09-19, 2023-09-28",Lived,385589.9281454666,0,28,10,27,0,48366.32432432433
00157000026Bxa4AAC,AMERICAS,AMERICAS West,FASHION,2023-02-01,2023-03-01,Healthy,"2022-07-01, 2022-09-01",2025-06-30,Lived,1209727.92,0,117,35.4,20,1,87998.16
0015700002F7YDSAA3,EMEA,EMEA UK,HOME & CONSUMER ELECTRONICS,2023-05-01,2023-07-01,Healthy,"2022-11-16, 2021-11-16",2024-11-15,Not started,232162.9332050508,0,18,4.25,11,0,45618.939015288044
00157000026Bxa4AAC,AMERICAS,AMERICAS West,FASHION,2023-11-01,2023-12-01,Healthy,"2022-09-01, 2022-07-01",2025-06-30,Partially implemented,1209727.92,0,98,23,24,1,87998.16
00157000026Bxa4AAC,AMERICAS,AMERICAS West,FASHION,2023-08-01,2023-10-01,Healthy,"2022-09-01, 2022-07-01",2025-06-30,Lived,1209727.92,0,109,42.25,22,1,87998.16000000002
0015700001ruBwIAAU,EMEA,EMEA UK,TELCO,2023-08-01,2023-08-01,Healthy,"2023-04-01, 2023-01-31","2025-03-31, 2025-03-30",Started,540585.4594594595,0,140,48.4,29,0,151601.1891891892
0012o00002tTy5hAAC,EMEA,EMEA Central,GOVERNMENT AND NON PROFIT,2023-08-01,2023-09-01,Unhealthy,2022-10-01,2025-09-30,Implemented,123289.41176470587,0,4,0,4,1,109279.2
0012o00002tTy5hAAC,EMEA,EMEA Central,GOVERNMENT AND NON PROFIT,2023-11-01,2023-11-01,Unhealthy,2022-10-01,2025-09-30,Implemented,123289.41176470586,0,5,0.8,4,1,109279.2
0012o00002tTy5hAAC,EMEA,EMEA Central,GOVERNMENT AND NON PROFIT,2023-05-01,2023-05-01,Unhealthy,2022-10-01,2025-09-30,Implemented,123289.41176470586,0,5,0.6,4,1,109279.2
00157000027d3HbAAI,EMEA,EMEA North,BFSI,2023-08-01,2023-10-01,Unhealthy,2023-09-30,2028-09-29,Lived,374815.8499113284,282892.5591832229,22,7,22,7,208290.93414109616
0012o00003DL8DFAA1,EMEA,EMEA North,COSMETICS,2023-05-01,2023-07-01,Unhealthy,"2022-04-29, 2023-07-01","2025-04-28, 2025-06-30",Not started,200462.82576778487,0,11,5,14,1,43600.09635602024
00157000027gXr7AAE,EMEA,EMEA UK,M&A,2023-11-01,2023-12-01,Healthy,2023-01-31,2025-03-30,Implemented,137214.1372141372,0,12,2.5,1,0,58688.28898128898
00157000021SQ9xAAG,EMEA,EMEA UK,GENERAL RETAILER,2023-05-01,2023-07-01,Healthy,2023-06-30,2025-06-29,Implemented,271881.65430106473,279689.1982574983,40,12,23,0,43350.12693602032
0012o00002v59jOAAQ,AMERICAS,AMERICAS West,GENERAL RETAILER,2023-11-01,2023-11-01,Unhealthy,"2022-12-31, 2023-01-31","2023-12-30, 2024-01-30",,339000.12,339000.12000000005,8,1.2,0,0,88490.51999999999
0015700001up0MiAAI,EMEA,EMEA UK,"TRAVEL, LEISURE AND LOGISTICS",2023-02-01,2023-04-01,Healthy,2021-12-31,2024-12-30,,127299.94144202695,0,16,5,5,0,30407.266012657637
0015700001up0MiAAI,EMEA,EMEA UK,"TRAVEL, LEISURE AND LOGISTICS",2023-08-01,2023-10-01,Healthy,2021-12-31,2024-12-30,,127299.94144202695,0,22,7.5,10,0,30407.266012657637
001D0000010w8ETIAY,EMEA,EMEA France,GENERAL RETAILER,2022-11-01,2023-01-01,Healthy,"2019-11-15, 2021-09-30, 2022-09-01, 2021-05-31, 2022-01-15, 2021-12-28","2023-03-14, 2023-12-29, 2024-08-31, 2023-06-30, 2023-01-14, 2023-12-27",Implemented,506817.9342070653,0,129,39.75,75,1,120458.84008941839
00157000021SG5FAAW,EMEA,EMEA UK,GENERAL RETAILER,2023-11-01,2023-11-01,Healthy,2022-06-30,2024-06-29,Implemented,210810.8108108108,0,54,14,25,2,38513.55405405405
00157000021SG5FAAW,EMEA,EMEA UK,GENERAL RETAILER,2023-11-01,2023-12-01,Healthy,2022-06-30,2024-06-29,Implemented,210810.8108108108,0,54,12.5,25,2,38513.554054054046
00157000021SSkMAAW,AMERICAS,AMERICAS West,FOOD & BEVERAGES,2023-05-01,2023-07-01,Healthy,"2022-10-31, 2023-07-04, 2021-06-30","2024-06-30, 2024-07-03, 2023-06-29",Lived,315933.38000000006,125000.04,36,8.25,6,0,170100.00000000003
00157000021SSkMAAW,AMERICAS,AMERICAS West,FOOD & BEVERAGES,2023-05-01,2023-06-01,Healthy,"2022-10-31, 2021-06-30","2024-06-30, 2023-06-29",Lived,295100.04000000004,125000.04,36,8.5,6,0,170099.99999999997
0017T00000529kbQAA,EMEA,EMEA France,HOME & CONSUMER ELECTRONICS,2023-05-01,2023-07-01,Healthy,2021-12-31,2024-12-30,,508153.04000000004,0,0,0,0,0,51846.96
0017T00000529kbQAA,EMEA,EMEA France,HOME & CONSUMER ELECTRONICS,2023-02-01,2023-04-01,Healthy,2021-12-31,2024-12-30,,508153.04000000004,0,0,0,0,0,51846.96
0012o00002v59jOAAQ,AMERICAS,AMERICAS West,GENERAL RETAILER,2023-08-01,2023-08-01,Healthy,"2022-12-31, 2023-01-31","2023-12-30, 2024-01-30",,339000.11999999994,0,55,28.6,0,0,88490.51999999999
00157000021SSkMAAW,AMERICAS,AMERICAS West,FOOD & BEVERAGES,2023-02-01,2023-03-01,Healthy,"2022-10-31, 2021-06-30","2024-06-30, 2023-06-29",Partially lived,295100.0400000001,0,44,14,6,0,170100
00157000021SQ9xAAG,EMEA,EMEA UK,GENERAL RETAILER,2023-11-01,2023-12-01,Healthy,2023-06-30,2025-06-29,Implemented,271881.65430106473,0,35,11,23,0,43350.126936020315
00157000023mB5AAAU,AMERICAS,AMERICAS West,GENERAL RETAILER,2023-11-01,2023-11-01,Unhealthy,2023-04-30,2025-06-29,,323076.92307692306,0,42,8.2,12,0,79803.24461538461
0015700002I8B9hAAF,AMERICAS,AMERICAS West,GENERAL RETAILER,2023-08-01,2023-08-01,Healthy,"2023-01-31, 2023-08-01","2024-07-30, 2024-07-31",Implemented,121752.12,0,16,5.4,4,0,27492
00157000026Yg1OAAS,AMERICAS,AMERICAS East,GENERAL RETAILER,2023-08-01,2023-08-01,Healthy,2023-01-31,2024-01-30,Not started,250000.08000000002,0,31,13,0,0,77666.63999999998
00157000026Yg1OAAS,AMERICAS,AMERICAS East,GENERAL RETAILER,2023-02-01,2023-02-01,Healthy,2023-01-31,2024-01-30,Not started,250000.07999999993,0,62,10.5,0,0,77666.63999999998
001D000001WUTfTIAX,EMEA,EMEA France,"TRAVEL, LEISURE AND LOGISTICS",2023-02-01,2023-02-01,Unhealthy,"2023-01-31, 2022-01-01, 2022-11-15","2023-12-30, 2023-12-31, 2023-11-14",Implemented,402774.8356617647,0,34,8.25,10,0,145468.7063
001D000001WUTfTIAX,EMEA,EMEA France,"TRAVEL, LEISURE AND LOGISTICS",2023-08-01,2023-09-01,Healthy,"2022-01-01, 2023-01-31, 2022-11-15","2023-12-31, 2023-12-30, 2023-11-14",Implemented,402774.8356617647,0,56,15.25,11,1,145468.7063
001D000001WUTfTIAX,EMEA,EMEA France,"TRAVEL, LEISURE AND LOGISTICS",2023-05-01,2023-07-01,Unhealthy,"2023-01-31, 2022-01-01, 2022-11-15","2023-12-30, 2023-12-31, 2023-11-14",Implemented,402774.8356617647,0,42,11.25,11,1,145468.70625000002
0017T000008TTyVQAW,EMEA,EMEA France,GOVERNMENT AND NON PROFIT,2023-05-01,2023-07-01,Unhealthy,2023-07-31,2024-07-30,,98704.44752793398,0,0,0,0,0,25082.551167335747
0012o00002zLycwAAC,EMEA,EMEA France,GOVERNMENT AND NON PROFIT,2023-02-01,2023-03-01,Healthy,2022-07-31,2023-08-30,Lived,152967.74660633484,0,23,6.6,6,0,49400.731221719456
0012o00002JMHjVAAX,EMEA,EMEA North,FOOD & BEVERAGES,2023-02-01,2023-04-01,Healthy,2022-12-31,2026-12-30,,142970.71764705883,0,17,8.75,11,0,47800.023529411774
0012o00002yZrG8AAK,EMEA,EMEA France,HEALTHCARE,2023-02-01,2023-02-01,Healthy,"2021-06-21, 2022-12-31, 2021-12-31","2023-06-20, 2026-06-30, 2023-06-30",Not started,129656.8588235294,0,12,2.75,16,0,29411.858823529405
001D000000qyDA7IAM,EMEA,EMEA France,M&A,2022-11-01,2023-01-01,Unhealthy,"2022-07-31, 2021-07-30, 2020-07-01, 2021-09-30","2024-09-30, 2023-10-29, 2023-10-31",Lived,442010.9117763873,0,8,3,6,0,58510.39290854038
001D000000qyDA7IAM,EMEA,EMEA France,M&A,2023-05-01,2023-07-01,Unhealthy,"2020-07-01, 2021-09-30, 2022-07-31, 2021-07-30","2023-10-31, 2023-10-29, 2024-09-30",Lived,442010.9117763873,0,16,4.25,5,1,58510.39290854038
001D000001aT1cnIAC,EMEA,EMEA France,M&A,2023-11-01,2023-11-01,Unhealthy,"2023-01-31, 2022-10-31",2025-12-30,,305786.4859796551,0,26,9.2,11,0,30936.927731092437
0012o00002MZCPgAAP,EMEA,EMEA North,GENERAL RETAILER,2023-08-01,2023-10-01,Healthy,2022-10-31,2025-12-30,Partially implemented,312074.2588235294,0,25,7.25,0,0,104027.20495356037
0012o00002MZCPgAAP,EMEA,EMEA North,GENERAL RETAILER,2023-11-01,2023-11-01,Unhealthy,2022-10-31,2025-12-30,Partially implemented,312074.2588235294,306039.9841296385,17,5.4,0,0,104027.20495356037
0012o00002MZCPgAAP,EMEA,EMEA North,GENERAL RETAILER,2022-11-01,2023-01-01,Unhealthy,2022-10-31,2025-12-30,Partially lived,312074.2588235294,0,4,2.5,0,0,104027.20495356037
0015700002BjSttAAF,EMEA,EMEA North,GENERAL RETAILER,2023-05-01,2023-06-01,Healthy,"2021-05-05, 2020-12-31, 2021-12-31","2024-01-04, 2023-12-30",Implemented,242459.13913945845,0,37,13.75,22,2,52500.05
0012o00002yZrG8AAK,EMEA,EMEA France,HEALTHCARE,2022-11-01,2023-01-01,Healthy,"2022-12-31, 2021-06-21, 2021-12-31","2026-06-30, 2023-06-20, 2023-06-30",Not started,129656.85882352939,0,12,4.25,15,0,29411.858823529405
001D000001aT1cnIAC,EMEA,EMEA France,M&A,2023-05-01,2023-07-01,Healthy,"2023-01-31, 2022-10-31",2025-12-30,,305786.48597965506,0,31,7.25,11,0,30936.927731092437
0012o00002MZCPgAAP,EMEA,EMEA North,GENERAL RETAILER,2023-02-01,2023-02-01,Unhealthy,2022-10-31,2025-12-30,Partially lived,312074.2588235294,0,13,4.25,0,0,104027.20495356037
0015700002E7ACoAAN,AMERICAS,AMERICAS West,GENERAL RETAILER,2023-05-01,2023-07-01,Healthy,"2022-10-18, 2022-12-30","2026-01-17, 2025-12-29",Lived,461018.7692307693,0,54,21,12,0,60556.209230769244
0015700002E7ACoAAN,AMERICAS,AMERICAS West,GENERAL RETAILER,2023-08-01,2023-10-01,Healthy,"2022-10-18, 2022-12-30, 2023-09-18","2026-01-17, 2025-12-29",Lived,461018.7692307692,0,68,23.25,14,0,60556.209230769244
00157000024ZCqeAAG,AMERICAS,AMERICAS West,GENERAL RETAILER,2023-11-01,2023-11-01,Unhealthy,2023-07-14,2025-07-13,Lived,1455070.7200000002,0,76,16.6,7,0,218806.225
00157000026BvjVAAS,EMEA,EMEA UK,FOOD & BEVERAGES,2023-05-01,2023-07-01,Healthy,"2021-12-18, 2023-01-15","2024-01-17, 2024-01-14",Lived,215230.27285320955,0,26,9,17,4,32643.243243243243
0012o00002LyrseAAB,EMEA,EMEA UK,FASHION,2023-08-01,2023-10-01,Healthy,2021-03-31,2024-03-30,,185612.21221838237,0,12,4.75,11,0,34303.984220167265
0012o00002LyrseAAB,EMEA,EMEA UK,FASHION,2023-02-01,2023-03-01,Healthy,2021-03-31,2024-03-30,,185612.2122183824,0,15,6.4,11,0,34303.98422016726
00157000020YJo5AAG,AMERICAS,AMERICAS West,GENERAL RETAILER,2023-05-01,2023-06-01,Unhealthy,"2022-06-30, 2023-06-30","2023-06-29, 2024-07-29",Not started,352473.1150769231,0,19,6.25,5,0,143703.024
0012o00002JL7ziAAD,EMEA,EMEA UK,"TRAVEL, LEISURE AND LOGISTICS",2023-02-01,2023-04-01,Healthy,"2021-12-23, 2022-09-06","2025-08-22, 2025-09-05",,199748.75675675677,0,36,12,22,1,95080.54054054055
00157000027AbEzAAK,EMEA,EMEA UK,GENERAL RETAILER,2022-11-01,2023-01-01,Healthy,2021-12-31,2023-12-30,Lived,1646962.3687973106,0,188,58.5,238,1,131325.2995903622
00157000027AbEzAAK,EMEA,EMEA UK,GENERAL RETAILER,2023-11-01,2023-12-01,Unhealthy,"2021-12-31, 2023-12-31, 2023-10-02","2023-12-30, 2026-12-30, 2024-10-01",Partially lived,1908327.9740558069,1857092.751237841,155,22,266,2,149441.4312889433
0012o00002LyrseAAB,EMEA,EMEA UK,FASHION,2023-11-01,2023-11-01,Unhealthy,2021-03-31,2024-03-30,,185612.2122183824,0,12,5,11,0,34303.98422016726
0012o00002LyrseAAB,EMEA,EMEA UK,FASHION,2023-08-01,2023-09-01,Healthy,2021-03-31,2024-03-30,,185612.21221838237,0,12,4.5,12,0,34303.98422016726
00157000020YJo5AAG,AMERICAS,AMERICAS West,GENERAL RETAILER,2023-08-01,2023-10-01,Healthy,2023-06-30,2024-07-29,Partially implemented,274865.37538461544,297500.04,61,8.75,3,0,174723.71999999994
0012o00002ZzYb0AAF,EMEA,EMEA South,BFSI,2023-05-01,2023-05-01,Unhealthy,2022-12-10,2024-03-09,,154838.74611005693,0,2,0.6,0,0,69052.23529411765
0015700002IBFM9AAP,EMEA,EMEA South,"ENERGY, UTILITIES & RESOURCES",2023-11-01,2023-11-01,Healthy,"2023-09-01, 2022-09-01, 2023-04-01, 2022-12-01, 2022-06-01",2024-05-31,,254453.85882352944,0,30,6.4,8,4,60000
0015700002H23k1AAB,EMEA,EMEA South,BFSI,2023-11-01,2023-12-01,Healthy,2023-07-08,2025-07-07,Implemented,93195.01957095409,0,29,3.5,14,7,27795.136636978696
0015700002H23k1AAB,EMEA,EMEA South,BFSI,2023-08-01,2023-08-01,Healthy,2023-07-08,2025-07-07,Implemented,93195.01957,0,20,6.4,15,7,27795.136636978692
0012o00002aVlq0AAC,EMEA,EMEA South,BFSI,2023-05-01,2023-06-01,Healthy,"2022-10-01, 2022-04-29","2024-12-31, 2024-04-28",Implemented,66666.66666666666,0,6,2,8,2,31372.549019607843
0012o00002aVlq0AAC,EMEA,EMEA South,BFSI,2023-02-01,2023-02-01,Healthy,"2022-10-01, 2022-04-29","2024-12-31, 2024-04-28",Partially lived,66666.66666666666,0,6,3.25,8,1,31372.549019607843
0015700002IAeimAAD,AMERICAS,AMERICAS West,BFSI,2023-02-01,2023-04-01,Healthy,"2020-12-24, 2023-04-24","2023-04-23, 2024-04-23",Lived,196300.19085714288,191000.23,24,8.25,3,0,28800
0015700002IAeimAAD,AMERICAS,AMERICAS West,BFSI,2023-02-01,2023-02-01,Healthy,2020-12-24,2023-04-23,Lived,191000.2285714286,191000.23,24,8.25,0,0,36000
0015700002IAeimAAD,AMERICAS,AMERICAS West,BFSI,2023-02-01,2023-03-01,Healthy,2020-12-24,2023-04-23,Lived,191000.2285714286,191000.23,24,9,1,0,36000
00157000027BFRhAAO,AMERICAS,AMERICAS West,GENERAL RETAILER,2023-08-01,2023-10-01,Unhealthy,2021-11-15,2024-02-14,Implemented,308222.28,0,7,1,4,1,124500
0012o00002qridqAAA,EMEA,EMEA South,FASHION,2023-08-01,2023-09-01,Unhealthy,2022-04-01,2025-04-30,Lived,123510.27281399045,0,4,1.5,1,0,36905.71192
001570000268telAAA,EMEA,EMEA UK,FOOD & BEVERAGES,2023-11-01,2023-12-01,Unhealthy,"2023-07-31, 2022-07-31",2024-07-30,Lived,338318.95999999985,0,0,0,0,0,61212.71675675677
001570000268telAAA,EMEA,EMEA UK,FOOD & BEVERAGES,2023-08-01,2023-08-01,Unhealthy,"2023-07-31, 2022-07-31",2024-07-30,Lived,338318.95999999996,0,0,0,0,0,61212.71675675677
0012o00002X91MoAAJ,EMEA,EMEA UK,FASHION,2023-08-01,2023-09-01,Healthy,2022-07-31,2025-07-30,Partially lived,395270.27027027035,0,92,33.5,62,0,43289.51351351351
0017T000008UqVVQA0,EMEA,EMEA South,"ENERGY, UTILITIES & RESOURCES",2023-11-01,2023-11-01,Unhealthy,2023-09-30,2026-10-29,,169686.51858552027,0,8,1.8,2,0,113518.40967670389
0017T000008UqVVQA0,EMEA,EMEA South,"ENERGY, UTILITIES & RESOURCES",2023-08-01,2023-09-01,Unhealthy,2023-09-30,2026-10-29,,169686.51858552027,0,3,0,0,0,113518.40967670389
0015700001unVFDAA2,EMEA,EMEA UK,GENERAL RETAILER,2023-08-01,2023-08-01,Healthy,"2023-07-31, 2022-07-31","2025-07-30, 2024-07-30",Partially lived,624311.3842898259,0,263,88.4,143,11,149908.34196824496
0015700002GUfcUAAT,EMEA,EMEA UK,TELCO,2023-08-01,2023-10-01,Unhealthy,2021-07-31,2024-07-30,,230067.36,0,17,2.5,8,0,135040.2
0015700002BB718AAD,AMERICAS,AMERICAS West,"TRAVEL, LEISURE AND LOGISTICS",2023-05-01,2023-05-01,Unhealthy,2022-12-10,2024-12-09,Implemented,115000.08,0,5,1.4,1,0,40303.200000000004
0015700002BB718AAD,AMERICAS,AMERICAS West,"TRAVEL, LEISURE AND LOGISTICS",2023-02-01,2023-04-01,Unhealthy,2022-12-10,2024-12-09,Implemented,115000.08,0,7,1.25,1,0,40303.2
0015700002BB718AAD,AMERICAS,AMERICAS West,"TRAVEL, LEISURE AND LOGISTICS",2023-08-01,2023-09-01,Unhealthy,2022-12-10,2024-12-09,Implemented,115000.08,0,1,0.75,1,0,40303.200000000004
001570000223DK4AAM,EMEA,EMEA UK,GENERAL RETAILER,2023-08-01,2023-10-01,Healthy,2023-06-11,2024-06-10,Lived,356700.10627201706,0,67,22.5,72,0,82983.39007734244
001570000223DK4AAM,EMEA,EMEA UK,GENERAL RETAILER,2023-11-01,2023-11-01,Healthy,2023-06-11,2024-06-10,Lived,356700.10627201706,0,97,28.6,73,0,82983.39007734242
0017T00000AjokmQAB,EMEA,EMEA MENAT,FASHION,2023-02-01,2023-04-01,Unhealthy,2023-01-31,2026-02-28,Lived,95455.65405405404,0,6,2.5,2,0,45290.52972972973
00157000027A7ewAAC,EMEA,EMEA MENAT,"TRAVEL, LEISURE AND LOGISTICS",2023-08-01,2023-10-01,Healthy,"2023-10-06, 2023-01-31","2024-10-05, 2024-01-30",Lived,168483.24000000002,0,9,7.25,5,0,54483.20000000001
00157000027A7ewAAC,EMEA,EMEA MENAT,"TRAVEL, LEISURE AND LOGISTICS",2023-11-01,2023-11-01,Healthy,"2023-01-31, 2023-10-06","2024-01-30, 2024-10-05",Lived,179379.87999999998,114000.04,9,5.8,5,0,65379.84000000001
0015700002GV9JeAAL,EMEA,EMEA UK,M&A,2023-08-01,2023-10-01,Unhealthy,2023-05-14,2024-05-13,Implemented,29520.004723200753,0,3,0.75,1,0,14760.002361600376
00157000023lXzrAAE,EMEA,EMEA UK,GENERAL RETAILER,2023-05-01,2023-05-01,Healthy,"2023-04-30, 2023-01-01","2023-12-29, 2023-12-31",Implemented,192676.3306100468,0,47,13.8,18,4,28235.29411764706
0017T0000054mjOQAQ,EMEA,EMEA UK,"HARD,SOFT & SERVICES",2023-02-01,2023-02-01,Healthy,2022-04-29,2025-04-28,Implemented,67545.89189189191,0,27,9.25,17,1,19710.810810810814
00157000021STtLAAW,EMEA,EMEA UK,"ENERGY, UTILITIES & RESOURCES",2022-11-01,2023-01-01,Unhealthy,2023-01-31,2026-01-30,,537369.4054054054,0,0,0,0,0,129170.1081081081
00157000021STtLAAW,EMEA,EMEA UK,"ENERGY, UTILITIES & RESOURCES",2023-08-01,2023-09-01,Healthy,2023-01-31,2026-01-30,Not started,537369.4054054053,0,44,13.25,36,0,129170.10810810812
00157000021STtLAAW,EMEA,EMEA UK,"ENERGY, UTILITIES & RESOURCES",2023-08-01,2023-08-01,Healthy,2023-01-31,2026-01-30,Not started,537369.4054054054,0,44,12.6,35,0,129170.10810810814
0012o00002mCxkjAAC,EMEA,EMEA UK,LUXURY,2023-02-01,2023-04-01,Healthy,"2022-10-01, 2021-09-30, 2022-08-01","2023-10-31, 2023-12-29, 2023-07-31",,138945.4544122566,0,12,6.25,3,0,40977.13097713098
00157000024ZopdAAC,EMEA,EMEA Central,HOME & CONSUMER ELECTRONICS,2023-05-01,2023-05-01,Unhealthy,2022-02-10,2024-02-09,,335620,0,31,7.4,17,4,71875
00157000024459pAAA,AMERICAS,AMERICAS East,BFSI,2023-02-01,2023-04-01,Healthy,"2022-12-10, 2022-12-31, 2023-04-30","2024-01-09, 2023-12-30, 2023-12-29",Implemented,834485.2492307692,0,170,37.25,52,0,151788
00157000024459pAAA,AMERICAS,AMERICAS East,BFSI,2023-11-01,2023-12-01,Healthy,"2022-12-31, 2023-04-30, 2022-12-10, 2023-07-31, 2023-12-31","2023-12-30, 2023-12-29, 2024-01-09, 2024-12-30",Implemented,1059785.6572307695,840485.25,215,35.5,66,0,151788
00157000020YJoDAAW,AMERICAS,AMERICAS East,BFSI,2022-11-01,2023-01-01,Healthy,2022-12-31,2023-12-30,,380990.04,349500.0800000001,94,16.25,4,0,16384.320000000003
00157000020YJoDAAW,AMERICAS,AMERICAS East,BFSI,2023-08-01,2023-08-01,Healthy,2022-12-31,2023-12-30,,380990.04000000004,0,145,29.6,5,0,16384.320000000003
001D0000017K5CMIA0,EMEA,EMEA France,LUXURY,2023-08-01,2023-08-01,Healthy,"2023-07-31, 2023-06-01, 2023-07-01, 2023-05-01, 2022-11-04, 2022-07-01, 2023-04-01, 2023-01-01, 2022-10-31","2025-06-30, 2025-07-03",,2495763.3843613267,0,33,7,37,2,121704.14117647056
001D0000017K5CMIA0,EMEA,EMEA France,LUXURY,2023-05-01,2023-06-01,Healthy,"2022-11-04, 2023-06-01, 2022-07-01, 2022-10-31, 2023-05-01, 2023-04-01, 2023-01-01","2025-07-03, 2025-06-30",,2323236.5188176422,0,18,6.75,29,2,121704.14117647058
0017T00000VYEV4QAP,EMEA,EMEA France,BFSI,2022-11-01,2023-01-01,Unhealthy,2023-01-31,2025-03-30,,110334.8850678733,0,0,0,1,0,72837.15475113122
0015700002E7ACjAAN,AMERICAS,AMERICAS East,TELCO,2023-05-01,2023-06-01,Unhealthy,"2022-06-30, 2023-06-30","2023-06-29, 2023-09-29",Implemented,247900,0,11,2,4,0,77769.09
0015700002E7ACjAAN,AMERICAS,AMERICAS East,TELCO,2023-02-01,2023-03-01,Unhealthy,2022-06-30,2023-06-29,Implemented,237999.99999999994,0,17,4.8,4,0,74065.8
0015700002E7ACjAAN,AMERICAS,AMERICAS East,TELCO,2023-08-01,2023-09-01,Unhealthy,"2023-06-30, 2022-06-30, 2023-09-30","2023-09-29, 2023-06-29, 2024-09-29",Implemented,345059.99999999994,238000,7,1.75,4,0,107395.41
001570000268telAAA,EMEA,EMEA UK,FOOD & BEVERAGES,2023-05-01,2023-05-01,Unhealthy,2022-07-31,2024-07-30,Lived,334318.9999999999,0,0,0,0,0,57212.75675675676
0017T000008UqVVQA0,EMEA,EMEA South,"ENERGY, UTILITIES & RESOURCES",2023-08-01,2023-10-01,Unhealthy,2023-09-30,2026-10-29,,169686.5185855203,0,3,0.75,0,0,113518.4096767039
00157000023lXzrAAE,EMEA,EMEA UK,GENERAL RETAILER,2023-02-01,2023-02-01,Healthy,2023-01-01,2023-12-31,Implemented,152936.61176470586,0,54,18.25,17,0,28235.29411764706
0012o00002JKvuYAAT,EMEA,EMEA North,GENERAL RETAILER,2023-11-01,2023-11-01,Unhealthy,"2021-09-27, 2021-03-27",2024-03-26,Lived,229203.4,0,0,0,14,0,74556
0012o00002JKvuYAAT,EMEA,EMEA North,GENERAL RETAILER,2023-05-01,2023-05-01,Unhealthy,"2021-09-27, 2021-03-27",2024-03-26,Lived,229203.4,0,1,0.2,14,0,74556
0012o00002JKvuYAAT,EMEA,EMEA North,GENERAL RETAILER,2022-11-01,2023-01-01,Healthy,"2021-03-27, 2021-09-27",2024-03-26,Lived,229203.4,0,17,7.25,14,0,74556
001D000001j28lUIAQ,EMEA,EMEA France,"HARD,SOFT & SERVICES",2023-08-01,2023-10-01,Unhealthy,"2023-03-01, 2022-12-01",2023-11-30,,180114.38823529414,0,15,1.5,27,4,119783.8588235294
001D000001j28lUIAQ,EMEA,EMEA France,"HARD,SOFT & SERVICES",2023-08-01,2023-09-01,Unhealthy,"2023-03-01, 2022-12-01",2023-11-30,,180114.38823529411,0,15,2.75,26,4,119783.8588235294
001D000001LgtF0IAJ,EMEA,EMEA France,"ENERGY, UTILITIES & RESOURCES",2023-05-01,2023-06-01,Unhealthy,2022-12-14,2023-12-13,Implemented,379882.44705882354,0,16,6,6,0,154682.40000000002
001D000001LgtF0IAJ,EMEA,EMEA France,"ENERGY, UTILITIES & RESOURCES",2022-11-01,2023-01-01,Unhealthy,2022-12-14,2023-12-13,Implemented,379882.4470588236,352929.81955661357,20,4.75,4,0,154682.40000000002
0012o00002sXA4zAAG,APJ,APJ ASIA,GOVERNMENT AND NON PROFIT,2023-08-01,2023-09-01,Unhealthy,"2021-12-31, 2023-01-10","2026-02-28, 2026-03-09",Lived,72422.28,0,4,0.5,0,0,31795.2
0017T00000547ZjQAI,APJ,APJ ANZ,GENERAL RETAILER,2023-11-01,2023-12-01,Healthy,"2023-07-29, 2023-02-20","2025-07-28, 2024-02-19",Implemented,79896.00000000001,0,22,6.5,11,0,20141.52
0012o000032YTQ1AAO,EMEA,EMEA MENAT,TELCO,2023-11-01,2023-11-01,Unhealthy,"2023-07-31, 2022-10-31","2024-01-30, 2023-11-30",,439541.5199999999,215924.40000000002,12,3.2,1,0,269537.0792307693
00157000024Y5L7AAK,APJ,APJ ANZ,TELCO,2023-02-01,2023-02-01,Healthy,2021-12-16,2023-12-15,Not started,289988,0,108,30,16,0,144000
00157000024Y5L7AAK,APJ,APJ ANZ,TELCO,2023-05-01,2023-07-01,Healthy,2021-12-16,2023-12-15,Not started,289988,0,70,15.25,17,0,144000
0012o00003CeWD1AAN,EMEA,EMEA France,BFSI,2023-02-01,2023-03-01,Unhealthy,2022-02-28,2024-05-27,Lived,62745.098039215685,0,0,0,1,0,62745.098039215685
0012o00003CeWD1AAN,EMEA,EMEA France,BFSI,2023-05-01,2023-06-01,Unhealthy,2022-02-28,2024-05-27,Lived,62745.098039215685,0,0,0,1,0,62745.098039215685
0017T000007TUSwQAO,EMEA,EMEA France,FOOD & BEVERAGES,2023-08-01,2023-08-01,Unhealthy,2022-03-31,2025-03-30,Lived,200592.56470588237,0,1,0,2,0,60313.69411764707
0012o00003CeWD1AAN,EMEA,EMEA France,BFSI,2023-11-01,2023-11-01,Unhealthy,2022-02-28,2024-05-27,Lived,62745.098039215685,0,0,0,1,0,62745.098039215685
001D000000xmYGOIA2,EMEA,EMEA France,"TRAVEL, LEISURE AND LOGISTICS",2023-02-01,2023-03-01,Unhealthy,"2022-10-31, 2022-09-01","2024-10-30, 2023-08-31",Lived,556682.3529411766,0,0,0,0,0,87292.09411764707
001D000000ymwoVIAQ,EMEA,EMEA France,GENERAL RETAILER,2023-08-01,2023-08-01,Healthy,"2023-08-01, 2022-10-01, 2023-03-01","2024-07-31, 2025-09-30",Implemented,232033.69664470357,0,43,5.8,15,0,63529.41176470589
0015700002G4DQhAAN,AMERICAS,AMERICAS West,BFSI,2023-11-01,2023-11-01,Unhealthy,2022-10-31,2025-10-30,Implemented,256000,0,25,4.4,2,1,66686.4
0015700002G4DQhAAN,AMERICAS,AMERICAS West,BFSI,2023-08-01,2023-08-01,Healthy,2022-10-31,2025-10-30,Implemented,256000,0,27,10.8,1,0,66686.4
0012o00002JyHRVAA3,AMERICAS,AMERICAS West,"ENERGY, UTILITIES & RESOURCES",2023-05-01,2023-07-01,Healthy,"2020-12-15, 2022-10-31, 2021-12-15","2023-12-14, 2023-11-30",Not started,185422.4088888889,0,25,6,8,0,0
0017T00000DjrXGQAZ,APJ,APJ Japan,"TRAVEL, LEISURE AND LOGISTICS",2022-11-01,2023-01-01,Healthy,2022-10-10,2023-10-09,,78768,0,20,6.75,0,0,40032
0017T00000DjrXGQAZ,APJ,APJ Japan,"TRAVEL, LEISURE AND LOGISTICS",2023-05-01,2023-06-01,Healthy,2022-10-10,2023-10-09,,78768,0,28,9,0,0,40032
0012o000036GOnAAAW,APJ,APJ Japan,FOOD & BEVERAGES,2023-02-01,2023-03-01,Healthy,2021-12-31,2024-09-30,,262650.12,0,92,38.6,0,0,78650.04
0012o000036GOnAAAW,APJ,APJ Japan,FOOD & BEVERAGES,2023-11-01,2023-12-01,Healthy,2021-12-31,2024-09-30,,262650.12,0,85,35,0,0,78650.04
0012o000036GOnAAAW,APJ,APJ Japan,FOOD & BEVERAGES,2023-11-01,2023-11-01,Healthy,2021-12-31,2024-09-30,,262650.12,0,85,34.4,0,0,78650.04
00157000020YJo1AAG,AMERICAS,AMERICAS West,GENERAL RETAILER,2023-05-01,2023-05-01,Unhealthy,"2022-07-29, 2023-01-31","2025-07-28, 2025-07-30",Lived,490000.07999999996,0,30,10,4,0,132689.63999999998
0012o00002JKvuYAAT,EMEA,EMEA North,GENERAL RETAILER,2023-02-01,2023-02-01,Unhealthy,"2021-09-27, 2021-03-27",2024-03-26,Lived,229203.4,0,15,9,14,0,74556
0017T00000547ZjQAI,APJ,APJ ANZ,GENERAL RETAILER,2023-02-01,2023-04-01,Healthy,"2023-02-20, 2022-07-29, 2022-12-08","2024-02-19, 2023-07-28, 2023-07-07",Lived,78000,0,20,7.25,8,0,12000
0015700002G4DQhAAN,AMERICAS,AMERICAS West,BFSI,2023-11-01,2023-12-01,Unhealthy,2022-10-31,2025-10-30,Implemented,256000,0,25,6,2,1,66686.4
0012o00002izOxrAAE,APJ,APJ ANZ,M&A,2023-11-01,2023-11-01,Unhealthy,2022-12-19,2023-12-18,Lived,377000.04,0,23,7.6,2,0,189427.08
0015700002EUAlxAAH,AMERICAS,AMERICAS East,AUTO,2023-11-01,2023-11-01,Unhealthy,2023-10-31,2025-10-30,,322500.0000000001,0,9,0,0,0,59798.9975
0015700002EVdsdAAD,AMERICAS,AMERICAS East,TELCO,2023-02-01,2023-03-01,Unhealthy,"2021-06-30, 2021-10-13, 2022-03-01, 2022-06-01","2023-08-29, 2023-09-12, 2023-08-31",Not started,769777.0153846154,0,54,10.8,1,0,95004
0015700002EVdsdAAD,AMERICAS,AMERICAS East,TELCO,2022-11-01,2023-01-01,Unhealthy,"2021-06-30, 2021-10-13, 2022-06-01, 2022-03-01","2023-08-29, 2023-09-12, 2023-08-31",Not started,769777.0153846155,0,53,14.25,0,0,95004
0015700002E7BRCAA3,AMERICAS,AMERICAS East,FOOD & BEVERAGES,2023-02-01,2023-02-01,Unhealthy,2021-03-05,2024-05-04,Implemented,250526.34105263156,0,23,2.5,0,0,90894.73684210525
00157000028bRaFAAU,AMERICAS,AMERICAS East,GENERAL RETAILER,2023-02-01,2023-03-01,Unhealthy,"2022-10-31, 2023-01-31",2025-01-30,Implemented,788333.4133333333,0,47,12.4,4,0,133333.33333333334
00157000028bRaFAAU,AMERICAS,AMERICAS East,GENERAL RETAILER,2022-11-01,2023-01-01,Unhealthy,"2022-10-31, 2021-01-31, 2023-01-31","2025-01-30, 2023-01-30",Partially lived,897500.0933333333,655000.08,40,9.5,4,0,133333.33333333334
00157000020YJoPAAW,AMERICAS,AMERICAS East,BFSI,2023-05-01,2023-07-01,Healthy,"2023-03-31, 2023-05-31",2026-03-30,Started,351000,0,89,29.75,6,0,54000
00157000026YVpNAAW,AMERICAS,AMERICAS East,"TRAVEL, LEISURE AND LOGISTICS",2022-11-01,2023-01-01,Healthy,"2021-12-31, 2023-01-31","2023-01-30, 2025-01-30",,225032.11589743593,200000.07,20,7.5,3,0,12705.659999999998
00157000026YVpNAAW,AMERICAS,AMERICAS East,"TRAVEL, LEISURE AND LOGISTICS",2023-08-01,2023-09-01,Healthy,2023-01-31,2025-01-30,,242500,0,24,5.75,6,0,76233.96
00157000026YVpNAAW,AMERICAS,AMERICAS East,"TRAVEL, LEISURE AND LOGISTICS",2023-08-01,2023-08-01,Healthy,2023-01-31,2025-01-30,,242500,0,24,6.2,6,0,76233.95999999999
0012o00002aTsULAA0,EMEA,EMEA South,GENERAL RETAILER,2023-11-01,2023-12-01,Unhealthy,2023-12-14,2024-12-13,,79460.11198662351,0,0,0,0,0,0
0012o00002rewJIAAY,AMERICAS,AMERICAS West,"HARD,SOFT & SERVICES",2022-11-01,2023-01-01,Unhealthy,2021-03-31,2023-03-30,Implemented,106000,0,7,2,0,0,46000
0015700002Hw86bAAB,AMERICAS,AMERICAS East,"HARD,SOFT & SERVICES",2023-08-01,2023-10-01,Unhealthy,2023-06-30,2024-06-29,Partially implemented,198000.00000000003,0,11,2.25,2,0,60648.719999999994
0015700002Hw86bAAB,AMERICAS,AMERICAS East,"HARD,SOFT & SERVICES",2022-11-01,2023-01-01,Unhealthy,2022-06-30,2023-06-29,Lived,198000,0,16,5.5,1,0,60648.719999999994
0015700002Hw86bAAB,AMERICAS,AMERICAS East,"HARD,SOFT & SERVICES",2023-02-01,2023-04-01,Unhealthy,2022-06-30,2023-06-29,Lived,198000,0,10,1,2,0,60648.719999999994
00157000026AfPpAAK,EMEA,EMEA UK,BFSI,2023-11-01,2023-12-01,Healthy,2022-03-30,2025-03-29,,351166.56,0,42,7,15,0,0
0015700001svWnvAAE,EMEA,EMEA UK,FASHION,2023-08-01,2023-10-01,Healthy,"2022-07-31, 2023-06-01, 2023-10-24","2024-07-30, 2024-07-31, 2025-07-23",Partially implemented,117960.20450505335,0,12,4.75,10,0,41463.95299647474
0015700001svWnvAAE,EMEA,EMEA UK,FASHION,2022-11-01,2023-01-01,Healthy,2022-07-31,2024-07-30,Partially implemented,111054.12162162166,0,12,3,4,0,37837.83783783783
0015700002By5jRAAR,EMEA,EMEA UK,BFSI,2023-02-01,2023-02-01,Healthy,2022-12-31,2025-12-30,Implemented,201626.91891891893,0,36,8.75,8,0,59459.35135135136
0015700002H40CQAAZ,EMEA,EMEA UK,FASHION,2023-02-01,2023-04-01,Healthy,2021-12-19,2024-12-18,Lived,463697,0,15,2,9,0,51846.96
0015700002H40CQAAZ,EMEA,EMEA UK,FASHION,2023-08-01,2023-08-01,Healthy,2021-12-19,2024-12-18,Partially implemented,463696.9999999999,0,17,5.6,15,0,51846.96
0015700002H40CQAAZ,EMEA,EMEA UK,FASHION,2023-05-01,2023-05-01,Healthy,2021-12-19,2024-12-18,Lived,463697,0,17,3.2,11,0,51846.96
0015700001rWZQfAAO,EMEA,EMEA France,FOOD & BEVERAGES,2023-02-01,2023-04-01,Unhealthy,2021-11-09,2024-01-08,Lived,152307.69230769228,0,8,2,0,0,76153.84615384616
001D000000via0TIAQ,EMEA,EMEA France,FOOD & BEVERAGES,2023-05-01,2023-07-01,Healthy,2023-04-01,2026-03-31,Started,174836.03671556772,0,46,12.75,18,0,57116.01199436252
001D000000via0TIAQ,EMEA,EMEA France,FOOD & BEVERAGES,2023-02-01,2023-04-01,Healthy,2023-04-01,2026-03-31,,174836.03671556775,153020.01392482128,38,10.5,12,0,57116.01199436252
001D000000via0TIAQ,EMEA,EMEA France,FOOD & BEVERAGES,2023-05-01,2023-05-01,Healthy,2023-04-01,2026-03-31,,174836.03671556775,0,46,13,12,0,57116.01199436252
0012o00002iOpoMAAS,APJ,APJ ASIA,GENERAL RETAILER,2023-08-01,2023-08-01,Healthy,2023-07-31,2024-09-30,Started,92571.41142857142,0,61,8,1,0,54900.88285714285
0012o00002iOquwAAC,APJ,APJ ASIA,TELCO,2023-02-01,2023-04-01,Unhealthy,2022-07-29,2024-10-28,,155556.05333333332,0,0,0,0,0,88356.26666666669
0012o00002iOquwAAC,APJ,APJ ASIA,TELCO,2023-05-01,2023-05-01,Unhealthy,2022-07-29,2024-10-28,,155556.05333333334,0,0,0,0,0,88356.26666666668
001D000001es1s2IAA,EMEA,EMEA France,BFSI,2023-02-01,2023-03-01,Healthy,2022-01-01,2023-12-31,Implemented,219159,0,19,5.4,11,2,84135
00157000020WWsWAAW,AMERICAS,AMERICAS West,GENERAL RETAILER,2023-02-01,2023-02-01,Unhealthy,2021-12-31,2023-12-30,,648900.0399999999,0,40,12.75,6,0,24299.999999999993
00157000020WWsWAAW,AMERICAS,AMERICAS West,GENERAL RETAILER,2023-05-01,2023-06-01,Unhealthy,2021-12-31,2023-12-30,,648900.04,0,35,9.25,6,0,24299.999999999993
001D000000ymwlWIAQ,EMEA,EMEA France,BFSI,2023-05-01,2023-06-01,Healthy,"2023-03-20, 2022-09-01, 2022-04-01","2024-12-19, 2024-12-31, 2024-08-31",,163435.3411764706,0,25,7.25,9,0,63529.41176470589
00157000020HEx2AAG,AMERICAS,AMERICAS East,GENERAL RETAILER,2023-11-01,2023-12-01,Healthy,2023-10-30,2027-01-29,,215384.6153846154,0,36,7.75,6,0,53777.909230769226
0012o00002KBfuXAAT,AMERICAS,AMERICAS East,"TRAVEL, LEISURE AND LOGISTICS",2023-08-01,2023-08-01,Unhealthy,2023-03-15,2024-03-14,Partially lived,203145,0,12,3,7,0,67151.64
0012o00002KBfuXAAT,AMERICAS,AMERICAS East,"TRAVEL, LEISURE AND LOGISTICS",2023-11-01,2023-12-01,Healthy,2023-03-15,2024-03-14,Partially lived,203144.99999999997,0,17,5.5,7,0,67151.64000000001
001D000001WTH47IAH,EMEA,EMEA France,BFSI,2023-08-01,2023-10-01,Unhealthy,2022-12-31,2024-12-30,,100000.09411764705,0,6,3,3,0,0
001D000001WTH47IAH,EMEA,EMEA France,BFSI,2023-02-01,2023-02-01,Healthy,2022-12-31,2024-12-30,,100000.09411764707,0,7,3,3,0,0
001D0000017K5DJIA0,EMEA,EMEA France,BFSI,2023-08-01,2023-10-01,Unhealthy,2023-10-31,2026-10-30,,272500.0644916802,0,0,0,8,0,98819.67145
0015700002584DfAAI,EMEA,EMEA France,BFSI,2023-08-01,2023-09-01,Unhealthy,"2023-01-01, 2023-01-31, 2023-05-01, 2022-07-01","2024-12-31, 2024-12-30, 2023-10-31, 2023-12-31",Lived,259750.58823529413,0,13,5.75,8,0,35294.117647058825
0017T00000KCDF0QAP,EMEA,EMEA France,BFSI,2023-11-01,2023-11-01,Unhealthy,2023-07-31,2025-06-30,Lived,110895.67546200489,0,14,3.2,0,0,62125.287185440735
0015700002HSQLHAA5,EMEA,EMEA UK,GENERAL RETAILER,2023-05-01,2023-05-01,Unhealthy,2022-04-20,2024-04-19,,324324.32432432426,0,25,4.2,18,0,154972.70270270266
0015700002HSQLHAA5,EMEA,EMEA UK,GENERAL RETAILER,2023-08-01,2023-08-01,Unhealthy,2022-04-20,2024-04-19,,324324.3243243243,0,18,2.8,18,0,154972.7027027027
00157000023oFnEAAU,EMEA,EMEA UK,GENERAL RETAILER,2023-11-01,2023-12-01,Unhealthy,2021-12-31,2024-03-30,Implemented,200007.11111111112,0,12,2.75,0,0,172597.3333333333
00157000023oFnEAAU,EMEA,EMEA UK,GENERAL RETAILER,2023-11-01,2023-11-01,Unhealthy,2021-12-31,2024-03-30,Implemented,200007.11111111112,0,12,2.4,0,0,172597.33333333334
001D000000wwTXkIAM,EMEA,EMEA France,FASHION,2023-08-01,2023-10-01,Healthy,"2021-12-31, 2023-05-01, 2022-02-16","2023-12-30, 2023-12-31, 2024-01-15",Lived,341804.5852941177,0,44,19.5,26,0,0
001570000279TObAAM,EMEA,EMEA France,FASHION,2023-11-01,2023-12-01,Unhealthy,2023-09-21,2025-09-20,,158050.05499051156,0,2,1.75,2,0,71948.25550913365
001D000001UZQ8hIAH,EMEA,EMEA UK,FASHION,2023-05-01,2023-05-01,Healthy,"2022-07-31, 2023-01-01, 2021-01-01, 2021-08-01","2023-07-30, 2023-07-31, 2022-12-31",Implemented,455072.3057376802,0,63,17.8,0,0,178991.61198885337
0015700002I75aQAAR,EMEA,EMEA UK,GENERAL RETAILER,2023-02-01,2023-04-01,Unhealthy,"2022-04-12, 2023-01-10, 2022-09-01","2023-12-11, 2024-01-09, 2023-08-31",Implemented,896268.0972972972,0,2,0.5,1,0,55459.45945945945
0015700002I75aQAAR,EMEA,EMEA UK,GENERAL RETAILER,2022-11-01,2023-01-01,Unhealthy,"2022-04-12, 2023-01-10, 2022-09-01","2023-12-11, 2024-01-09, 2023-08-31",Implemented,778457.9891891894,0,2,1,1,0,55459.45945945946
0015700001yOalHAAS,EMEA,EMEA Central,LUXURY,2023-11-01,2023-11-01,Healthy,2023-07-01,2025-06-30,Implemented,242176.25085701264,0,37,7.6,12,0,58860.012360602595
0015700002E7BQnAAN,AMERICAS,AMERICAS East,TELCO,2023-08-01,2023-09-01,Healthy,2022-02-01,2024-01-31,,533000.08,0,65,16.25,2,0,172411.19999999998
0015700002I75aQAAR,EMEA,EMEA UK,GENERAL RETAILER,2023-05-01,2023-07-01,Unhealthy,"2022-09-01, 2022-04-12, 2023-01-10","2023-08-31, 2023-12-11, 2024-01-09",Implemented,896268.0972972972,0,5,2,1,0,55459.45945945946
00157000020YJnzAAG,AMERICAS,AMERICAS West,M&A,2023-05-01,2023-07-01,Healthy,2022-10-31,"2023-10-30, 2024-10-30",,878945.0000000001,262500.03,108,38,18,6,46759.68
00157000020YJnzAAG,AMERICAS,AMERICAS West,M&A,2023-02-01,2023-02-01,Healthy,2022-10-31,"2023-10-30, 2024-10-30",,1141445.0300000003,0,99,35.5,18,6,46759.68000000001
00157000021STtcAAG,EMEA,EMEA UK,BFSI,2023-08-01,2023-10-01,Unhealthy,2023-07-31,2026-07-30,,1201710.196373631,0,0,0,14,0,292904.45686471317
00157000021STtcAAG,EMEA,EMEA UK,BFSI,2023-11-01,2023-11-01,Healthy,2023-07-31,2026-07-30,,1201710.1963736315,0,213,4.4,14,0,292904.4568647131
00157000021STtcAAG,EMEA,EMEA UK,BFSI,2023-05-01,2023-07-01,Unhealthy,2023-07-31,2026-07-30,,1201710.1963736315,0,0,0,14,0,292904.4568647131
0015700001yNxwqAAC,EMEA,EMEA Central,"HARD,SOFT & SERVICES",2023-05-01,2023-07-01,Healthy,2023-06-30,2025-06-29,Implemented,146496.03076416647,146899.21336782846,48,14.75,29,3,58860.01236060258
0015700001yNxwqAAC,EMEA,EMEA Central,"HARD,SOFT & SERVICES",2023-02-01,2023-03-01,Healthy,2021-06-30,2023-06-29,Partially implemented,168000,0,50,12.4,36,3,67500
00157000021SdS3AAK,EMEA,EMEA North,GENERAL RETAILER,2023-08-01,2023-10-01,Healthy,2022-08-31,2023-11-30,Implemented,408648.5999999999,0,131,41.25,64,4,177106.44000000003
0015700002IsJ5FAAV,EMEA,EMEA North,HOME & CONSUMER ELECTRONICS,2022-11-01,2023-01-01,Healthy,"2021-08-12, 2022-06-01","2024-08-11, 2024-07-31",Not started,1092456.200904977,0,356,145.5,574,0,44910
0012o00002uPYxkAAG,EMEA,EMEA Central,FOOD & BEVERAGES,2023-08-01,2023-10-01,Healthy,2023-07-31,2026-07-30,Lived,61039.525951633776,0,9,2.75,2,1,34821.02377908167
0015700002E7BQnAAN,AMERICAS,AMERICAS East,TELCO,2023-08-01,2023-10-01,Healthy,2022-02-01,2024-01-31,,533000.08,0,65,13,2,0,172411.2
0015700002I75aQAAR,EMEA,EMEA UK,GENERAL RETAILER,2023-05-01,2023-05-01,Unhealthy,"2022-04-12, 2023-01-10, 2022-09-01","2023-12-11, 2024-01-09, 2023-08-31",Implemented,896268.0972972974,0,5,1,1,0,55459.45945945945
0015700001yNxwqAAC,EMEA,EMEA Central,"HARD,SOFT & SERVICES",2023-05-01,2023-05-01,Healthy,2021-06-30,2023-06-29,Implemented,168000,146899.21336782846,48,9.2,33,3,67500
0015700001yNxwqAAC,EMEA,EMEA Central,"HARD,SOFT & SERVICES",2023-02-01,2023-04-01,Healthy,2021-06-30,2023-06-29,Implemented,168000,0,50,12,34,3,67500
0015700001yNxwqAAC,EMEA,EMEA Central,"HARD,SOFT & SERVICES",2023-08-01,2023-08-01,Healthy,2023-06-30,2025-06-29,Implemented,146496.03076416647,0,39,8.2,30,3,58860.012360602595
00157000021SdS3AAK,EMEA,EMEA North,GENERAL RETAILER,2023-02-01,2023-03-01,Healthy,2022-08-31,2023-11-30,Implemented,408648.5999999999,0,147,49.8,60,4,177106.44
0012o00002JLfcgAAD,EMEA,EMEA North,GENERAL RETAILER,2023-08-01,2023-09-01,Unhealthy,2023-01-01,2025-12-31,Implemented,86274.50980392158,0,4,2.25,9,2,46884.98823529411
0015700001yNxwqAAC,EMEA,EMEA Central,"HARD,SOFT & SERVICES",2023-11-01,2023-12-01,Healthy,2023-06-30,2025-06-29,Implemented,146496.03076416644,0,29,5,21,2,58860.012360602595
00157000020XsBpAAK,AMERICAS,AMERICAS East,TELCO,2023-08-01,2023-08-01,Healthy,"2023-04-30, 2021-12-31, 2023-01-02, 2020-12-31","2023-12-29, 2023-12-30, 2024-01-01",Partially implemented,5374992.659999998,0,1305,344.8,194,1,1347936.6
0012o00002grS3IAAU,EMEA,EMEA France,FOOD & BEVERAGES,2023-11-01,2023-11-01,Unhealthy,"2021-07-01, 2023-07-01, 2023-03-31, 2023-01-01","2024-06-30, 2025-03-30, 2023-12-31",Partially implemented,553309.9643669308,0,23,10.8,20,3,180000
0012o00002grS3IAAU,EMEA,EMEA France,FOOD & BEVERAGES,2023-05-01,2023-07-01,Unhealthy,"2021-07-01, 2023-07-01, 2023-03-31, 2023-01-01","2024-06-30, 2025-03-30, 2023-12-31",Partially implemented,553309.9643669307,0,20,9.75,13,2,180000
0012o00002grS3IAAU,EMEA,EMEA France,FOOD & BEVERAGES,2023-11-01,2023-12-01,Unhealthy,"2023-07-01, 2023-03-31, 2021-07-01, 2023-01-01","2024-06-30, 2025-03-30, 2023-12-31",Partially implemented,553309.9643669308,0,23,8.25,20,3,180000
0012o00002grS3IAAU,EMEA,EMEA France,FOOD & BEVERAGES,2023-02-01,2023-02-01,Unhealthy,"2021-07-01, 2023-01-01","2024-06-30, 2023-12-31",Partially implemented,532963.2352941176,0,20,7,12,1,180000
001D0000017K5AgIAK,EMEA,EMEA France,FASHION,2022-11-01,2023-01-01,Unhealthy,"2021-05-01, 2022-04-01","2023-04-30, 2024-03-31",Partially implemented,152444.59515871506,0,10,3.25,4,0,77444.59515871508
001D0000017K5AgIAK,EMEA,EMEA France,FASHION,2023-08-01,2023-09-01,Unhealthy,"2022-04-01, 2023-05-01","2024-03-31, 2025-04-30",Partially implemented,147794.1176470588,0,10,3.25,5,0,72794.11764705883
001D0000017K5AgIAK,EMEA,EMEA France,FASHION,2023-11-01,2023-12-01,Unhealthy,"2022-04-01, 2023-05-01","2024-03-31, 2025-04-30",Partially implemented,147794.11764705883,0,11,2,6,0,72794.11764705883
001D000000vhmNjIAI,EMEA,EMEA France,FASHION,2023-02-01,2023-04-01,Healthy,2022-09-01,2025-08-31,Implemented,210000,0,31,14.5,10,0,65027.1
001D000000vhmNjIAI,EMEA,EMEA France,FASHION,2023-08-01,2023-10-01,Healthy,2022-09-01,2025-08-31,Implemented,210000,0,30,13.5,12,0,65027.1
001D000000vhmNjIAI,EMEA,EMEA France,FASHION,2022-11-01,2023-01-01,Healthy,2022-09-01,2025-08-31,Implemented,209999.99999999997,0,38,15.25,10,0,65027.1
00157000024ZPYuAAO,EMEA,EMEA UK,FASHION,2023-05-01,2023-07-01,Healthy,"2022-04-29, 2021-08-20, 2021-12-20","2023-09-28, 2023-09-19",Implemented,385589.9281454666,0,38,15.25,28,0,48366.32432432434
00157000024ZPYuAAO,EMEA,EMEA UK,FASHION,2023-11-01,2023-11-01,Healthy,2023-09-20,2025-09-19,Implemented,260409.54086552653,0,32,8.6,28,0,44023.035443685665
00157000026Bxa4AAC,AMERICAS,AMERICAS West,FASHION,2023-08-01,2023-09-01,Healthy,"2022-07-01, 2022-09-01",2025-06-30,Lived,1209727.9200000002,0,109,29.5,21,1,87998.16
00157000020GqK7AAK,AMERICAS,AMERICAS East,GENERAL RETAILER,2023-05-01,2023-05-01,Healthy,2022-06-01,2023-05-31,Lived,795000.08,795000.0799999998,105,35.4,12,0,276387.95999999996
00157000020GqK7AAK,AMERICAS,AMERICAS East,GENERAL RETAILER,2022-11-01,2023-01-01,Healthy,2022-06-01,2023-05-31,Lived,795000.08,0,110,42.5,11,0,276387.95999999996
00157000020GqK7AAK,AMERICAS,AMERICAS East,GENERAL RETAILER,2023-11-01,2023-11-01,Healthy,2023-06-01,2024-05-31,Lived,795000.08,0,131,50.6,15,0,276387.95999999996
0015700002BzPdjAAF,EMEA,EMEA South,TELCO,2023-02-01,2023-04-01,Healthy,"2021-07-31, 2022-09-30","2024-09-30, 2024-09-29",Implemented,423152.3470588235,0,47,18,30,0,147231.24705882353
00157000020GqK7AAK,AMERICAS,AMERICAS East,GENERAL RETAILER,2023-02-01,2023-03-01,Healthy,2022-06-01,2023-05-31,Lived,795000.08,0,108,39.2,11,0,276387.95999999996
0015700002F7YDSAA3,EMEA,EMEA UK,HOME & CONSUMER ELECTRONICS,2023-02-01,2023-03-01,Healthy,"2021-11-16, 2022-11-16",2024-11-15,Not started,232162.93320505074,0,23,4.4,11,0,45618.93901528805
0015700001ruBwIAAU,EMEA,EMEA UK,TELCO,2023-08-01,2023-09-01,Healthy,"2023-01-31, 2023-04-01","2025-03-30, 2025-03-31",Started,540585.4594594596,0,140,43,29,0,151601.1891891892
0015700001ruBwIAAU,EMEA,EMEA UK,TELCO,2023-08-01,2023-10-01,Healthy,"2023-01-31, 2023-04-01","2025-03-30, 2025-03-31",Started,540585.4594594595,0,140,43.5,30,0,151601.1891891892
0015700001ruBwIAAU,EMEA,EMEA UK,TELCO,2023-02-01,2023-02-01,Healthy,"2023-01-31, 2021-04-01","2025-03-30, 2023-03-31",,534677.2492500758,308759.9428794105,141,37.25,22,0,151601.1891891892
0015700002Agn0xAAB,EMEA,EMEA North,"ENERGY, UTILITIES & RESOURCES",2022-11-01,2023-01-01,Healthy,"2022-07-01, 2022-01-17, 2021-10-01","2025-06-30, 2023-01-16, 2023-09-30",,159668.88593519366,21859.991059259188,21,3.5,5,4,15686.258823529412
0012o00003DL8DFAA1,EMEA,EMEA North,COSMETICS,2023-08-01,2023-08-01,Unhealthy,"2023-07-01, 2022-04-29","2025-06-30, 2025-04-28",Lived,200462.82576778496,0,14,4.6,13,1,43600.096356020236
0012o00003DL8DFAA1,EMEA,EMEA North,COSMETICS,2023-08-01,2023-10-01,Unhealthy,"2022-04-29, 2023-07-01","2025-04-28, 2025-06-30",Lived,200462.82576778496,0,14,5.25,13,1,43600.09635602024
00157000027gXr7AAE,EMEA,EMEA UK,M&A,2023-05-01,2023-05-01,Healthy,2023-01-31,2025-03-30,Lived,137214.13721413718,0,11,3.6,0,0,58688.28898128898
00157000027gXr7AAE,EMEA,EMEA UK,M&A,2023-02-01,2023-03-01,Unhealthy,2023-01-31,2025-03-30,Not started,137214.13721413724,0,9,4.8,0,0,58688.28898128898
00157000021SQ9xAAG,EMEA,EMEA UK,GENERAL RETAILER,2023-08-01,2023-10-01,Healthy,2023-06-30,2025-06-29,Implemented,271881.65430106473,0,35,13,23,0,43350.12693602032
00157000021SQ9xAAG,EMEA,EMEA UK,GENERAL RETAILER,2023-11-01,2023-11-01,Healthy,2023-06-30,2025-06-29,Implemented,271881.6543010648,0,35,13.6,23,0,43350.126936020315
0012o00002v59jOAAQ,AMERICAS,AMERICAS West,GENERAL RETAILER,2023-02-01,2023-02-01,Healthy,"2022-12-31, 2023-01-31","2023-12-30, 2024-01-30",,339000.12,0,70,31,0,0,88490.51999999999
0012o00002v59jOAAQ,AMERICAS,AMERICAS West,GENERAL RETAILER,2023-08-01,2023-10-01,Healthy,"2023-01-31, 2022-12-31","2024-01-30, 2023-12-30",,339000.12000000005,0,55,3,0,0,88490.52
0012o00002v59jOAAQ,AMERICAS,AMERICAS West,GENERAL RETAILER,2023-02-01,2023-04-01,Healthy,"2023-01-31, 2022-12-31","2024-01-30, 2023-12-30",,339000.12,0,70,32.5,0,0,88490.51999999999
0015700001up0MiAAI,EMEA,EMEA UK,"TRAVEL, LEISURE AND LOGISTICS",2023-02-01,2023-02-01,Healthy,2021-12-31,2024-12-30,,127299.94144202695,0,16,5.25,5,0,30407.266012657637
00157000021SG5FAAW,EMEA,EMEA UK,GENERAL RETAILER,2023-05-01,2023-06-01,Healthy,2022-06-30,2024-06-29,Implemented,210810.81081081083,0,52,20.25,26,2,38513.55405405405
00157000021SSkMAAW,AMERICAS,AMERICAS West,FOOD & BEVERAGES,2023-11-01,2023-11-01,Unhealthy,"2023-07-04, 2023-11-04, 2022-10-31","2024-07-03, 2026-01-03, 2024-06-30",Implemented,380484.72923076927,0,30,6.8,5,0,189311.53846153847
0017T00000529kbQAA,EMEA,EMEA France,HOME & CONSUMER ELECTRONICS,2023-02-01,2023-02-01,Healthy,2021-12-31,2024-12-30,,508153.04000000004,0,0,0,0,0,51846.96
00157000021SQ9xAAG,EMEA,EMEA UK,GENERAL RETAILER,2023-05-01,2023-05-01,Healthy,2021-06-30,2023-06-29,Implemented,301030.8615258037,279689.1982574983,40,13.4,23,0,53666.97531319136
00157000020GH2SAAW,EMEA,EMEA UK,GENERAL RETAILER,2023-05-01,2023-06-01,Healthy,"2023-04-28, 2022-05-19","2024-08-27, 2024-05-18",,222411.3941,0,48,20.75,38,0,38422.20495
0012o00002qrYhYAAU,EMEA,EMEA UK,BFSI,2023-08-01,2023-08-01,Healthy,"2022-12-31, 2023-04-05","2024-12-30, 2025-01-04",Not started,216165.0872595383,0,30,9,23,0,44870.27027027027
0012o00002qrYhYAAU,EMEA,EMEA UK,BFSI,2023-05-01,2023-06-01,Healthy,"2023-04-05, 2022-12-31","2025-01-04, 2024-12-30",,216165.08725953833,0,23,9.25,24,0,44870.27027027027
0015700001u7XmsAAE,EMEA,EMEA UK,GENERAL RETAILER,2023-08-01,2023-08-01,Healthy,2023-04-25,2026-04-24,Implemented,162384.52758152442,0,21,8.8,8,1,0
0015700001u7XmsAAE,EMEA,EMEA UK,GENERAL RETAILER,2023-05-01,2023-06-01,Healthy,2023-04-25,2026-04-24,Implemented,162384.52758152442,0,25,12.25,7,0,0
0015700002IAeheAAD,AMERICAS,AMERICAS West,TELCO,2023-08-01,2023-10-01,Healthy,2023-05-01,2024-04-30,Not started,451688.04,0,132,32.5,0,0,88926.12
00157000024Y9JYAA0,AMERICAS,AMERICAS West,"TRAVEL, LEISURE AND LOGISTICS",2022-11-01,2023-01-01,Unhealthy,2021-12-30,2024-12-29,Lived,145000.08000000002,0,11,1,4,0,115750.08
001D000001WUxyEIAT,EMEA,EMEA France,"TRAVEL, LEISURE AND LOGISTICS",2023-11-01,2023-12-01,Healthy,2023-06-01,2026-05-31,Partially implemented,261604.5021369455,0,35,6.25,23,0,59614.33611901058
00157000029QSX5AAO,EMEA,EMEA France,"HARD,SOFT & SERVICES",2023-08-01,2023-08-01,Unhealthy,"2022-07-31, 2022-03-31, 2023-07-31",2023-12-30,,654728.1203864142,0,49,7.6,22,0,44510.15934713346
001D000000yodtjIAA,EMEA,EMEA France,AUTO,2023-05-01,2023-05-01,Healthy,"2022-03-25, 2023-03-25, 2021-12-31, 2021-09-24, 2023-03-24, 2023-02-25","2025-03-24, 2023-12-30, 2024-09-23, 2024-03-24",Lived,725723.7558,0,79,14.4,30,6,75349.95
0015700002I8B9hAAF,AMERICAS,AMERICAS West,GENERAL RETAILER,2023-05-01,2023-06-01,Healthy,"2021-08-01, 2023-01-31, 2022-07-31","2023-07-31, 2024-07-30, 2023-07-30",Not started,159552.00000000003,119100,13,6,4,0,27492
0015700002I8B9hAAF,AMERICAS,AMERICAS West,GENERAL RETAILER,2023-05-01,2023-07-01,Healthy,"2022-07-31, 2021-08-01, 2023-01-31","2023-07-30, 2023-07-31, 2024-07-30",Lived,159551.99999999997,119100,13,7,4,0,27492
00157000023mB5AAAU,AMERICAS,AMERICAS West,GENERAL RETAILER,2023-08-01,2023-09-01,Unhealthy,2023-04-30,2025-06-29,,323076.9230769231,0,33,8.25,11,0,79803.24461538462
0015700002I8B9hAAF,AMERICAS,AMERICAS West,GENERAL RETAILER,2023-02-01,2023-03-01,Healthy,"2023-01-31, 2021-08-01, 2022-07-31","2024-07-30, 2023-07-31, 2023-07-30",Not started,159552.00000000003,0,16,4.6,4,0,27492
001D000001WUTfTIAX,EMEA,EMEA France,"TRAVEL, LEISURE AND LOGISTICS",2023-08-01,2023-08-01,Healthy,"2022-01-01, 2023-01-31, 2022-11-15","2023-12-31, 2023-12-30, 2023-11-14",Implemented,402774.83566176466,0,56,10.4,9,1,145468.7063
0012o00002zLycwAAC,EMEA,EMEA France,GOVERNMENT AND NON PROFIT,2023-08-01,2023-09-01,Healthy,2023-09-01,2024-08-31,Implemented,179741.69174575526,153957.58941014064,19,4.25,7,0,65595.88677513624
0012o00002zLycwAAC,EMEA,EMEA France,GOVERNMENT AND NON PROFIT,2023-05-01,2023-06-01,Healthy,2022-07-31,2023-08-30,Lived,152967.7466063348,0,14,4.5,6,0,49400.731221719456
0012o00002zLycwAAC,EMEA,EMEA France,GOVERNMENT AND NON PROFIT,2023-11-01,2023-12-01,Unhealthy,2023-09-01,2024-08-31,Implemented,179741.69174575526,0,21,3.75,7,0,65595.88677513621
0012o00002zLycwAAC,EMEA,EMEA France,GOVERNMENT AND NON PROFIT,2023-05-01,2023-05-01,Healthy,2022-07-31,2023-08-30,Lived,152967.74660633484,0,14,5,6,0,49400.731221719456
0012o00002JMHjVAAX,EMEA,EMEA North,FOOD & BEVERAGES,2023-08-01,2023-09-01,Healthy,2022-12-31,2026-12-30,,142970.71764705883,0,13,6.75,9,0,47800.023529411774
0012o00002JMHjVAAX,EMEA,EMEA North,FOOD & BEVERAGES,2023-08-01,2023-08-01,Healthy,2022-12-31,2026-12-30,,142970.71764705883,0,13,4.6,11,0,47800.02352941178
0012o00002yZrG8AAK,EMEA,EMEA France,HEALTHCARE,2023-02-01,2023-03-01,Healthy,"2021-06-21, 2021-12-31, 2022-12-31","2023-06-20, 2023-06-30, 2026-06-30",Not started,129656.85882352942,0,12,4.4,16,0,29411.858823529405
0012o00002yZrG8AAK,EMEA,EMEA France,HEALTHCARE,2023-05-01,2023-05-01,Healthy,"2022-12-31, 2021-06-21, 2021-12-31","2026-06-30, 2023-06-20, 2023-06-30",Not started,129656.8588235294,87654.23597653549,15,4.8,15,0,29411.858823529405
0012o00002yZrG8AAK,EMEA,EMEA France,HEALTHCARE,2023-08-01,2023-08-01,Healthy,"2023-06-21, 2022-12-31","2026-06-20, 2026-06-30",Lived,123760.09411764707,0,18,6,16,0,29411.858823529405
001D000000xmDJ0IAM,EMEA,EMEA France,GENERAL RETAILER,2023-11-01,2023-12-01,Healthy,"2022-10-28, 2023-10-31","2024-10-27, 2025-10-30",Partially implemented,279529.4117647059,0,28,7,66,0,84705.88235294117
001D000000wpXSdIAM,EMEA,EMEA France,GENERAL RETAILER,2023-02-01,2023-02-01,Unhealthy,2021-06-30,2024-10-29,Implemented,393750.06,0,21,9.75,21,10,182812.53
0012o00002MZCPgAAP,EMEA,EMEA North,GENERAL RETAILER,2023-08-01,2023-09-01,Healthy,2022-10-31,2025-12-30,Partially implemented,312074.25882352947,0,25,10.75,0,0,104027.20495356037
0015700002BjSttAAF,EMEA,EMEA North,GENERAL RETAILER,2023-02-01,2023-03-01,Healthy,"2021-12-31, 2020-12-31, 2021-05-05","2023-12-30, 2024-01-04",Implemented,242459.13913945845,0,39,13.2,22,2,52500.05
0012o00003EBGKbAAP,EMEA,EMEA France,GENERAL RETAILER,2023-11-01,2023-12-01,Unhealthy,2023-10-31,2027-12-30,,129340.29916146281,0,7,0.75,2,0,48444.47418933957
001D000000wpXSdIAM,EMEA,EMEA France,GENERAL RETAILER,2023-08-01,2023-09-01,Unhealthy,2021-06-30,2024-10-29,Implemented,393750.06,0,13,1.75,22,10,182812.53
0015700002E7ACoAAN,AMERICAS,AMERICAS West,GENERAL RETAILER,2022-11-01,2023-01-01,Healthy,"2022-10-18, 2022-12-30","2026-01-17, 2025-12-29",Lived,461018.7692307693,0,47,17.5,10,0,60556.209230769244
0015700002E7ACoAAN,AMERICAS,AMERICAS West,GENERAL RETAILER,2023-08-01,2023-09-01,Healthy,"2022-10-18, 2022-12-30, 2023-09-18","2026-01-17, 2025-12-29",Lived,461018.7692307693,0,68,23.75,14,0,60556.20923076924
00157000026BvjVAAS,EMEA,EMEA UK,FOOD & BEVERAGES,2023-11-01,2023-11-01,Healthy,"2023-01-15, 2021-12-18","2024-01-14, 2024-01-17",Implemented,215230.27285320964,199716.68785241272,34,8.4,23,7,32643.243243243243
00157000026BvjVAAS,EMEA,EMEA UK,FOOD & BEVERAGES,2023-11-01,2023-12-01,Healthy,"2023-01-15, 2021-12-18","2024-01-14, 2024-01-17",Implemented,215230.27285320964,199716.68785241272,34,8,24,7,32643.243243243243
0012o00002KBNpiAAH,EMEA,EMEA UK,AUTO,2023-02-01,2023-04-01,Healthy,"2022-10-31, 2021-03-31",2024-03-30,Lived,147245.15677805955,0,12,4,10,0,35657.38359760355
0012o00002LyrseAAB,EMEA,EMEA UK,FASHION,2023-05-01,2023-07-01,Healthy,2021-03-31,2024-03-30,,185612.21221838237,0,15,5.75,14,0,34303.984220167265
0012o00002LyrseAAB,EMEA,EMEA UK,FASHION,2023-11-01,2023-12-01,Unhealthy,2021-03-31,2024-03-30,,185612.21221838237,0,12,4,11,0,34303.98422016726
00157000020YJo5AAG,AMERICAS,AMERICAS West,GENERAL RETAILER,2022-11-01,2023-01-01,Unhealthy,2022-06-30,2023-06-29,Not started,297500.04000000004,0,22,7,5,0,108758.27999999998
00157000020YJo5AAG,AMERICAS,AMERICAS West,GENERAL RETAILER,2023-02-01,2023-02-01,Unhealthy,2022-06-30,2023-06-29,Not started,297500.04,0,17,4,5,0,108758.27999999998
0017T000008TTyVQAW,EMEA,EMEA France,GOVERNMENT AND NON PROFIT,2023-08-01,2023-10-01,Healthy,2023-07-31,2024-07-30,,98704.44752793398,0,7,3.5,6,0,25082.55116733575
0012o00002ZzYb0AAF,EMEA,EMEA South,BFSI,2023-02-01,2023-04-01,Unhealthy,2022-12-10,2024-03-09,,154838.74611005693,0,0,0,0,0,69052.23529411765
0012o000035UaDBAA0,EMEA,EMEA South,"ENERGY, UTILITIES & RESOURCES",2023-08-01,2023-10-01,Unhealthy,2023-09-20,2026-09-19,Started,119464.0214541112,0,6,2.25,0,0,55743.64720616592
0012o000035UaDBAA0,EMEA,EMEA South,"ENERGY, UTILITIES & RESOURCES",2023-11-01,2023-12-01,Unhealthy,2023-09-20,2026-09-19,Started,119464.02145411118,0,15,1.25,2,0,55743.64720616591
0015700002IBFM9AAP,EMEA,EMEA South,"ENERGY, UTILITIES & RESOURCES",2023-05-01,2023-06-01,Unhealthy,"2023-04-01, 2022-09-01, 2022-12-01, 2022-06-01",2024-05-31,,239630.32941176477,0,17,3.5,9,4,60000
0015700002IBFM9AAP,EMEA,EMEA South,"ENERGY, UTILITIES & RESOURCES",2023-02-01,2023-02-01,Healthy,"2022-09-01, 2022-12-01, 2022-06-01",2024-05-31,,219865.6235294117,0,17,6,9,2,60000
0012o00002ouGAEAA2,EMEA,EMEA South,AUTO,2023-08-01,2023-10-01,Healthy,2023-07-31,2024-07-30,,117720.28632126011,0,12,4.25,5,0,58034.14098716961
0015700002H23k1AAB,EMEA,EMEA South,BFSI,2023-05-01,2023-06-01,Healthy,2021-07-08,2023-07-07,Implemented,131875,104928.00954844887,21,5.25,15,7,56875
0012o00002aVlq0AAC,EMEA,EMEA South,BFSI,2023-02-01,2023-03-01,Healthy,"2022-10-01, 2022-04-29","2024-12-31, 2024-04-28",Partially implemented,66666.66666666666,0,6,2.2,8,2,31372.549019607843
001D000000sWJ8GIAW,EMEA,EMEA France,FOOD & BEVERAGES,2023-05-01,2023-06-01,Healthy,"2022-04-30, 2021-06-30, 2023-06-30","2023-06-29, 2025-06-29",Partially implemented,682107.7494547274,509766.50238875166,16,3.5,28,0,119988.87825024442
001D000000sWJ8GIAW,EMEA,EMEA France,FOOD & BEVERAGES,2023-11-01,2023-12-01,Healthy,2023-06-30,2025-06-29,Partially implemented,495588.74727363687,0,11,3.25,32,0,116434.39125122219
001D000000sWJ8GIAW,EMEA,EMEA France,FOOD & BEVERAGES,2022-11-01,2023-01-01,Healthy,"2021-06-30, 2022-04-30",2023-06-29,Partially implemented,582990,0,19,5.5,25,0,96701.99999999999
0012o00002grCmNAAU,EMEA,EMEA France,"TRAVEL, LEISURE AND LOGISTICS",2023-05-01,2023-07-01,Unhealthy,2023-06-30,2026-06-29,,474150.09957152075,336917.9145995303,9,4.25,7,0,47479.10197061141
00157000027BFRhAAO,AMERICAS,AMERICAS West,GENERAL RETAILER,2023-08-01,2023-08-01,Unhealthy,2021-11-15,2024-02-14,Implemented,308222.28,0,7,3,4,1,124500
00157000027BFRhAAO,AMERICAS,AMERICAS West,GENERAL RETAILER,2023-11-01,2023-12-01,Unhealthy,2021-11-15,2024-02-14,Implemented,308222.27999999997,0,12,2.5,4,1,124500
0015700002IAeimAAD,AMERICAS,AMERICAS West,BFSI,2022-11-01,2023-01-01,Healthy,2020-12-24,2023-04-23,Lived,191000.2285714286,0,20,5.75,0,0,36000
0012o00002grCmNAAU,EMEA,EMEA France,"TRAVEL, LEISURE AND LOGISTICS",2023-05-01,2023-06-01,Unhealthy,"2022-07-30, 2022-11-30, 2021-06-30, 2021-11-30, 2023-06-30","2023-06-29, 2026-06-29",,475492.4699143042,336917.9145995303,9,6.25,5,0,9495.820394122282
0012o00002qridqAAA,EMEA,EMEA South,FASHION,2023-08-01,2023-08-01,Unhealthy,2022-04-01,2025-04-30,Lived,123510.27281399051,0,4,0.8,1,0,36905.711923688395
0015700001rxLCeAAM,EMEA,EMEA UK,FASHION,2022-11-01,2023-01-01,Healthy,2021-06-01,2023-06-30,Lived,324984.6905070424,0,55,18,77,1,105249.98358500756
0015700001rxLCeAAM,EMEA,EMEA UK,FASHION,2023-08-01,2023-10-01,Healthy,2023-07-01,2026-06-30,Partially lived,345946.05405405414,0,62,16.25,79,1,124004.21621621626
0015700001rxLCeAAM,EMEA,EMEA UK,FASHION,2023-02-01,2023-02-01,Healthy,2021-06-01,2023-06-30,Lived,324984.69050704245,0,78,21.75,77,1,105249.98358500756
001570000268telAAA,EMEA,EMEA UK,FOOD & BEVERAGES,2023-02-01,2023-03-01,Unhealthy,2022-07-31,2024-07-30,Lived,334318.99999999994,0,0,0,0,0,57212.75675675676
001D0000017K5AYIA0,EMEA,EMEA UK,GENERAL RETAILER,2023-02-01,2023-02-01,Healthy,2021-12-31,2023-08-30,Partially implemented,1109616.8218162623,0,71,33.25,50,8,369208.8509639286
001D0000017K5AYIA0,EMEA,EMEA UK,GENERAL RETAILER,2023-08-01,2023-09-01,Healthy,2023-09-01,2026-08-31,Partially implemented,908970.2438352391,1030950.2460742046,91,20.5,50,9,324759.60876153735
00157000028ZufSAAS,EMEA,EMEA South,GENERAL RETAILER,2023-11-01,2023-11-01,Unhealthy,"2022-09-30, 2023-10-31, 2023-04-30","2024-09-29, 2026-12-30",Started,404921.2102445996,0,14,6.2,10,0,42671.278476757965
0015700001unVFDAA2,EMEA,EMEA UK,GENERAL RETAILER,2023-08-01,2023-09-01,Healthy,"2022-07-31, 2023-07-31","2024-07-30, 2025-07-30",Partially lived,624311.3842898257,0,263,91.25,146,11,149908.34196824496
0015700002GUfcUAAT,EMEA,EMEA UK,TELCO,2023-05-01,2023-06-01,Unhealthy,2021-07-31,2024-07-30,,230067.36000000002,0,16,6.5,8,0,135040.2
0015700002BB718AAD,AMERICAS,AMERICAS West,"TRAVEL, LEISURE AND LOGISTICS",2023-11-01,2023-11-01,Unhealthy,2022-12-10,2024-12-09,Implemented,115000.08,0,6,1.8,1,0,40303.2
0017T00000AjokmQAB,EMEA,EMEA MENAT,FASHION,2023-08-01,2023-10-01,Unhealthy,2023-01-31,2026-02-28,Lived,95455.65405405402,0,4,2.25,2,0,45290.52972972973
0015700002GV9JeAAL,EMEA,EMEA UK,M&A,2023-08-01,2023-08-01,Unhealthy,2023-05-14,2024-05-13,Implemented,29520.004723200756,0,3,0,1,0,14760.002361600378
0015700002GV9JeAAL,EMEA,EMEA UK,M&A,2023-02-01,2023-02-01,Unhealthy,2022-05-14,2023-05-13,Implemented,32432.432432432433,0,3,0.75,1,0,16216.216216216217
00157000023lXzrAAE,EMEA,EMEA UK,GENERAL RETAILER,2023-08-01,2023-09-01,Healthy,"2023-01-01, 2023-04-30","2023-12-31, 2023-12-29",Implemented,192676.3306100468,0,59,22,19,4,28235.29411764706
00157000023lXzrAAE,EMEA,EMEA UK,GENERAL RETAILER,2023-08-01,2023-10-01,Healthy,"2023-04-30, 2023-01-01","2023-12-29, 2023-12-31",Implemented,192676.33061004686,0,59,21.25,19,4,28235.29411764706
00157000023lXzrAAE,EMEA,EMEA UK,GENERAL RETAILER,2023-02-01,2023-04-01,Healthy,"2023-01-01, 2023-04-30","2023-12-31, 2023-12-29",Implemented,160884.55553377408,0,54,10.75,18,0,28235.29411764706
0017T0000054mjOQAQ,EMEA,EMEA UK,"HARD,SOFT & SERVICES",2023-08-01,2023-10-01,Healthy,2022-04-29,2025-04-28,Implemented,67545.89189,0,21,5,20,1,19710.810810810814
0017T0000054mjOQAQ,EMEA,EMEA UK,"HARD,SOFT & SERVICES",2023-11-01,2023-12-01,Healthy,2022-04-29,2025-04-28,Implemented,67545.89189189191,0,15,3.25,20,1,19710.81081081081
0017T0000054mjOQAQ,EMEA,EMEA UK,"HARD,SOFT & SERVICES",2023-05-01,2023-07-01,Healthy,2022-04-29,2025-04-28,Implemented,67545.89189189191,0,21,7.75,18,1,19710.810810810817
0012o00002mCxkjAAC,EMEA,EMEA UK,LUXURY,2023-02-01,2023-03-01,Healthy,"2022-08-01, 2021-09-30, 2022-10-01","2023-07-31, 2023-12-29, 2023-10-31",,138945.4544122566,0,12,6.8,4,0,40977.130977130975
0012o00002mCxkjAAC,EMEA,EMEA UK,LUXURY,2023-11-01,2023-11-01,Healthy,"2021-09-30, 2022-10-01","2023-12-29, 2023-10-31",,84359.17582597802,132685.8504531177,5,1.4,3,0,8195.426195426197
00157000024ZopdAAC,EMEA,EMEA Central,HOME & CONSUMER ELECTRONICS,2023-08-01,2023-10-01,Unhealthy,"2022-02-10, 2023-06-10",2024-02-09,,335620,0,29,6.25,20,3,71875
00157000024459pAAA,AMERICAS,AMERICAS East,BFSI,2023-08-01,2023-10-01,Healthy,"2023-04-30, 2022-12-31, 2023-07-31, 2022-12-10","2023-12-29, 2023-12-30, 2024-01-09",Implemented,860485.2492307691,0,207,54,63,0,151788
00157000020YJoDAAW,AMERICAS,AMERICAS East,BFSI,2023-05-01,2023-07-01,Healthy,2022-12-31,2023-12-30,,380990.04000000004,0,137,16.75,5,0,16384.320000000003
0017T00000VYEV4QAP,EMEA,EMEA France,BFSI,2023-05-01,2023-07-01,Healthy,2023-01-31,2025-03-30,Started,110334.8850678733,0,13,2.5,8,0,72837.15475113121
0015700002E7ACjAAN,AMERICAS,AMERICAS East,TELCO,2023-08-01,2023-10-01,Unhealthy,2023-09-30,2024-09-29,Implemented,287800.00000000006,238000,7,1.75,4,0,74065.79999999999
001D0000017K5CQIA0,EMEA,EMEA France,COSMETICS,2023-05-01,2023-07-01,Unhealthy,"2021-09-30, 2023-07-31","2023-09-29, 2024-09-30",,186776.7916119655,0,14,4.5,4,0,5839.291611965524
0012o00002grCmNAAU,EMEA,EMEA France,"TRAVEL, LEISURE AND LOGISTICS",2023-08-01,2023-09-01,Unhealthy,2023-06-30,2026-06-29,,474150.0995715209,0,7,5.5,6,0,47479.10197061142
0012o00002X91MoAAJ,EMEA,EMEA UK,FASHION,2023-05-01,2023-06-01,Healthy,2022-07-31,2025-07-30,Not started,395270.2702702703,0,92,43.5,56,0,43289.51351351351
00157000021STtLAAW,EMEA,EMEA UK,"ENERGY, UTILITIES & RESOURCES",2023-11-01,2023-11-01,Unhealthy,2023-01-31,2026-01-30,Lived,537369.4054054053,0,44,17.2,37,0,129170.10810810814
00157000024459pAAA,AMERICAS,AMERICAS East,BFSI,2023-05-01,2023-07-01,Healthy,"2022-12-10, 2023-04-30, 2022-12-31, 2023-07-31","2024-01-09, 2023-12-29, 2023-12-30",Implemented,852151.9159,0,168,30.25,56,0,151788
0015700002Hw86bAAB,AMERICAS,AMERICAS East,"HARD,SOFT & SERVICES",2023-05-01,2023-07-01,Unhealthy,2023-06-30,2024-06-29,Partially implemented,198000.00000000003,198000,10,3.5,2,0,60648.71999999998
0015700002Hw86bAAB,AMERICAS,AMERICAS East,"HARD,SOFT & SERVICES",2023-08-01,2023-08-01,Unhealthy,2023-06-30,2024-06-29,Partially implemented,198000.00000000006,0,11,3.4,2,0,60648.71999999999
0015700002Hw86bAAB,AMERICAS,AMERICAS East,"HARD,SOFT & SERVICES",2023-02-01,2023-02-01,Unhealthy,2022-06-30,2023-06-29,Lived,198000,0,10,2,2,0,60648.719999999994
00157000026AfPpAAK,EMEA,EMEA UK,BFSI,2023-02-01,2023-03-01,Healthy,2022-03-30,2025-03-29,,351166.56,0,29,8.6,14,0,0
00157000026AfPpAAK,EMEA,EMEA UK,BFSI,2022-11-01,2023-01-01,Unhealthy,2022-03-30,2025-03-29,,351166.56,0,29,8.75,13,0,0
00157000026AfPpAAK,EMEA,EMEA UK,BFSI,2023-02-01,2023-02-01,Healthy,2022-03-30,2025-03-29,,351166.56,0,29,9.25,13,0,0
0015700002By5jRAAR,EMEA,EMEA UK,BFSI,2023-08-01,2023-08-01,Healthy,"2022-12-31, 2023-08-31",2025-12-30,Implemented,217493.92145763934,0,28,9,10,1,75326.35389007177
0015700002By5jRAAR,EMEA,EMEA UK,BFSI,2023-05-01,2023-06-01,Healthy,2022-12-31,2025-12-30,Implemented,201626.9189189189,0,37,13.75,10,1,59459.35135135136
0015700002H40CQAAZ,EMEA,EMEA UK,FASHION,2023-08-01,2023-09-01,Healthy,2021-12-19,2024-12-18,Partially implemented,463697,0,17,4.25,14,0,51846.96
0015700002H40CQAAZ,EMEA,EMEA UK,FASHION,2023-02-01,2023-02-01,Healthy,2021-12-19,2024-12-18,Lived,463697,0,15,3.5,9,0,51846.96
0015700002H40CQAAZ,EMEA,EMEA UK,FASHION,2023-11-01,2023-11-01,Healthy,2021-12-19,2024-12-18,Partially implemented,463697,0,13,2.8,15,0,51846.96
0015700002G4DQ9AAN,EMEA,EMEA UK,BFSI,2023-02-01,2023-03-01,Healthy,"2022-12-01, 2022-12-31","2024-12-31, 2024-12-30",Partially lived,309945.89837837836,0,53,13.2,24,0,44761.62162162162
0015700002G4DQ9AAN,EMEA,EMEA UK,BFSI,2023-05-01,2023-05-01,Healthy,"2022-12-31, 2022-12-01","2024-12-30, 2024-12-31",Partially lived,309945.89837837836,0,49,9.4,30,0,44761.62162162162
0012o00002iOpoMAAS,APJ,APJ ASIA,GENERAL RETAILER,2023-11-01,2023-11-01,Healthy,2023-07-31,2024-09-30,Lived,92571.41142857142,0,55,11.4,26,0,54900.88285714285
001D000001WUTFSIA5,EMEA,EMEA France,BFSI,2022-11-01,2023-01-01,Unhealthy,2021-06-30,2023-06-29,Implemented,85625,0,0,0,2,4,85625
001D000001es1s2IAA,EMEA,EMEA France,BFSI,2023-02-01,2023-04-01,Healthy,2022-01-01,2023-12-31,Implemented,219159,0,19,5.5,11,2,84135
001D000000ymwlWIAQ,EMEA,EMEA France,BFSI,2023-02-01,2023-02-01,Healthy,"2022-04-01, 2022-09-01","2024-08-31, 2024-12-31",,157552.9411764706,0,25,7.75,9,0,63529.41176470589
001D000000ymwlWIAQ,EMEA,EMEA France,BFSI,2023-05-01,2023-05-01,Healthy,"2022-04-01, 2022-09-01, 2023-03-20","2024-08-31, 2024-12-31, 2024-12-19",,163435.34117647063,0,25,7.4,9,0,63529.41176470589
001D000000ymwlWIAQ,EMEA,EMEA France,BFSI,2023-08-01,2023-09-01,Healthy,"2022-04-01, 2023-03-20, 2022-09-01","2024-08-31, 2024-12-19, 2024-12-31",,163435.3411764706,0,32,8.5,13,0,63529.41176470589
00157000020WWsWAAW,AMERICAS,AMERICAS West,GENERAL RETAILER,2023-08-01,2023-08-01,Unhealthy,2021-12-31,2023-12-30,,648900.04,0,29,12.4,7,0,24299.999999999996
001D000001WUTFSIA5,EMEA,EMEA France,BFSI,2023-08-01,2023-09-01,Unhealthy,"2023-06-30, 2023-04-30",2024-06-29,Implemented,73341.44397,0,6,1.75,3,4,73341.44397
00157000020WWsWAAW,AMERICAS,AMERICAS West,GENERAL RETAILER,2023-11-01,2023-12-01,Unhealthy,2021-12-31,2023-12-30,,648900.0399999999,648900.04,18,4.75,7,0,24299.999999999993
00157000020WWsWAAW,AMERICAS,AMERICAS West,GENERAL RETAILER,2023-02-01,2023-04-01,Unhealthy,2021-12-31,2023-12-30,,648900.0399999999,0,40,6.25,6,0,24299.999999999993
0015700002G4DQ9AAN,EMEA,EMEA UK,BFSI,2023-08-01,2023-08-01,Healthy,"2022-12-31, 2022-12-01","2024-12-30, 2024-12-31",Partially lived,309945.89837837836,0,50,9,32,1,44761.62162162162
0015700002EVdsdAAD,AMERICAS,AMERICAS East,TELCO,2023-08-01,2023-08-01,Unhealthy,"2022-03-01, 2021-06-30, 2023-08-31, 2022-06-01, 2021-10-13","2023-08-31, 2023-08-29, 2026-08-30, 2023-09-12",Partially implemented,917737.0153846154,805777.02,49,13.6,1,0,116152.872
0015700002EVdsdAAD,AMERICAS,AMERICAS East,TELCO,2023-05-01,2023-05-01,Unhealthy,"2021-06-30, 2022-03-01, 2022-06-01, 2021-10-13","2023-08-29, 2023-08-31, 2023-09-12",Not started,769777.0153846155,0,53,16.2,1,0,95004
0015700002EVdsdAAD,AMERICAS,AMERICAS East,TELCO,2023-08-01,2023-10-01,Unhealthy,2023-08-31,2026-08-30,Partially implemented,739799.9999999999,805777.02,49,14.5,1,0,105744.36
0015700002EVdsdAAD,AMERICAS,AMERICAS East,TELCO,2023-11-01,2023-11-01,Unhealthy,2023-08-31,2026-08-30,Partially implemented,739799.9999999998,0,55,17.6,2,0,105744.35999999999
0015700002E7BRCAA3,AMERICAS,AMERICAS East,FOOD & BEVERAGES,2023-05-01,2023-06-01,Unhealthy,2021-03-05,2024-05-04,Implemented,250526.34105263156,0,12,4.25,0,0,90894.73684210525
0015700002E7BRCAA3,AMERICAS,AMERICAS East,FOOD & BEVERAGES,2023-08-01,2023-08-01,Unhealthy,2021-03-05,2024-05-04,Implemented,250526.34105263156,0,6,1.2,0,0,90894.73684210525
0015700002E7BRCAA3,AMERICAS,AMERICAS East,FOOD & BEVERAGES,2023-02-01,2023-04-01,Unhealthy,2021-03-05,2024-05-04,Implemented,250526.34105263153,0,23,7.5,0,0,90894.73684210525
00157000028bRaFAAU,AMERICAS,AMERICAS East,GENERAL RETAILER,2023-08-01,2023-10-01,Unhealthy,"2022-10-31, 2023-01-31",2025-01-30,Implemented,788333.4133333331,0,38,8.5,4,0,133333.33333333334
00157000020YJoPAAW,AMERICAS,AMERICAS East,BFSI,2023-08-01,2023-09-01,Healthy,"2023-03-31, 2023-05-31",2026-03-30,Started,351000,0,90,26.25,6,0,54000
00157000026YVpNAAW,AMERICAS,AMERICAS East,"TRAVEL, LEISURE AND LOGISTICS",2023-05-01,2023-07-01,Healthy,2023-01-31,2025-01-30,,242499.9999999999,0,22,7.5,6,0,76233.96
00157000026YVpNAAW,AMERICAS,AMERICAS East,"TRAVEL, LEISURE AND LOGISTICS",2023-05-01,2023-05-01,Healthy,2023-01-31,2025-01-30,,242499.99999999994,0,22,6.2,5,0,76233.96
0012o00002rewJIAAY,AMERICAS,AMERICAS West,"HARD,SOFT & SERVICES",2023-05-01,2023-05-01,Unhealthy,2023-03-31,2024-03-30,Implemented,100800,0,8,1.8,0,0,44400
0012o00002rewJIAAY,AMERICAS,AMERICAS West,"HARD,SOFT & SERVICES",2023-02-01,2023-04-01,Unhealthy,2023-03-31,2024-03-30,Implemented,100800,96000,7,1.5,0,0,44400
00157000028bRaFAAU,AMERICAS,AMERICAS East,GENERAL RETAILER,2023-05-01,2023-06-01,Unhealthy,"2023-01-31, 2022-10-31",2025-01-30,Implemented,788333.4133333333,0,60,16.25,4,0,133333.33333333334
0012o00002JKvuYAAT,EMEA,EMEA North,GENERAL RETAILER,2023-05-01,2023-06-01,Unhealthy,"2021-09-27, 2021-03-27",2024-03-26,Lived,229203.4,0,1,0,14,0,74556
0012o00002JKvuYAAT,EMEA,EMEA North,GENERAL RETAILER,2023-08-01,2023-09-01,Unhealthy,"2021-03-27, 2021-09-27",2024-03-26,Lived,229203.4,0,0,0,14,0,74556
001D000001j28lUIAQ,EMEA,EMEA France,"HARD,SOFT & SERVICES",2023-05-01,2023-05-01,Healthy,"2023-03-01, 2022-12-01",2023-11-30,,180114.3882352941,0,22,5.4,26,3,119783.8588235294
001D000001j28lUIAQ,EMEA,EMEA France,"HARD,SOFT & SERVICES",2023-05-01,2023-06-01,Healthy,"2023-03-01, 2022-12-01",2023-11-30,,180114.38823529411,0,22,5,26,3,119783.8588235294
001D000001j28lUIAQ,EMEA,EMEA France,"HARD,SOFT & SERVICES",2023-02-01,2023-04-01,Healthy,"2023-03-01, 2022-12-01",2023-11-30,,180114.38823529411,4513.871810762335,38,9.5,26,3,119783.8588235294
001D000001LgtF0IAJ,EMEA,EMEA France,"ENERGY, UTILITIES & RESOURCES",2023-08-01,2023-09-01,Unhealthy,2022-12-14,2023-12-13,Implemented,379882.4470588236,0,14,3.25,6,0,154682.40000000002
001D000000vhmaWIAQ,EMEA,EMEA France,"ENERGY, UTILITIES & RESOURCES",2023-08-01,2023-09-01,Healthy,2023-01-01,2024-12-31,Lived,176470.58823529413,0,32,9.5,17,6,70588.23529411765
001D000000vhmaWIAQ,EMEA,EMEA France,"ENERGY, UTILITIES & RESOURCES",2023-08-01,2023-10-01,Healthy,2023-01-01,2024-12-31,Lived,176470.5882352941,0,32,9.25,18,6,70588.23529411765
0012o00002sXA4zAAG,APJ,APJ ASIA,GOVERNMENT AND NON PROFIT,2022-11-01,2023-01-01,Unhealthy,"2021-12-31, 2023-01-10","2026-02-28, 2026-03-09",Lived,72422.28000000001,0,2,1,0,0,31795.199999999993
0012o00002sXA4zAAG,APJ,APJ ASIA,GOVERNMENT AND NON PROFIT,2023-11-01,2023-12-01,Unhealthy,"2021-12-31, 2023-01-10","2026-02-28, 2026-03-09",Lived,72422.28000000001,0,2,0,0,0,31795.199999999993
0017T00000547ZjQAI,APJ,APJ ANZ,GENERAL RETAILER,2023-05-01,2023-06-01,Healthy,"2022-07-29, 2023-02-20, 2022-12-08","2023-07-28, 2024-02-19, 2023-07-07",Lived,78000,48000,15,8.25,12,0,12000
0017T00000547ZjQAI,APJ,APJ ANZ,GENERAL RETAILER,2023-08-01,2023-09-01,Healthy,"2023-07-29, 2023-02-20","2025-07-28, 2024-02-19",Implemented,79896,0,19,7.75,11,0,20141.519999999997
0012o00002sYNE9AAO,APJ,APJ ASIA,FOOD & BEVERAGES,2023-05-01,2023-07-01,Healthy,2021-12-20,2023-12-19,Implemented,100802.27999999998,0,42,5.75,0,0,54024.83999999999
0017T00000547ZjQAI,APJ,APJ ANZ,GENERAL RETAILER,2023-02-01,2023-02-01,Healthy,"2023-02-20, 2022-07-29, 2022-12-08","2024-02-19, 2023-07-28, 2023-07-07",Lived,60000,0,20,6.75,8,0,12000
0012o00002sYNE9AAO,APJ,APJ ASIA,FOOD & BEVERAGES,2023-02-01,2023-02-01,Healthy,2021-12-20,2023-12-19,Lived,100802.28,0,41,10.5,0,0,54024.840000000004
0012o000032YTQ1AAO,EMEA,EMEA MENAT,TELCO,2023-05-01,2023-07-01,Unhealthy,"2022-10-31, 2023-07-31","2023-11-30, 2024-01-30",,259604.52,0,12,1.75,1,0,144975.15423076923
0012o000032YTQ1AAO,EMEA,EMEA MENAT,TELCO,2023-11-01,2023-12-01,Unhealthy,"2023-07-31, 2022-10-31","2024-01-30, 2023-11-30",,439541.52,215924.40000000002,12,3.5,1,0,269537.07923076925
00157000024Y5L7AAK,APJ,APJ ANZ,TELCO,2023-11-01,2023-12-01,Healthy,"2021-12-16, 2023-12-16","2023-12-15, 2025-12-15",Not started,378885.648,337988,76,12.75,20,0,225823.68
001570000243VR9AAM,EMEA,EMEA UK,FASHION,2023-11-01,2023-11-01,Unhealthy,2023-10-02,2026-10-01,Not started,184611.86113789777,0,14,5.4,15,0,23523.753763800603
0017T000007TUSwQAO,EMEA,EMEA France,FOOD & BEVERAGES,2023-05-01,2023-05-01,Unhealthy,2022-03-31,2025-03-30,Lived,200592.5647058824,0,3,0.2,2,0,60313.69411764707
0012o00003CeWD1AAN,EMEA,EMEA France,BFSI,2022-11-01,2023-01-01,Unhealthy,2022-02-28,2024-05-27,Lived,62745.098039215685,0,0,0,1,0,62745.098039215685
001D000000xmYGOIA2,EMEA,EMEA France,"TRAVEL, LEISURE AND LOGISTICS",2023-05-01,2023-05-01,Unhealthy,"2022-10-31, 2022-09-01","2024-10-30, 2023-08-31",Partially implemented,556682.3529411766,0,0,0,0,0,87292.09411764707
0015700002G4DQhAAN,AMERICAS,AMERICAS West,BFSI,2022-11-01,2023-01-01,Unhealthy,2022-10-31,2025-10-30,Lived,256000,0,6,2.25,0,0,66686.4
0012o00002JyHRVAA3,AMERICAS,AMERICAS West,"ENERGY, UTILITIES & RESOURCES",2023-08-01,2023-08-01,Healthy,"2020-12-15, 2022-10-31, 2021-12-15","2023-12-14, 2023-11-30",Not started,185422.40888888887,0,26,6.4,8,0,0
0012o00002JyHRVAA3,AMERICAS,AMERICAS West,"ENERGY, UTILITIES & RESOURCES",2023-05-01,2023-06-01,Healthy,"2020-12-15, 2021-12-15, 2022-10-31","2023-12-14, 2023-11-30",Not started,185422.4088888889,0,25,8,8,0,0
0012o00002JyHRVAA3,AMERICAS,AMERICAS West,"ENERGY, UTILITIES & RESOURCES",2023-11-01,2023-12-01,Unhealthy,"2023-12-15, 2020-12-15, 2022-10-31, 2021-12-15","2025-12-14, 2023-12-14, 2023-11-30",Not started,291252.50933333335,185422.4,23,5.25,10,0,43273.944
0015700002IAepsAAD,AMERICAS,AMERICAS East,GENERAL RETAILER,2023-02-01,2023-04-01,Healthy,2022-07-29,2024-09-28,,105923.16,0,23,3,8,0,28157.640000000003
00157000020YJo1AAG,AMERICAS,AMERICAS West,GENERAL RETAILER,2023-08-01,2023-10-01,Unhealthy,"2022-07-29, 2023-01-31","2025-07-28, 2025-07-30",Implemented,490000.0799999999,0,22,4,6,0,132689.63999999998
0015700002EVxflAAD,AMERICAS,AMERICAS East,BFSI,2023-11-01,2023-12-01,Healthy,"2023-12-01, 2023-08-31","2024-11-30, 2024-08-30",,168050,108050,52,10.5,9,0,60000
00157000023oi3AAAQ,EMEA,EMEA UK,"HARD,SOFT & SERVICES",2023-08-01,2023-08-01,Healthy,2023-06-21,2026-06-20,Started,449770.23596323765,0,62,21.4,53,0,51291.30340660855
00157000020YJo1AAG,AMERICAS,AMERICAS West,GENERAL RETAILER,2022-11-01,2023-01-01,Unhealthy,"2022-07-29, 2023-01-31","2025-07-28, 2025-07-30",Not started,456666.67999999993,0,15,2.25,0,0,132689.64
0012o00002izOxrAAE,APJ,APJ ANZ,M&A,2022-11-01,2023-01-01,Unhealthy,2022-12-19,2023-12-18,,377000.04,0,0,0,0,0,189427.08
0015700002IAepsAAD,AMERICAS,AMERICAS East,GENERAL RETAILER,2023-08-01,2023-10-01,Healthy,2022-07-29,2024-09-28,,105923.15999999999,0,31,4.75,8,0,28157.640000000003
00157000020YJnBAAW,AMERICAS,AMERICAS East,AUTO,2023-11-01,2023-11-01,Healthy,"2023-01-31, 2023-07-31, 2023-05-08","2024-01-30, 2024-02-07",Partially lived,420480,0,109,33.6,44,1,0
00157000020YJnBAAW,AMERICAS,AMERICAS East,AUTO,2023-08-01,2023-10-01,Healthy,"2023-01-31, 2023-05-08, 2023-07-31","2024-01-30, 2024-02-07",Partially lived,420480,0,158,33.75,43,1,0
00157000020YJnBAAW,AMERICAS,AMERICAS East,AUTO,2023-11-01,2023-12-01,Healthy,"2023-01-31, 2023-05-08, 2023-07-31","2024-01-30, 2024-02-07",Implemented,420480,0,109,14.5,46,1,0
0012o00002KBfuXAAT,AMERICAS,AMERICAS East,"TRAVEL, LEISURE AND LOGISTICS",2023-05-01,2023-07-01,Unhealthy,2023-03-15,2024-03-14,Partially lived,203145,0,13,3.25,7,0,67151.64
0012o00002KBfuXAAT,AMERICAS,AMERICAS East,"TRAVEL, LEISURE AND LOGISTICS",2023-02-01,2023-03-01,Unhealthy,"2023-03-15, 2020-03-15, 2022-04-30","2024-03-14, 2023-03-14, 2023-02-28",Lived,239037.64400000003,195251.07,14,2.6,4,0,73441.02
0015700002By6IxAAJ,AMERICAS,AMERICAS East,"TRAVEL, LEISURE AND LOGISTICS",2023-11-01,2023-12-01,Healthy,"2023-01-31, 2023-10-31",2025-03-30,,256011.69230769234,0,36,9.25,17,1,49737.230769230766
0015700002By6IxAAJ,AMERICAS,AMERICAS East,"TRAVEL, LEISURE AND LOGISTICS",2023-05-01,2023-05-01,Healthy,2023-01-31,2025-03-30,,241011.6923076923,0,48,25.4,16,0,34737.230769230766
001D000001WTH47IAH,EMEA,EMEA France,BFSI,2023-05-01,2023-06-01,Unhealthy,2022-12-31,2024-12-30,,100000.09411764707,0,4,2.25,3,0,0
001D000001WTH47IAH,EMEA,EMEA France,BFSI,2023-11-01,2023-12-01,Unhealthy,"2022-12-31, 2023-12-31",2024-12-30,Started,104661.54549655184,0,3,1,3,0,4191.591520234219
001D000001WTH47IAH,EMEA,EMEA France,BFSI,2023-02-01,2023-04-01,Healthy,2022-12-31,2024-12-30,,100000.09411764707,0,7,3.75,3,0,0
001D000001WTH47IAH,EMEA,EMEA France,BFSI,2023-11-01,2023-11-01,Unhealthy,2022-12-31,2024-12-30,,100000.09411764707,0,3,1.2,3,0,0
0017T00000KCDF0QAP,EMEA,EMEA France,BFSI,2023-08-01,2023-10-01,Unhealthy,2023-07-31,2025-06-30,Lived,110895.6754620049,0,5,2.25,0,0,62125.28718544072
0017T00000KCDF0QAP,EMEA,EMEA France,BFSI,2023-11-01,2023-12-01,Unhealthy,2023-07-31,2025-06-30,Lived,110895.67546200492,0,14,0.5,0,0,62125.28718544073
0015700002HSQLHAA5,EMEA,EMEA UK,GENERAL RETAILER,2023-05-01,2023-06-01,Unhealthy,2022-04-20,2024-04-19,,324324.3243243243,0,25,6,18,0,154972.70270270266
001D000000wwTXkIAM,EMEA,EMEA France,FASHION,2023-05-01,2023-05-01,Healthy,"2023-05-01, 2021-12-31, 2022-02-16","2023-12-31, 2023-12-30, 2024-01-15",Not started,341804.5852941176,0,38,15.8,27,0,0
001D000000wwTXkIAM,EMEA,EMEA France,FASHION,2023-05-01,2023-07-01,Healthy,"2021-12-31, 2023-05-01, 2022-02-16","2023-12-30, 2023-12-31, 2024-01-15",Not started,341804.58529411774,0,38,12.75,26,0,0
001D000000wwTXkIAM,EMEA,EMEA France,FASHION,2023-11-01,2023-12-01,Healthy,"2022-02-16, 2021-12-31, 2023-05-01, 2023-12-31","2024-01-15, 2023-12-30, 2023-12-31, 2025-12-30",Lived,373632.60069800087,299500.6082545553,42,17.75,27,0,6540.001373400288
001570000279TObAAM,EMEA,EMEA France,FASHION,2023-08-01,2023-09-01,Unhealthy,"2021-08-21, 2023-09-21","2023-09-20, 2025-09-20",,192820.0219962046,147555.0134275062,3,1.75,2,0,28779.302203653457
001D000001UZQ8hIAH,EMEA,EMEA UK,FASHION,2023-11-01,2023-11-01,Healthy,2023-08-01,2025-07-31,Implemented,399903.8139846102,0,55,17.6,0,0,121845.4430952709
0012o00003AbjCoAAJ,EMEA,EMEA UK,"HARD,SOFT & SERVICES",2023-02-01,2023-04-01,Healthy,2022-07-29,2024-09-28,,38250.159999999996,0,0,0,0,0,10217.35
001D000000vhmQdIAI,EMEA,EMEA France,GENERAL RETAILER,2023-11-01,2023-11-01,Healthy,"2022-01-31, 2023-07-31, 2023-04-25","2024-01-30, 2025-01-30, 2024-04-24",Implemented,308141.1367710903,180257.53268343548,50,19.6,7,0,34999.95
0015700002I75aQAAR,EMEA,EMEA UK,GENERAL RETAILER,2023-08-01,2023-09-01,Unhealthy,"2022-04-12, 2023-01-10","2023-12-11, 2024-01-09",Implemented,859781.6108108107,0,12,0.75,1,0,55459.45945945945
0015700001yOalHAAS,EMEA,EMEA Central,LUXURY,2023-02-01,2023-04-01,Healthy,2021-07-01,2023-06-30,Implemented,195000,0,40,13.25,12,0,60000
00157000021STtcAAG,EMEA,EMEA UK,BFSI,2023-11-01,2023-12-01,Healthy,"2023-07-31, 2023-12-31",2026-07-30,,1227870.5684018712,0,213,40.75,34,0,292904.4568647131
00157000026r7giAAA,EMEA,EMEA Central,"HARD,SOFT & SERVICES",2023-11-01,2023-12-01,Healthy,2023-07-31,2027-07-30,Lived,261109.55483300652,0,50,5.75,17,3,92474.31142
00157000021SdS3AAK,EMEA,EMEA North,GENERAL RETAILER,2022-11-01,2023-01-01,Healthy,2022-08-31,2023-11-30,Implemented,408648.60000000003,0,119,39.25,59,4,177106.43999999997
0015700002IsJ5FAAV,EMEA,EMEA North,HOME & CONSUMER ELECTRONICS,2023-05-01,2023-05-01,Healthy,"2021-08-12, 2022-06-01","2024-08-11, 2024-07-31",Implemented,1092456.200904977,0,405,154.6,603,1,44910
0015700002IsJ5FAAV,EMEA,EMEA North,HOME & CONSUMER ELECTRONICS,2023-11-01,2023-12-01,Healthy,"2021-08-12, 2022-06-01","2024-08-11, 2024-07-31",Implemented,1092456.200904977,0,423,111,443,1,44910
0015700002IsJ5FAAV,EMEA,EMEA North,HOME & CONSUMER ELECTRONICS,2023-11-01,2023-11-01,Healthy,"2021-08-12, 2022-06-01","2024-08-11, 2024-07-31",Implemented,1092456.200904977,0,423,155.4,435,1,44910
0012o00002uPYxkAAG,EMEA,EMEA Central,FOOD & BEVERAGES,2023-08-01,2023-08-01,Healthy,2023-07-31,2026-07-30,Not started,61039.52595163379,0,9,1.8,0,0,34821.02377908166
0012o00002uPYxkAAG,EMEA,EMEA Central,FOOD & BEVERAGES,2023-08-01,2023-09-01,Healthy,2023-07-31,2026-07-30,Not started,61039.52595163379,0,9,3.5,1,0,34821.02377908166
0012o00002JLfcgAAD,EMEA,EMEA North,GENERAL RETAILER,2023-11-01,2023-12-01,Unhealthy,2023-01-01,2025-12-31,Implemented,86274.50980392157,0,3,1.75,9,2,46884.98823529411
0012o00002JLfcgAAD,EMEA,EMEA North,GENERAL RETAILER,2023-08-01,2023-10-01,Unhealthy,2023-01-01,2025-12-31,Implemented,86274.50980392158,0,4,2,9,2,46884.98823529412
0012o00002JLfcgAAD,EMEA,EMEA North,GENERAL RETAILER,2023-02-01,2023-02-01,Healthy,2023-01-01,2025-12-31,Not started,86274.5098,0,11,3.75,9,0,46884.98823529411
00157000020YJnzAAG,AMERICAS,AMERICAS West,M&A,2023-08-01,2023-08-01,Healthy,2022-10-31,"2024-10-30, 2023-10-30",,878945.0000000002,556500,115,40.6,17,6,46759.67999999999
0012o00002uPYxkAAG,EMEA,EMEA Central,FOOD & BEVERAGES,2023-11-01,2023-11-01,Healthy,2023-07-31,2026-07-30,Lived,61039.525951633776,0,9,3.4,2,2,34821.02377908166
00157000028bYKmAAM,AMERICAS,AMERICAS West,GENERAL RETAILER,2023-02-01,2023-03-01,Healthy,2022-06-27,2023-07-26,Lived,194615.42153846155,0,22,5.8,0,0,53487.36000000001
00157000028bYKmAAM,AMERICAS,AMERICAS West,GENERAL RETAILER,2023-05-01,2023-05-01,Healthy,2022-06-27,2023-07-26,Lived,194615.42153846155,184615.42000000004,17,5.8,0,0,53487.36000000001
00157000028bYKmAAM,AMERICAS,AMERICAS West,GENERAL RETAILER,2023-05-01,2023-07-01,Healthy,2022-06-27,2023-07-26,Implemented,194615.42153846152,184615.42000000004,17,5,0,0,53487.36
00157000028bYKmAAM,AMERICAS,AMERICAS West,GENERAL RETAILER,2022-11-01,2023-01-01,Healthy,2022-06-27,2023-07-26,,194615.42153846155,0,23,5.75,0,0,53487.36000000001
00157000028bYKmAAM,AMERICAS,AMERICAS West,GENERAL RETAILER,2023-02-01,2023-02-01,Healthy,2022-06-27,2023-07-26,,194615.42153846158,0,22,9,0,0,53487.36000000001
00157000020XsBpAAK,AMERICAS,AMERICAS East,TELCO,2023-05-01,2023-07-01,Healthy,"2023-04-30, 2020-12-31, 2023-01-02, 2021-12-31","2023-12-29, 2023-12-30, 2024-01-01",Partially implemented,5374992.659999999,0,1288,338.75,179,1,1347936.5999999999
0017T000008UzaYQAS,AMERICAS,AMERICAS East,TELCO,2023-02-01,2023-03-01,Unhealthy,2022-04-30,2023-04-29,,261000.03999999998,261000.04,12,0.6,0,0,83325.6
0012o00002grS3IAAU,EMEA,EMEA France,FOOD & BEVERAGES,2023-08-01,2023-10-01,Unhealthy,"2023-07-01, 2021-07-01, 2023-03-31, 2023-01-01","2024-06-30, 2025-03-30, 2023-12-31",Partially implemented,553309.9643669307,0,35,14.5,20,3,180000
001D0000017K5AgIAK,EMEA,EMEA France,FASHION,2023-11-01,2023-11-01,Unhealthy,"2022-04-01, 2023-05-01","2024-03-31, 2025-04-30",Partially implemented,147794.1176470588,0,11,3,6,0,72794.11764705883
001D0000017K5AgIAK,EMEA,EMEA France,FASHION,2023-02-01,2023-03-01,Unhealthy,"2022-04-01, 2021-05-01","2024-03-31, 2023-04-30",Partially implemented,152444.59515871506,32790.00298389027,7,2.2,4,0,77444.59515871508
001D000000viZaqIAE,EMEA,EMEA France,GENERAL RETAILER,2023-05-01,2023-07-01,Unhealthy,"2022-12-05, 2023-04-04","2024-12-04, 2024-12-03",Implemented,218117.64705882358,0,23,5,8,1,48705.88235294118
001D000000viZaqIAE,EMEA,EMEA France,GENERAL RETAILER,2023-05-01,2023-06-01,Unhealthy,"2023-04-04, 2022-12-05","2024-12-03, 2024-12-04",Implemented,218117.64705882355,0,23,6.25,10,1,48705.88235294118
00157000024ZPYuAAO,EMEA,EMEA UK,FASHION,2023-05-01,2023-05-01,Healthy,"2021-08-20, 2022-04-29, 2021-12-20","2023-09-19, 2023-09-28",Lived,385589.9281454666,0,38,11,28,0,48366.324324324334
001570000269atRAAQ,AMERICAS,AMERICAS West,"TRAVEL, LEISURE AND LOGISTICS",2023-11-01,2023-11-01,Healthy,2023-09-29,2025-09-28,,175000.00499999998,0,19,1.6,1,0,91127.835
00157000026Bxa4AAC,AMERICAS,AMERICAS West,FASHION,2023-02-01,2023-02-01,Healthy,"2022-09-01, 2022-07-01",2025-06-30,Lived,1209727.9199999997,0,117,34.75,20,1,87998.16
00157000020GqK7AAK,AMERICAS,AMERICAS East,GENERAL RETAILER,2023-11-01,2023-12-01,Healthy,2023-06-01,2024-05-31,Lived,795000.0799999998,0,131,42,16,0,276387.96
00157000020GqK7AAK,AMERICAS,AMERICAS East,GENERAL RETAILER,2023-02-01,2023-04-01,Healthy,2022-06-01,2023-05-31,Lived,795000.0800000001,0,108,35.5,12,0,276387.95999999996
0015700002BzPdjAAF,EMEA,EMEA South,TELCO,2023-11-01,2023-11-01,Healthy,"2021-07-31, 2022-09-30","2024-09-30, 2024-09-29",Implemented,423152.3470588235,0,31,15.8,32,0,147231.24705882353
001D000000vhmNjIAI,EMEA,EMEA France,FASHION,2023-08-01,2023-09-01,Healthy,2022-09-01,2025-08-31,Implemented,210000,0,30,14,13,0,65027.1
00157000024ZPYuAAO,EMEA,EMEA UK,FASHION,2023-02-01,2023-03-01,Healthy,"2022-04-29, 2021-12-20, 2021-08-20","2023-09-28, 2023-09-19",Lived,385589.9281454665,0,26,11.4,27,0,48366.324324324334
001570000269atRAAQ,AMERICAS,AMERICAS West,"TRAVEL, LEISURE AND LOGISTICS",2023-08-01,2023-10-01,Unhealthy,2023-09-29,2025-09-28,,175000.005,0,1,0.25,0,0,91127.835
0015700002F7YDSAA3,EMEA,EMEA UK,HOME & CONSUMER ELECTRONICS,2023-02-01,2023-02-01,Healthy,"2022-11-16, 2021-11-16",2024-11-15,Not started,232162.93320505074,0,23,9.25,11,0,45618.93901528805
0015700001ruBwIAAU,EMEA,EMEA UK,TELCO,2023-11-01,2023-12-01,Healthy,"2023-04-01, 2023-01-31","2025-03-31, 2025-03-30",Started,540585.4594594595,0,153,33.5,30,0,151601.1891891892
0015700001ruBwIAAU,EMEA,EMEA UK,TELCO,2023-11-01,2023-11-01,Healthy,"2023-01-31, 2023-04-01","2025-03-30, 2025-03-31",Started,540585.4594594596,0,153,47.8,30,0,151601.1891891892
0012o00002tTy5hAAC,EMEA,EMEA Central,GOVERNMENT AND NON PROFIT,2022-11-01,2023-01-01,Unhealthy,2022-10-01,2025-09-30,Not started,123289.41176470584,0,9,0.5,4,1,109279.2
00157000027d3HbAAI,EMEA,EMEA North,BFSI,2023-08-01,2023-09-01,Unhealthy,"2022-07-31, 2020-09-30, 2022-10-31, 2023-09-30","2023-09-30, 2023-09-29, 2028-09-29",Lived,384953.4283856271,282892.5591832229,22,9.25,22,7,86123.57170216882
00157000027gXr7AAE,EMEA,EMEA UK,M&A,2023-05-01,2023-07-01,Healthy,2023-01-31,2025-03-30,Lived,137214.1372141372,0,11,7,0,0,58688.28898128897
00157000027gXr7AAE,EMEA,EMEA UK,M&A,2023-08-01,2023-09-01,Healthy,2023-01-31,2025-03-30,Lived,137214.1372141372,0,15,3.25,0,0,58688.28898128898
00157000021SQ9xAAG,EMEA,EMEA UK,GENERAL RETAILER,2023-02-01,2023-04-01,Healthy,2021-06-30,2023-06-29,Implemented,301030.8615258037,0,37,13.75,23,0,53666.97531319136
0012o00002v59jOAAQ,AMERICAS,AMERICAS West,GENERAL RETAILER,2023-02-01,2023-03-01,Healthy,"2022-12-31, 2023-01-31","2023-12-30, 2024-01-30",,339000.12,0,70,31.4,0,0,88490.51999999999
001D0000010w8ETIAY,EMEA,EMEA France,GENERAL RETAILER,2023-05-01,2023-07-01,Healthy,"2021-09-30, 2023-07-01, 2021-12-28, 2023-03-15, 2022-09-01","2023-12-29, 2024-06-30, 2023-12-27, 2025-03-14, 2024-08-31",Implemented,444782.6835104348,305985.3778446694,134,34.75,86,2,111758.8303964132
00157000021SG5FAAW,EMEA,EMEA UK,GENERAL RETAILER,2023-05-01,2023-05-01,Healthy,2022-06-30,2024-06-29,Implemented,210810.8108108108,0,52,23.4,26,2,38513.554054054046
00157000021SSkMAAW,AMERICAS,AMERICAS West,FOOD & BEVERAGES,2023-08-01,2023-09-01,Healthy,"2022-10-31, 2023-07-04","2024-06-30, 2024-07-03",Implemented,295100.04000000004,0,29,10,6,0,170100
0017T00000529kbQAA,EMEA,EMEA France,HOME & CONSUMER ELECTRONICS,2022-11-01,2023-01-01,Healthy,2021-12-31,2024-12-30,,508153.04000000004,0,0,0,0,0,51846.96
0017T00000529kbQAA,EMEA,EMEA France,HOME & CONSUMER ELECTRONICS,2023-08-01,2023-09-01,Healthy,2021-12-31,2024-12-30,,508153.04000000004,0,0,0,0,0,51846.96
0017T00000529kbQAA,EMEA,EMEA France,HOME & CONSUMER ELECTRONICS,2023-05-01,2023-05-01,Healthy,2021-12-31,2024-12-30,,508153.04000000004,0,0,0,0,0,51846.96
001D0000010w8ETIAY,EMEA,EMEA France,GENERAL RETAILER,2023-08-01,2023-09-01,Healthy,"2021-12-28, 2021-09-30, 2023-07-01, 2023-03-15, 2022-09-01","2023-12-27, 2023-12-29, 2024-06-30, 2025-03-14, 2024-08-31",Implemented,444782.6835104348,0,98,25,91,2,111758.83039641319
00157000020GH2SAAW,EMEA,EMEA UK,GENERAL RETAILER,2023-05-01,2023-07-01,Healthy,"2022-05-19, 2023-04-28","2024-05-18, 2024-08-27",,222411.39413674196,0,48,20.75,40,0,38422.20494755278
0015700001u7XmsAAE,EMEA,EMEA UK,GENERAL RETAILER,2023-02-01,2023-02-01,Healthy,"2020-04-24, 2021-03-31, 2021-06-30, 2020-06-25, 2022-08-25","2023-04-23, 2023-04-30, 2023-04-29, 2023-04-24",Implemented,178000.5522734488,159384.7709138174,29,15.25,5,0,0
0015700001u7XmsAAE,EMEA,EMEA UK,GENERAL RETAILER,2023-11-01,2023-11-01,Healthy,2023-04-25,2026-04-24,Implemented,162384.52758152445,0,21,9.8,7,1,0
0015700002IAeheAAD,AMERICAS,AMERICAS West,TELCO,2023-05-01,2023-05-01,Healthy,2023-05-01,2024-04-30,Not started,451688.0399999999,0,97,22,0,0,88926.11999999998
00157000024Y9JYAA0,AMERICAS,AMERICAS West,"TRAVEL, LEISURE AND LOGISTICS",2023-05-01,2023-06-01,Unhealthy,2021-12-30,2024-12-29,Implemented,145000.08000000002,0,9,2,6,1,115750.08
00157000024Y9JYAA0,AMERICAS,AMERICAS West,"TRAVEL, LEISURE AND LOGISTICS",2023-02-01,2023-03-01,Unhealthy,2021-12-30,2024-12-29,Implemented,145000.08,459269.36,3,0.4,4,0,115750.08
0015700002IAeheAAD,AMERICAS,AMERICAS West,TELCO,2023-08-01,2023-09-01,Healthy,2023-05-01,2024-04-30,Not started,451688.04000000004,0,132,37.25,0,0,88926.12
001D000001WUxyEIAT,EMEA,EMEA France,"TRAVEL, LEISURE AND LOGISTICS",2023-05-01,2023-06-01,Healthy,2023-06-01,2026-05-31,Partially implemented,261604.5021369455,218604.39189299967,39,13.25,22,0,59614.33611901058
001D000000viaLEIAY,EMEA,EMEA France,M&A,2023-02-01,2023-04-01,Unhealthy,2023-02-22,2025-02-21,,218000.0893800188,149999.44256994931,13,3,2,0,0
001D000000viaLEIAY,EMEA,EMEA France,M&A,2023-11-01,2023-12-01,Healthy,2023-02-22,2025-02-21,Not started,218000.0893800188,0,29,8,21,0,0
001D000000viaLEIAY,EMEA,EMEA France,M&A,2023-05-01,2023-07-01,Unhealthy,2023-02-22,2025-02-21,,218000.0893800188,0,26,6,18,0,0
001D000000viaLEIAY,EMEA,EMEA France,M&A,2023-05-01,2023-06-01,Unhealthy,2023-02-22,2025-02-21,,218000.0893800188,0,26,5.25,3,0,0
00157000029QSX5AAO,EMEA,EMEA France,"HARD,SOFT & SERVICES",2023-08-01,2023-09-01,Unhealthy,"2023-07-31, 2022-07-31, 2022-03-31",2023-12-30,,654728.1203864143,0,49,10.75,24,0,44510.15934713346
00157000029QSX5AAO,EMEA,EMEA France,"HARD,SOFT & SERVICES",2023-05-01,2023-07-01,Unhealthy,"2022-07-31, 2022-03-31, 2023-07-31",2023-12-30,,600605.0673539065,0,42,9.75,23,0,7418.359891
0012o00002iPpBpAAK,AMERICAS,AMERICAS East,GENERAL RETAILER,2023-05-01,2023-07-01,Unhealthy,"2023-03-01, 2022-06-30","2024-06-30, 2024-06-29",Implemented,105000,0,0,0,0,0,15000
00157000026Yg1OAAS,AMERICAS,AMERICAS East,GENERAL RETAILER,2023-02-01,2023-03-01,Healthy,2023-01-31,2024-01-30,Not started,250000.08000000002,0,62,18.2,0,0,77666.63999999998
00157000026Yg1OAAS,AMERICAS,AMERICAS East,GENERAL RETAILER,2023-08-01,2023-10-01,Healthy,2023-01-31,2024-01-30,Lived,250000.07999999996,0,31,3.5,0,0,77666.64
00157000026Yg1OAAS,AMERICAS,AMERICAS East,GENERAL RETAILER,2023-05-01,2023-06-01,Healthy,2023-01-31,2024-01-30,Not started,250000.08000000002,0,35,10.5,0,0,77666.63999999998
001D000001WUTfTIAX,EMEA,EMEA France,"TRAVEL, LEISURE AND LOGISTICS",2023-11-01,2023-12-01,Healthy,"2023-01-31, 2022-01-01, 2022-11-15","2023-12-30, 2023-12-31, 2023-11-14",Implemented,402774.8356617647,0,58,12.25,12,2,145468.7063
001D000001WUTfTIAX,EMEA,EMEA France,"TRAVEL, LEISURE AND LOGISTICS",2023-08-01,2023-10-01,Healthy,"2023-01-31, 2022-01-01, 2022-11-15","2023-12-30, 2023-12-31, 2023-11-14",Implemented,402774.8356617647,0,56,12.75,12,2,145468.7063
001D000001WUTfTIAX,EMEA,EMEA France,"TRAVEL, LEISURE AND LOGISTICS",2023-05-01,2023-05-01,Unhealthy,"2023-01-31, 2022-01-01, 2022-11-15","2023-12-30, 2023-12-31, 2023-11-14",Implemented,402774.8356617647,0,42,8.4,11,1,145468.7063
001D000001WUTfTIAX,EMEA,EMEA France,"TRAVEL, LEISURE AND LOGISTICS",2023-05-01,2023-06-01,Unhealthy,"2022-01-01, 2023-01-31, 2022-11-15","2023-12-31, 2023-12-30, 2023-11-14",Implemented,402774.8356617647,0,42,9.5,11,1,145468.7063
001D000001WUTfTIAX,EMEA,EMEA France,"TRAVEL, LEISURE AND LOGISTICS",2023-02-01,2023-03-01,Unhealthy,"2022-01-01, 2023-01-31, 2022-11-15","2023-12-31, 2023-12-30, 2023-11-14",Implemented,402774.8356617647,0,34,7.8,10,0,145468.7063
0012o00002zLycwAAC,EMEA,EMEA France,GOVERNMENT AND NON PROFIT,2023-08-01,2023-08-01,Healthy,2022-07-31,2023-08-30,Implemented,152967.74660633478,153957.58941014064,19,3.8,7,0,49400.73122171945
0012o00002JMHjVAAX,EMEA,EMEA North,FOOD & BEVERAGES,2023-05-01,2023-07-01,Healthy,2022-12-31,2026-12-30,,142970.7176470588,0,16,7.25,11,0,47800.02352941177
0012o00002yZrG8AAK,EMEA,EMEA France,HEALTHCARE,2023-05-01,2023-06-01,Healthy,"2021-06-21, 2022-12-31, 2021-12-31, 2023-06-21","2023-06-20, 2026-06-30, 2023-06-30, 2026-06-20",Not started,147347.15294117643,87654.23597653549,15,6,16,0,29411.858823529405
001D000000qyDA7IAM,EMEA,EMEA France,M&A,2023-05-01,2023-06-01,Unhealthy,"2022-07-31, 2021-07-30, 2020-07-01, 2021-09-30","2024-09-30, 2023-10-29, 2023-10-31",Lived,442010.91177638725,0,16,4.75,5,0,58510.39290854038
001D000000qyDA7IAM,EMEA,EMEA France,M&A,2023-08-01,2023-10-01,Unhealthy,"2021-09-30, 2022-07-31, 2020-07-01, 2021-07-30","2023-10-29, 2024-09-30, 2023-10-31",Lived,442010.9117763873,328774.4299184731,10,2.5,5,1,58510.39290854038
001D000000wpXSdIAM,EMEA,EMEA France,GENERAL RETAILER,2023-05-01,2023-06-01,Unhealthy,2021-06-30,2024-10-29,Implemented,393750.06,0,13,5.25,22,10,182812.53
001D000000wpXSdIAM,EMEA,EMEA France,GENERAL RETAILER,2022-11-01,2023-01-01,Unhealthy,2021-06-30,2024-10-29,Implemented,393750.06,0,38,7,21,10,182812.53
001D000000wpXSdIAM,EMEA,EMEA France,GENERAL RETAILER,2023-11-01,2023-11-01,Unhealthy,2021-06-30,2024-10-29,Implemented,393750.06,0,17,3.4,15,10,182812.53
0012o00002MZCPgAAP,EMEA,EMEA North,GENERAL RETAILER,2023-08-01,2023-08-01,Healthy,2022-10-31,2025-12-30,Partially lived,312074.25882352947,0,25,9.2,0,0,104027.20495356037
0012o00002MZCPgAAP,EMEA,EMEA North,GENERAL RETAILER,2023-02-01,2023-03-01,Unhealthy,2022-10-31,2025-12-30,Partially lived,312074.25882352947,0,13,4.8,0,0,104027.20495356037
0015700002BjSttAAF,EMEA,EMEA North,GENERAL RETAILER,2023-05-01,2023-05-01,Healthy,"2021-12-31, 2021-05-05, 2020-12-31","2023-12-30, 2024-01-04",Implemented,242459.13913945845,0,37,13.2,22,2,52500.05
0015700002Is4W7AAJ,EMEA,EMEA France,"HARD,SOFT & SERVICES",2023-08-01,2023-10-01,Unhealthy,2023-07-31,2025-08-30,Started,219744.0513782508,0,5,3,6,0,107122.42337570892
001D000000qyDA7IAM,EMEA,EMEA France,M&A,2023-11-01,2023-12-01,Unhealthy,"2022-07-31, 2023-11-01","2024-09-30, 2026-10-31",Lived,349241.9257266959,0,5,1.75,5,1,68414.38756702139
0012o00002MZCPgAAP,EMEA,EMEA North,GENERAL RETAILER,2023-05-01,2023-05-01,Healthy,2022-10-31,2025-12-30,Partially lived,312074.25882352947,0,22,10.6,0,0,104027.20495356036
0015700002BjSttAAF,EMEA,EMEA North,GENERAL RETAILER,2023-08-01,2023-09-01,Healthy,"2021-12-31, 2020-12-31, 2021-05-05","2023-12-30, 2024-01-04",Implemented,242459.1391394584,0,34,10.75,18,2,52500.05
0015700002BjSttAAF,EMEA,EMEA North,GENERAL RETAILER,2022-11-01,2023-01-01,Healthy,"2020-12-31, 2021-05-05, 2021-12-31","2023-12-30, 2024-01-04",Implemented,242459.13913945842,0,38,11.25,19,2,52500.049999999996
0015700002E7ACoAAN,AMERICAS,AMERICAS West,GENERAL RETAILER,2023-02-01,2023-04-01,Healthy,"2022-10-18, 2022-12-30","2026-01-17, 2025-12-29",Lived,461018.7692307692,0,58,18.5,9,0,60556.20923076924
0015700002E7ACoAAN,AMERICAS,AMERICAS West,GENERAL RETAILER,2023-11-01,2023-12-01,Healthy,"2023-09-18, 2022-10-18, 2022-12-30","2026-01-17, 2025-12-29",Implemented,461018.7692307693,0,59,14,14,0,60556.20923076924
0017T00000VXyeFQAT,AMERICAS,AMERICAS West,FASHION,2023-11-01,2023-11-01,Unhealthy,"2023-08-07, 2023-01-31","2025-02-06, 2025-01-30",,72503.4,0,0,0,0,0,32890.68000000001
00157000026BvjVAAS,EMEA,EMEA UK,FOOD & BEVERAGES,2023-02-01,2023-02-01,Healthy,"2023-01-15, 2021-12-18","2024-01-14, 2024-01-17",Not started,215230.27285320964,0,34,13.75,16,0,32643.243243243243
00157000026BvjVAAS,EMEA,EMEA UK,FOOD & BEVERAGES,2023-02-01,2023-04-01,Healthy,"2023-01-15, 2021-12-18","2024-01-14, 2024-01-17",Lived,215230.27285320964,0,34,10,16,4,32643.243243243247
0012o00002KBNpiAAH,EMEA,EMEA UK,AUTO,2023-02-01,2023-03-01,Healthy,"2021-03-31, 2022-10-31",2024-03-30,Lived,147245.15677805955,0,12,2.2,10,0,35657.38359760355
0012o00002KBNpiAAH,EMEA,EMEA UK,AUTO,2023-05-01,2023-07-01,Healthy,"2021-03-31, 2023-07-27, 2022-10-31","2024-03-30, 2024-06-26, 2026-03-26, 2024-03-26",Lived,165840.00045323456,0,10,3.75,11,0,35657.38359760354
0012o00002LyrseAAB,EMEA,EMEA UK,FASHION,2023-02-01,2023-04-01,Healthy,2021-03-31,2024-03-30,,185612.21221838237,0,15,5,13,0,34303.98422016726
00157000020YJo5AAG,AMERICAS,AMERICAS West,GENERAL RETAILER,2023-05-01,2023-05-01,Unhealthy,2022-06-30,2023-06-29,Not started,297500.04000000004,0,19,3.4,5,0,108758.27999999998
00157000020YJo5AAG,AMERICAS,AMERICAS West,GENERAL RETAILER,2023-08-01,2023-08-01,Healthy,2023-06-30,2024-07-29,Partially lived,274865.3753846153,297500.04,61,17.8,5,0,174723.71999999997
00157000027AbEzAAK,EMEA,EMEA UK,GENERAL RETAILER,2023-08-01,2023-08-01,Healthy,"2021-12-31, 2023-02-17","2023-12-30, 2023-11-16",Partially lived,1653604.3698600305,0,167,47.4,254,2,131325.2995903622
0012o00002ZzYb0AAF,EMEA,EMEA South,BFSI,2023-02-01,2023-03-01,Unhealthy,2022-12-10,2024-03-09,,154838.74611005693,0,0,0,0,0,69052.23529411764
0012o00002ZzYb0AAF,EMEA,EMEA South,BFSI,2023-11-01,2023-12-01,Unhealthy,2022-12-10,2024-03-09,,154838.74611005693,0,3,0.75,0,0,69052.23529411765
0015700002IBFM9AAP,EMEA,EMEA South,"ENERGY, UTILITIES & RESOURCES",2023-11-01,2023-12-01,Healthy,"2022-09-01, 2023-04-01, 2023-09-01, 2022-06-01, 2022-12-01",2024-05-31,,254453.85882352944,0,30,5,9,4,60000
0015700002IBFM9AAP,EMEA,EMEA South,"ENERGY, UTILITIES & RESOURCES",2023-08-01,2023-09-01,Healthy,"2022-09-01, 2022-12-01, 2023-09-01, 2023-04-01, 2022-06-01",2024-05-31,,254453.85882352944,0,16,7.25,8,4,60000
0012o00002ouGAEAA2,EMEA,EMEA South,AUTO,2023-08-01,2023-08-01,Healthy,2023-07-31,2024-07-30,,117720.28632126012,0,12,0,0,0,58034.14099
0012o00002aVlq0AAC,EMEA,EMEA South,BFSI,2023-11-01,2023-11-01,Healthy,"2022-04-29, 2022-10-01","2024-04-28, 2024-12-31",Implemented,66666.66666666666,0,16,2.8,8,2,31372.549019607843
0012o00002aVlq0AAC,EMEA,EMEA South,BFSI,2023-05-01,2023-07-01,Healthy,"2022-10-01, 2022-04-29","2024-12-31, 2024-04-28",Implemented,66666.66666666664,0,6,2.25,8,2,31372.549019607843
0012o00002aVlq0AAC,EMEA,EMEA South,BFSI,2023-11-01,2023-12-01,Healthy,"2022-04-29, 2022-10-01","2024-04-28, 2024-12-31",Implemented,66666.66666666666,0,16,3,8,2,31372.549019607843
0012o00002aVlq0AAC,EMEA,EMEA South,BFSI,2023-05-01,2023-05-01,Healthy,"2022-04-29, 2022-10-01","2024-04-28, 2024-12-31",Implemented,66666.66666666666,0,6,3.6,8,2,31372.549019607843
001D000000sWJ8GIAW,EMEA,EMEA France,FOOD & BEVERAGES,2023-05-01,2023-07-01,Healthy,2023-06-30,2025-06-29,Partially implemented,495588.7473,509766.50238875166,16,3.75,28,0,116434.39125122217
001D000000sWJ8GIAW,EMEA,EMEA France,FOOD & BEVERAGES,2023-08-01,2023-08-01,Healthy,2023-06-30,2025-06-29,Partially implemented,495588.7473,0,17,3.4,28,0,116434.3912512222
0012o00002grCmNAAU,EMEA,EMEA France,"TRAVEL, LEISURE AND LOGISTICS",2023-11-01,2023-12-01,Unhealthy,2023-06-30,2026-06-29,,474150.0995715208,0,8,3.25,6,0,47479.10197
00157000025k4IKAAY,AMERICAS,AMERICAS East,BFSI,2023-02-01,2023-03-01,Unhealthy,2022-12-31,2023-12-30,,304311.4,0,18,6,4,0,0.12
00157000025k4IKAAY,AMERICAS,AMERICAS East,BFSI,2023-08-01,2023-10-01,Unhealthy,2022-12-31,2023-12-30,,304311.4,0,25,7.25,4,0,0.12
00157000025k4IKAAY,AMERICAS,AMERICAS East,BFSI,2023-11-01,2023-11-01,Unhealthy,2022-12-31,2023-12-30,,304311.4000000001,304311.39999999997,27,4,4,0,0.12
00157000025k4IKAAY,AMERICAS,AMERICAS East,BFSI,2023-02-01,2023-02-01,Unhealthy,2022-12-31,2023-12-30,,304311.4,0,18,4.25,4,0,0.12
0012o00002qridqAAA,EMEA,EMEA South,FASHION,2022-11-01,2023-01-01,Unhealthy,2022-04-01,2025-04-30,Not started,123510.27281399048,0,5,3.25,1,0,36905.711923688395
0012o00002qridqAAA,EMEA,EMEA South,FASHION,2023-02-01,2023-04-01,Unhealthy,2022-04-01,2025-04-30,Lived,123510.27281399048,0,5,2.25,1,0,36905.71192
0015700001rxLCeAAM,EMEA,EMEA UK,FASHION,2023-08-01,2023-08-01,Healthy,2023-07-01,2026-06-30,Partially lived,345946.0540540541,0,62,16.2,78,1,124004.21621621624
0015700001rxLCeAAM,EMEA,EMEA UK,FASHION,2023-05-01,2023-07-01,Healthy,2023-07-01,2026-06-30,Partially lived,345946.05405405414,303437.56886404974,59,14,78,1,124004.21621621621
001D0000017K5AYIA0,EMEA,EMEA UK,GENERAL RETAILER,2023-05-01,2023-05-01,Unhealthy,2021-12-31,2023-08-30,Partially implemented,1109616.8218162623,0,75,24,50,9,369208.8509639287
00157000028ZufSAAS,EMEA,EMEA South,GENERAL RETAILER,2023-11-01,2023-12-01,Unhealthy,"2023-10-31, 2023-04-30, 2022-09-30","2026-12-30, 2024-09-29",Started,404921.2102445996,0,14,5.5,11,0,42671.278476757965
001570000223DK4AAM,EMEA,EMEA UK,GENERAL RETAILER,2022-11-01,2023-01-01,Healthy,2021-06-11,2023-06-10,Lived,334999.7923000956,0,87,28,68,0,112559.9482224238
001570000223DK4AAM,EMEA,EMEA UK,GENERAL RETAILER,2023-08-01,2023-09-01,Healthy,2023-06-11,2024-06-10,Lived,356700.10627201706,0,67,19.25,72,0,82983.39007734242
001570000223DK4AAM,EMEA,EMEA UK,GENERAL RETAILER,2023-05-01,2023-05-01,Healthy,2021-06-11,2023-06-10,Lived,334999.7923000956,311249.8926187699,66,19,69,0,112559.94822242382
001570000223DK4AAM,EMEA,EMEA UK,GENERAL RETAILER,2023-08-01,2023-08-01,Healthy,2023-06-11,2024-06-10,Lived,356700.1062720171,0,67,18.6,72,0,82983.39007734244
0015700001unVFDAA2,EMEA,EMEA UK,GENERAL RETAILER,2023-11-01,2023-11-01,Healthy,"2022-07-31, 2023-07-31","2024-07-30, 2025-07-30",Lived,624311.3842898258,0,246,95.6,148,11,149908.34196824493
0015700001unVFDAA2,EMEA,EMEA UK,GENERAL RETAILER,2023-11-01,2023-12-01,Healthy,"2023-07-31, 2022-07-31","2025-07-30, 2024-07-30",Lived,624311.3842898258,0,246,67.75,150,12,149908.342
0015700001unVFDAA2,EMEA,EMEA UK,GENERAL RETAILER,2023-08-01,2023-10-01,Healthy,"2023-07-31, 2022-07-31","2025-07-30, 2024-07-30",Partially lived,624311.3842898257,0,263,96.25,146,11,149908.34196824496
0015700002GUfcUAAT,EMEA,EMEA UK,TELCO,2023-11-01,2023-12-01,Unhealthy,2021-07-31,2024-07-30,,230067.36000000002,0,10,2.75,9,0,135040.2
0015700002GUfcUAAT,EMEA,EMEA UK,TELCO,2023-02-01,2023-02-01,Unhealthy,2021-07-31,2024-07-30,,230067.36000000002,0,15,5,6,0,135040.2
0015700001rxLCeAAM,EMEA,EMEA UK,FASHION,2023-05-01,2023-05-01,Healthy,2021-06-01,2023-06-30,Lived,324984.69050704245,303437.56886404974,59,16,77,1,105249.98358500756
0012o00002X91MoAAJ,EMEA,EMEA UK,FASHION,2023-02-01,2023-02-01,Healthy,2022-07-31,2025-07-30,Not started,395270.27027027024,0,114,61.75,42,0,43289.51351351352
0015700001unVFDAA2,EMEA,EMEA UK,GENERAL RETAILER,2023-05-01,2023-07-01,Healthy,"2022-07-31, 2023-07-31","2024-07-30, 2025-07-30",Partially lived,527193.7668,0,225,90,147,3,97483.64258029308
0015700001unVFDAA2,EMEA,EMEA UK,GENERAL RETAILER,2023-02-01,2023-02-01,Healthy,2022-07-31,2024-07-30,Lived,507770.2432432432,0,229,81.5,128,0,86998.7027
0015700002GUfcUAAT,EMEA,EMEA UK,TELCO,2023-05-01,2023-05-01,Unhealthy,2021-07-31,2024-07-30,,230067.36000000002,0,16,5.2,8,0,135040.2
0012o00002kAhaNAAS,EMEA,EMEA North,GENERAL RETAILER,2023-08-01,2023-08-01,Unhealthy,"2021-12-31, 2023-02-06","2024-12-30, 2025-01-05",Implemented,146581.75091560016,0,7,4.2,13,2,35892.23
0017T00000AjokmQAB,EMEA,EMEA MENAT,FASHION,2023-08-01,2023-08-01,Unhealthy,2023-01-31,2026-02-28,Lived,95455.65405405403,0,4,2.8,2,0,45290.52972972973
0017T0000054mjOQAQ,EMEA,EMEA UK,"HARD,SOFT & SERVICES",2023-11-01,2023-11-01,Healthy,2022-04-29,2025-04-28,Implemented,67545.89189,0,15,6.2,20,1,19710.810810810814
0017T0000054mjOQAQ,EMEA,EMEA UK,"HARD,SOFT & SERVICES",2023-08-01,2023-09-01,Healthy,2022-04-29,2025-04-28,Implemented,67545.89189189191,0,21,7,19,1,19710.81081081081
0017T0000054mjOQAQ,EMEA,EMEA UK,"HARD,SOFT & SERVICES",2023-05-01,2023-06-01,Healthy,2022-04-29,2025-04-28,Implemented,67545.89189189191,0,21,7.75,18,1,19710.810810810817
00157000021STtLAAW,EMEA,EMEA UK,"ENERGY, UTILITIES & RESOURCES",2023-05-01,2023-05-01,Healthy,2023-01-31,2026-01-30,,537369.4054054053,0,59,17.2,33,0,129170.10810810812
00157000021STtLAAW,EMEA,EMEA UK,"ENERGY, UTILITIES & RESOURCES",2023-08-01,2023-10-01,Healthy,2023-01-31,2026-01-30,Lived,537369.4054054054,0,44,16,37,0,129170.10810810815
00157000021STtLAAW,EMEA,EMEA UK,"ENERGY, UTILITIES & RESOURCES",2023-05-01,2023-06-01,Healthy,2023-01-31,2026-01-30,,537369.4054054054,0,59,14.25,35,0,129170.10810810809
00157000021STtLAAW,EMEA,EMEA UK,"ENERGY, UTILITIES & RESOURCES",2023-02-01,2023-02-01,Unhealthy,2023-01-31,2026-01-30,,537369.4054054053,0,15,0.5,0,0,129170.10810810814
00157000021STtLAAW,EMEA,EMEA UK,"ENERGY, UTILITIES & RESOURCES",2023-02-01,2023-04-01,Unhealthy,2023-01-31,2026-01-30,,537369.4054054053,0,15,4.25,12,0,129170.10810810812
00157000024ZopdAAC,EMEA,EMEA Central,HOME & CONSUMER ELECTRONICS,2023-05-01,2023-07-01,Unhealthy,"2023-06-10, 2022-02-10",2024-02-09,,335620,0,31,7,20,4,71875
00157000024ZopdAAC,EMEA,EMEA Central,HOME & CONSUMER ELECTRONICS,2023-02-01,2023-04-01,Healthy,2022-02-10,2024-02-09,,335620,0,34,9.5,17,4,71875
00157000024ZopdAAC,EMEA,EMEA Central,HOME & CONSUMER ELECTRONICS,2023-08-01,2023-08-01,Unhealthy,"2022-02-10, 2023-06-10",2024-02-09,,335620,0,29,8.4,21,4,71875
00157000024ZopdAAC,EMEA,EMEA Central,HOME & CONSUMER ELECTRONICS,2023-08-01,2023-09-01,Unhealthy,"2022-02-10, 2023-06-10",2024-02-09,,335620,0,29,8.5,21,4,71875
0015700001xOIhgAAG,EMEA,EMEA Central,FASHION,2022-11-01,2023-01-01,Healthy,"2020-09-01, 2023-01-31","2023-08-31, 2026-08-30",,154470.35846761146,0,41,21.5,37,0,7069.221340629275
0015700001xOIhgAAG,EMEA,EMEA Central,FASHION,2023-11-01,2023-12-01,Healthy,"2023-09-01, 2023-01-31","2026-08-31, 2026-08-30",Lived,143956.50451436386,0,43,14,37,6,42415.328043775655
0015700001xOIhgAAG,EMEA,EMEA Central,FASHION,2023-05-01,2023-05-01,Healthy,"2023-01-31, 2020-09-01","2026-08-30, 2023-08-31",Lived,189816.4651707578,0,39,15.6,38,4,42415.32804377565
00157000020YJoDAAW,AMERICAS,AMERICAS East,BFSI,2023-11-01,2023-11-01,Healthy,2022-12-31,2023-12-30,,380990.04,380990.04000000004,119,19.8,6,0,16384.320000000003
00157000020YJoDAAW,AMERICAS,AMERICAS East,BFSI,2023-11-01,2023-12-01,Healthy,"2022-12-31, 2023-12-31","2023-12-30, 2024-12-30",,457188.04799999995,380990.04000000004,119,18.75,6,0,16384.32
001D0000017K5CMIA0,EMEA,EMEA France,LUXURY,2023-05-01,2023-07-01,Healthy,"2023-04-01, 2023-07-01, 2023-06-01, 2023-01-01, 2022-07-01, 2022-11-04, 2022-10-31, 2023-07-31, 2023-05-01","2025-06-30, 2025-07-03",,2448075.770086059,0,18,7.5,30,2,121704.14117647056
001D0000017K5CMIA0,EMEA,EMEA France,LUXURY,2023-11-01,2023-12-01,Healthy,"2023-01-01, 2023-07-01, 2022-07-01, 2022-11-04, 2023-04-01, 2023-06-01, 2023-05-01, 2022-10-31, 2023-07-31","2025-06-30, 2025-07-03",,2495763.3843613276,0,51,8.5,46,2,121704.14117647056
0015700002E7ACjAAN,AMERICAS,AMERICAS East,TELCO,2023-11-01,2023-12-01,Unhealthy,2023-09-30,2024-09-29,Implemented,287800,0,5,0.5,4,0,74065.8
0015700002E7ACjAAN,AMERICAS,AMERICAS East,TELCO,2023-05-01,2023-07-01,Unhealthy,"2022-06-30, 2023-06-30","2023-06-29, 2023-09-29",Implemented,287499.99999999994,0,11,1.5,4,0,92582.25000000001
0015700002E7ACjAAN,AMERICAS,AMERICAS East,TELCO,2023-05-01,2023-05-01,Unhealthy,2022-06-30,2023-06-29,Implemented,238000,0,11,3.2,4,0,74065.79999999999
0012o00002X91MoAAJ,EMEA,EMEA UK,FASHION,2023-11-01,2023-11-01,Healthy,2022-07-31,2025-07-30,Partially lived,395270.27027027024,0,81,42.6,63,0,43289.51351351351
0017T0000054mjOQAQ,EMEA,EMEA UK,"HARD,SOFT & SERVICES",2023-02-01,2023-04-01,Healthy,2022-04-29,2025-04-28,Implemented,67545.89189189191,0,27,8.25,18,1,19710.810810810814
0015700002EVdsdAAD,AMERICAS,AMERICAS East,TELCO,2023-05-01,2023-07-01,Unhealthy,"2021-06-30, 2021-10-13, 2022-03-01, 2022-06-01","2023-08-29, 2023-09-12, 2023-08-31",Partially lived,769777.0153846154,0,53,13.25,1,0,95004
0015700002EVdsdAAD,AMERICAS,AMERICAS East,TELCO,2023-02-01,2023-04-01,Unhealthy,"2021-06-30, 2022-06-01, 2022-03-01, 2021-10-13","2023-08-29, 2023-08-31, 2023-09-12",Not started,769777.0153846154,0,54,18,1,0,95004
00157000026YVpNAAW,AMERICAS,AMERICAS East,"TRAVEL, LEISURE AND LOGISTICS",2023-11-01,2023-12-01,Healthy,2023-01-31,2025-01-30,,242500.00000000006,0,26,5.5,6,0,76233.96
0012o000035UPoSAAW,APJ,APJ ASIA,BFSI,2023-11-01,2023-11-01,Unhealthy,2023-10-31,2024-10-30,Started,566031.01,0,41,0,0,0,558742.7499999999
0012o00002rewJIAAY,AMERICAS,AMERICAS West,"HARD,SOFT & SERVICES",2023-11-01,2023-12-01,Unhealthy,2023-03-31,2024-03-30,Implemented,100800,0,5,1,0,0,44400
00157000026AfPpAAK,EMEA,EMEA UK,BFSI,2023-05-01,2023-05-01,Unhealthy,2022-03-30,2025-03-29,,351166.56,0,26,7,14,0,0
0015700001svWnvAAE,EMEA,EMEA UK,FASHION,2023-05-01,2023-06-01,Healthy,"2023-06-01, 2022-07-31","2024-07-31, 2024-07-30",Partially implemented,114680.2367802585,0,16,6,8,0,41463.952996474734
0015700001svWnvAAE,EMEA,EMEA UK,FASHION,2023-05-01,2023-05-01,Healthy,2022-07-31,2024-07-30,Partially implemented,111054.12162162161,0,16,4.6,8,0,37837.83783783783
0015700001svWnvAAE,EMEA,EMEA UK,FASHION,2023-02-01,2023-03-01,Healthy,2022-07-31,2024-07-30,Partially implemented,111054.12162162161,0,13,3.4,8,0,37837.83783783784
0015700002G4DQ9AAN,EMEA,EMEA UK,BFSI,2023-11-01,2023-12-01,Unhealthy,"2022-12-31, 2023-12-31, 2022-12-01","2024-12-30, 2024-12-31",Lived,315849.89932301844,0,32,4.5,33,1,44761.62162162162
0015700002G4DQ9AAN,EMEA,EMEA UK,BFSI,2023-05-01,2023-06-01,Healthy,"2022-12-31, 2022-12-01","2024-12-30, 2024-12-31",Partially lived,309945.89837837836,0,49,12.75,30,0,44761.62162162162
0015700001rWZQfAAO,EMEA,EMEA France,FOOD & BEVERAGES,2023-02-01,2023-03-01,Unhealthy,2021-11-09,2024-01-08,Lived,152307.69230769228,0,8,3.6,0,0,76153.84615384616
0015700001rWZQfAAO,EMEA,EMEA France,FOOD & BEVERAGES,2023-05-01,2023-06-01,Unhealthy,2021-11-09,2024-01-08,Lived,152307.69230769228,0,11,3,0,0,76153.84615384616
0012o00002iOpoMAAS,APJ,APJ ASIA,GENERAL RETAILER,2023-08-01,2023-10-01,Healthy,2023-07-31,2024-09-30,Started,92571.41142857143,0,61,12.5,26,0,54900.88285714285
0012o00002iOpoMAAS,APJ,APJ ASIA,GENERAL RETAILER,2023-08-01,2023-09-01,Healthy,2023-07-31,2024-09-30,Started,92571.41142857142,0,61,19,25,0,54900.88285714285
0012o00002iOpoMAAS,APJ,APJ ASIA,GENERAL RETAILER,2023-05-01,2023-07-01,Unhealthy,2023-07-31,2024-09-30,,92571.41142857142,0,0,0,0,0,54900.88285714285
0012o00002iOquwAAC,APJ,APJ ASIA,TELCO,2023-05-01,2023-06-01,Unhealthy,2022-07-29,2024-10-28,,155556.0533333333,0,0,0,0,0,88356.26666666668
001D000001WUTFSIA5,EMEA,EMEA France,BFSI,2023-11-01,2023-12-01,Unhealthy,"2023-06-30, 2023-04-30",2024-06-29,Implemented,73341.44397,0,4,0.5,3,4,73341.44397
001D00000180LhwIAE,EMEA,EMEA France,BFSI,2023-05-01,2023-07-01,Unhealthy,2023-06-30,2025-06-29,Partially implemented,95920.10734322252,94590.51297773668,8,2.5,3,2,38150.05161151084
001D00000180LhwIAE,EMEA,EMEA France,BFSI,2023-08-01,2023-10-01,Unhealthy,"2023-06-30, 2023-10-31","2025-06-29, 2025-06-30",Partially implemented,96297.96682257303,0,8,2.75,4,2,38150.05161151084
0015700001rWZQfAAO,EMEA,EMEA France,FOOD & BEVERAGES,2023-08-01,2023-08-01,Unhealthy,2021-11-09,2024-01-08,Implemented,152307.69230769228,0,5,1,0,0,76153.84615384616
001D000001WUTFSIA5,EMEA,EMEA France,BFSI,2023-02-01,2023-04-01,Unhealthy,"2021-06-30, 2023-04-30","2023-06-29, 2024-06-29",Implemented,86886.28597915577,0,2,0.5,2,4,86886.28597915577
001D000001es1s2IAA,EMEA,EMEA France,BFSI,2023-11-01,2023-11-01,Healthy,2022-01-01,2023-12-31,Implemented,219159,191632.64703857087,18,5.6,9,1,84135
00157000020WWsWAAW,AMERICAS,AMERICAS West,GENERAL RETAILER,2023-05-01,2023-05-01,Unhealthy,2021-12-31,2023-12-30,,648900.04,0,35,9.2,6,0,24299.999999999993
00157000020WWsWAAW,AMERICAS,AMERICAS West,GENERAL RETAILER,2022-11-01,2023-01-01,Unhealthy,2021-12-31,2023-12-30,,648900.0399999999,0,23,6.25,5,0,24299.999999999996
0012o00002JKvuYAAT,EMEA,EMEA North,GENERAL RETAILER,2023-11-01,2023-12-01,Unhealthy,"2021-03-27, 2021-09-27",2024-03-26,Lived,229203.4,0,0,0,14,0,74556
001D000001LgtF0IAJ,EMEA,EMEA France,"ENERGY, UTILITIES & RESOURCES",2023-05-01,2023-07-01,Unhealthy,2022-12-14,2023-12-13,Implemented,379882.4470588235,0,16,6.5,6,0,154682.40000000002
001D000001LgtF0IAJ,EMEA,EMEA France,"ENERGY, UTILITIES & RESOURCES",2023-02-01,2023-02-01,Unhealthy,2022-12-14,2023-12-13,Implemented,379882.44705882354,0,16,2.25,4,0,154682.40000000002
001D000001LgtF0IAJ,EMEA,EMEA France,"ENERGY, UTILITIES & RESOURCES",2023-02-01,2023-03-01,Unhealthy,2022-12-14,2023-12-13,Implemented,379882.44705882354,0,16,3.6,5,0,154682.40000000002
001D000000vhmaWIAQ,EMEA,EMEA France,"ENERGY, UTILITIES & RESOURCES",2023-05-01,2023-06-01,Healthy,2023-01-01,2024-12-31,Lived,176470.58823529413,0,30,9.5,16,4,70588.23529411765
001D000000vhmaWIAQ,EMEA,EMEA France,"ENERGY, UTILITIES & RESOURCES",2023-02-01,2023-04-01,Healthy,2023-01-01,2024-12-31,Lived,176470.58823529416,0,27,8,17,4,70588.23529411765
001D000000vhmaWIAQ,EMEA,EMEA France,"ENERGY, UTILITIES & RESOURCES",2023-05-01,2023-07-01,Healthy,2023-01-01,2024-12-31,Lived,176470.58823529413,0,30,8,15,4,70588.23529411765
001D000000vhmaWIAQ,EMEA,EMEA France,"ENERGY, UTILITIES & RESOURCES",2023-05-01,2023-05-01,Healthy,2023-01-01,2024-12-31,Lived,176470.58823529416,0,30,7.8,17,4,70588.23529411765
0012o00002sXA4zAAG,APJ,APJ ASIA,GOVERNMENT AND NON PROFIT,2023-02-01,2023-02-01,Unhealthy,"2021-12-31, 2023-01-10","2026-02-28, 2026-03-09",Lived,72422.28,0,3,0.75,0,0,31795.199999999993
0012o000032YTQ1AAO,EMEA,EMEA MENAT,TELCO,2023-02-01,2023-04-01,Unhealthy,2022-10-31,2023-11-30,,223617.12000000002,0,3,0,1,0,120062.76923076922
0012o000032YTQ1AAO,EMEA,EMEA MENAT,TELCO,2023-08-01,2023-10-01,Unhealthy,"2023-07-31, 2022-10-31","2024-01-30, 2023-11-30",,439541.52,0,7,1.5,1,0,269537.0792307693
00157000024Y5L7AAK,APJ,APJ ANZ,TELCO,2023-11-01,2023-11-01,Healthy,2021-12-16,2023-12-15,Not started,289988,337988,76,20.8,20,0,144000
00157000024Y5L7AAK,APJ,APJ ANZ,TELCO,2023-02-01,2023-04-01,Healthy,2021-12-16,2023-12-15,Not started,289988,0,108,24.25,16,0,144000
00157000024Y5L7AAK,APJ,APJ ANZ,TELCO,2023-05-01,2023-05-01,Healthy,2021-12-16,2023-12-15,Not started,289988,0,70,20.4,17,0,144000
0017T000007TUSwQAO,EMEA,EMEA France,FOOD & BEVERAGES,2023-02-01,2023-03-01,Unhealthy,2022-03-31,2025-03-30,Not started,200592.56470588234,0,4,0.8,2,0,60313.69411764707
0015700002EVxflAAD,AMERICAS,AMERICAS East,BFSI,2023-11-01,2023-11-01,Healthy,"2022-12-01, 2023-08-31","2023-11-30, 2024-08-30",,168050,108050,52,10,8,0,60000
0015700002EVxflAAD,AMERICAS,AMERICAS East,BFSI,2023-08-01,2023-09-01,Healthy,"2022-12-01, 2023-08-31","2023-11-30, 2024-08-30",,168050,0,50,12.25,8,0,60000
0012o00002izOxrAAE,APJ,APJ ANZ,M&A,2023-05-01,2023-07-01,Unhealthy,2022-12-19,2023-12-18,Started,377000.04000000004,0,8,2.75,0,0,189427.08
001D000001LgtF0IAJ,EMEA,EMEA France,"ENERGY, UTILITIES & RESOURCES",2023-02-01,2023-04-01,Unhealthy,2022-12-14,2023-12-13,Implemented,379882.44705882354,0,16,5.25,6,0,154682.40000000005
00157000024Y5L7AAK,APJ,APJ ANZ,TELCO,2023-08-01,2023-10-01,Healthy,2021-12-16,2023-12-15,Not started,289988,0,69,19.25,20,0,144000
0017T000007TUSwQAO,EMEA,EMEA France,FOOD & BEVERAGES,2022-11-01,2023-01-01,Unhealthy,2022-03-31,2025-03-30,Not started,200592.56470588234,0,4,0.5,2,0,60313.69411764707
001D000000ymwoVIAQ,EMEA,EMEA France,GENERAL RETAILER,2023-02-01,2023-03-01,Healthy,"2023-03-01, 2022-10-01, 2022-08-01","2025-09-30, 2023-07-31",Lived,232988.32941176472,0,60,17,15,0,63529.41176470588
00157000020YJo1AAG,AMERICAS,AMERICAS West,GENERAL RETAILER,2023-08-01,2023-09-01,Unhealthy,"2022-07-29, 2023-01-31","2025-07-28, 2025-07-30",Lived,490000.07999999996,0,22,5.25,6,0,132689.63999999998
00157000020YJnBAAW,AMERICAS,AMERICAS East,AUTO,2023-05-01,2023-06-01,Healthy,"2023-05-08, 2023-01-31","2024-02-07, 2024-01-30",Partially lived,420480,0,94,24,36,0,0
00157000020YJnBAAW,AMERICAS,AMERICAS East,AUTO,2023-05-01,2023-05-01,Healthy,"2023-05-08, 2023-01-31","2024-02-07, 2024-01-30",Lived,420480,0,94,22,35,0,0
00157000020HEx2AAG,AMERICAS,AMERICAS East,GENERAL RETAILER,2023-08-01,2023-10-01,Unhealthy,2023-10-30,2027-01-29,,215384.61538461538,0,0,0,0,0,53777.90923076923
0012o00002KBfuXAAT,AMERICAS,AMERICAS East,"TRAVEL, LEISURE AND LOGISTICS",2023-08-01,2023-10-01,Unhealthy,2023-03-15,2024-03-14,Partially lived,203145,0,12,6.5,7,0,67151.64
0015700002By6IxAAJ,AMERICAS,AMERICAS East,"TRAVEL, LEISURE AND LOGISTICS",2023-05-01,2023-07-01,Healthy,2023-01-31,2025-03-30,,241011.6923076924,0,48,13.25,17,0,34737.23076923076
0015700002By6IxAAJ,AMERICAS,AMERICAS East,"TRAVEL, LEISURE AND LOGISTICS",2023-02-01,2023-03-01,Healthy,2023-01-31,2025-03-30,,241011.6923076923,0,34,7.6,3,0,34737.230769230766
001D000001WTH47IAH,EMEA,EMEA France,BFSI,2022-11-01,2023-01-01,Unhealthy,2022-12-31,2024-12-30,,100000.09411764705,0,3,1.5,2,0,0
0015700002584DfAAI,EMEA,EMEA France,BFSI,2023-05-01,2023-05-01,Unhealthy,"2023-01-01, 2023-01-31, 2023-05-01, 2022-07-01","2024-12-31, 2024-12-30, 2023-10-31, 2023-12-31",Not started,259750.58823529416,0,12,5,7,0,35294.117647058825
0015700002HSQLHAA5,EMEA,EMEA UK,GENERAL RETAILER,2023-02-01,2023-04-01,Healthy,2022-04-20,2024-04-19,,324324.32432432426,0,39,7.75,18,0,154972.70270270266
0015700002HSQLHAA5,EMEA,EMEA UK,GENERAL RETAILER,2023-11-01,2023-12-01,Unhealthy,2022-04-20,2024-04-19,,324324.3243243243,0,12,0.75,19,0,154972.70270270266
00157000023oFnEAAU,EMEA,EMEA UK,GENERAL RETAILER,2023-05-01,2023-06-01,Healthy,2021-12-31,2024-03-30,Implemented,200007.11111111115,0,13,5.5,0,0,172597.33333333334
001570000279TObAAM,EMEA,EMEA France,FASHION,2023-08-01,2023-10-01,Unhealthy,2023-09-21,2025-09-20,,158050.05499051156,147555.0134275062,3,1.75,2,0,71948.25550913367
001570000279TObAAM,EMEA,EMEA France,FASHION,2023-11-01,2023-11-01,Unhealthy,2023-09-21,2025-09-20,,158050.05499051153,0,2,1.4,2,0,71948.25550913365
0012o00003AbjCoAAJ,EMEA,EMEA UK,"HARD,SOFT & SERVICES",2023-08-01,2023-08-01,Healthy,2022-07-29,2024-09-28,,38250.159999999996,0,0,0,0,0,10217.35
001D000000vhmQdIAI,EMEA,EMEA France,GENERAL RETAILER,2022-11-01,2023-01-01,Healthy,"2022-04-25, 2022-01-31","2023-04-24, 2024-01-30",Implemented,259091.12647058823,0,49,15.25,3,0,34999.950000000004
001D000000vhmQdIAI,EMEA,EMEA France,GENERAL RETAILER,2023-05-01,2023-06-01,Healthy,"2022-01-31, 2023-04-25","2024-01-30, 2024-04-24",Implemented,259091.12647058823,0,54,18,6,0,34999.95
0015700001yOalHAAS,EMEA,EMEA Central,LUXURY,2022-11-01,2023-01-01,Healthy,2021-07-01,2023-06-30,Implemented,195000,0,24,9,11,0,60000
0015700002E7BQnAAN,AMERICAS,AMERICAS East,TELCO,2022-11-01,2023-01-01,Healthy,2022-02-01,2024-01-31,,533000.08,0,73,15,1,0,172411.19999999998
0015700002E7BQnAAN,AMERICAS,AMERICAS East,TELCO,2023-11-01,2023-11-01,Unhealthy,2022-02-01,2024-01-31,,533000.08,533000.0800000001,50,10.8,2,0,172411.19999999998
00157000020YJnzAAG,AMERICAS,AMERICAS West,M&A,2023-02-01,2023-04-01,Healthy,2022-10-31,"2023-10-30, 2024-10-30",,1141445.0300000003,0,99,40,18,6,46759.679999999986
00157000021STtcAAG,EMEA,EMEA UK,BFSI,2023-08-01,2023-09-01,Unhealthy,2023-07-31,2026-07-30,,1201710.1963736315,0,0,0,14,0,292904.4568647131
00157000021SdS3AAK,EMEA,EMEA North,GENERAL RETAILER,2023-11-01,2023-11-01,Healthy,"2022-08-31, 2023-11-30","2023-11-30, 2026-11-29",Implemented,650612.448,408648.5999999999,268,49.4,68,4,281850.996
00157000021SdS3AAK,EMEA,EMEA North,GENERAL RETAILER,2023-05-01,2023-07-01,Healthy,2022-08-31,2023-11-30,Implemented,408648.60000000003,0,122,32.75,64,4,177106.44000000003
0015700002IsJ5FAAV,EMEA,EMEA North,HOME & CONSUMER ELECTRONICS,2023-08-01,2023-09-01,Healthy,"2022-06-01, 2021-08-12","2024-07-31, 2024-08-11",Implemented,1092456.200904977,0,373,140,620,1,44910
0015700002IsJ5FAAV,EMEA,EMEA North,HOME & CONSUMER ELECTRONICS,2023-05-01,2023-07-01,Healthy,"2021-08-12, 2022-06-01","2024-08-11, 2024-07-31",Implemented,1092456.2009049773,0,405,118.75,610,1,44910
0012o00002JLfcgAAD,EMEA,EMEA North,GENERAL RETAILER,2023-02-01,2023-04-01,Healthy,2023-01-01,2025-12-31,Lived,86274.50980392157,0,11,3.25,9,2,46884.98823529412
00157000020YJnzAAG,AMERICAS,AMERICAS West,M&A,2023-11-01,2023-11-01,Healthy,"2022-10-31, 2023-10-31","2024-10-30, 2025-10-30",,997445.0800000001,0,169,38.2,17,6,54466.08
00157000026r7giAAA,EMEA,EMEA Central,"HARD,SOFT & SERVICES",2023-05-01,2023-07-01,Unhealthy,2023-07-31,2027-07-30,,261109.55483300652,0,0,0,0,0,92474.31142
0015700002IsJ5FAAV,EMEA,EMEA North,HOME & CONSUMER ELECTRONICS,2023-08-01,2023-10-01,Healthy,"2021-08-12, 2022-06-01","2024-08-11, 2024-07-31",Implemented,1092456.2009049773,0,373,148.75,431,1,44910
0012o00002JLfcgAAD,EMEA,EMEA North,GENERAL RETAILER,2023-02-01,2023-03-01,Healthy,2023-01-01,2025-12-31,Lived,86274.50980392157,0,11,5.8,9,2,46884.98823529411
00157000028bYKmAAM,AMERICAS,AMERICAS West,GENERAL RETAILER,2023-02-01,2023-04-01,Healthy,2022-06-27,2023-07-26,Lived,194615.42153846152,0,22,7.25,0,0,53487.36000000002
00157000020XsBpAAK,AMERICAS,AMERICAS East,TELCO,2023-08-01,2023-10-01,Healthy,"2023-01-02, 2021-12-31, 2023-04-30, 2020-12-31","2024-01-01, 2023-12-30, 2023-12-29",Partially implemented,5374992.660000001,0,1305,333.25,196,4,1347936.5999999999
0017T000008UzaYQAS,AMERICAS,AMERICAS East,TELCO,2023-02-01,2023-02-01,Unhealthy,2022-04-30,2023-04-29,,261000.0400000001,261000.04,12,5.75,0,0,83325.6
0017T000008UzaYQAS,AMERICAS,AMERICAS East,TELCO,2022-11-01,2023-01-01,Unhealthy,2022-04-30,2023-04-29,,261000.04000000004,0,13,4.25,0,0,83325.59999999999
0017T000008UzaYQAS,AMERICAS,AMERICAS East,TELCO,2023-02-01,2023-04-01,Unhealthy,2022-04-30,2023-04-29,,261000.03999999998,261000.04,12,0,0,0,83325.59999999998
0012o00002grS3IAAU,EMEA,EMEA France,FOOD & BEVERAGES,2023-08-01,2023-09-01,Unhealthy,"2021-07-01, 2023-01-01, 2023-03-31, 2023-07-01","2024-06-30, 2023-12-31, 2025-03-30",Partially implemented,553309.9643669307,0,35,11.75,17,2,180000
001D0000017K5AgIAK,EMEA,EMEA France,FASHION,2023-05-01,2023-07-01,Unhealthy,"2022-04-01, 2023-05-01","2024-03-31, 2025-04-30",Partially implemented,147794.11764705883,0,8,2,4,0,72794.11764705881
001D0000017K5AgIAK,EMEA,EMEA France,FASHION,2023-05-01,2023-05-01,Unhealthy,"2022-04-01, 2023-05-01","2024-03-31, 2025-04-30",Partially implemented,147794.11764705883,0,8,0.6,4,0,72794.11764705883
001D0000017K5AgIAK,EMEA,EMEA France,FASHION,2023-05-01,2023-06-01,Unhealthy,"2023-05-01, 2022-04-01","2025-04-30, 2024-03-31",Partially implemented,147794.11764705883,0,8,1.25,4,0,72794.11764705883
001D0000017K5AgIAK,EMEA,EMEA France,FASHION,2023-02-01,2023-04-01,Unhealthy,"2022-04-01, 2021-05-01","2024-03-31, 2023-04-30",Partially implemented,152444.59515871506,32790.00298389027,7,1,4,0,77444.59515871506
001D000000viZaqIAE,EMEA,EMEA France,GENERAL RETAILER,2023-11-01,2023-11-01,Unhealthy,"2023-04-04, 2022-12-05","2024-12-03, 2024-12-04",Implemented,218117.64705882355,0,19,5.2,11,1,48705.882352941175
001D000000viZaqIAE,EMEA,EMEA France,GENERAL RETAILER,2023-05-01,2023-05-01,Unhealthy,"2022-12-05, 2023-04-04","2024-12-04, 2024-12-03",Implemented,218117.64705882355,0,23,2.8,10,1,48705.88235294118
001D000000vhmNjIAI,EMEA,EMEA France,FASHION,2023-05-01,2023-06-01,Healthy,2022-09-01,2025-08-31,Implemented,210000,0,23,13,12,0,65027.1
001D000000vhmNjIAI,EMEA,EMEA France,FASHION,2023-11-01,2023-11-01,Healthy,2022-09-01,2025-08-31,Implemented,210000,0,31,16.2,12,0,65027.1
00157000026Bxa4AAC,AMERICAS,AMERICAS West,FASHION,2023-02-01,2023-04-01,Healthy,"2022-09-01, 2022-07-01",2025-06-30,Lived,1209727.9200000002,0,117,35.25,20,1,87998.16
00157000026Bxa4AAC,AMERICAS,AMERICAS West,FASHION,2023-05-01,2023-07-01,Healthy,"2022-07-01, 2022-09-01",2025-06-30,Lived,1209727.92,0,103,31,21,1,87998.16000000002
00157000026Bxa4AAC,AMERICAS,AMERICAS West,FASHION,2023-05-01,2023-05-01,Healthy,"2022-07-01, 2022-09-01",2025-06-30,Lived,1209727.92,0,103,32.6,20,1,87998.16
00157000020GqK7AAK,AMERICAS,AMERICAS East,GENERAL RETAILER,2023-08-01,2023-08-01,Healthy,2023-06-01,2024-05-31,Lived,795000.08,0,106,37.4,13,0,276387.95999999996
0015700002F7YDSAA3,EMEA,EMEA UK,HOME & CONSUMER ELECTRONICS,2023-05-01,2023-05-01,Healthy,"2021-11-16, 2022-11-16",2024-11-15,Not started,232162.9332050508,0,18,6.6,11,0,45618.93901528805
001D000000vhmNjIAI,EMEA,EMEA France,FASHION,2023-05-01,2023-07-01,Healthy,2022-09-01,2025-08-31,Implemented,210000,0,23,13.25,12,0,65027.1
0015700002BzPdjAAF,EMEA,EMEA South,TELCO,2023-08-01,2023-08-01,Healthy,"2021-07-31, 2022-09-30","2024-09-30, 2024-09-29",Implemented,423152.3470588235,0,33,11.2,31,0,147231.24705882353
0015700002BzPdjAAF,EMEA,EMEA South,TELCO,2023-08-01,2023-09-01,Healthy,"2021-07-31, 2022-09-30","2024-09-30, 2024-09-29",Implemented,423152.3470588235,0,33,13.25,31,0,147231.24705882353
0015700002BzPdjAAF,EMEA,EMEA South,TELCO,2023-05-01,2023-06-01,Healthy,"2022-09-30, 2021-07-31","2024-09-29, 2024-09-30",Implemented,423152.3470588236,0,38,16.25,31,0,147231.24705882353
0015700002F7YDSAA3,EMEA,EMEA UK,HOME & CONSUMER ELECTRONICS,2023-02-01,2023-04-01,Healthy,"2022-11-16, 2021-11-16",2024-11-15,Not started,232162.9332050508,0,23,5.5,11,0,45618.93901528805
0015700001ruBwIAAU,EMEA,EMEA UK,TELCO,2023-05-01,2023-07-01,Healthy,"2023-01-31, 2023-04-01","2025-03-30, 2025-03-31",Started,540585.4594594595,0,153,51.5,29,0,151601.1891891892
0012o00002tTy5hAAC,EMEA,EMEA Central,GOVERNMENT AND NON PROFIT,2023-11-01,2023-12-01,Unhealthy,2022-10-01,2025-09-30,Implemented,123289.41176470586,0,5,0.75,4,1,109279.2
00157000027d3HbAAI,EMEA,EMEA North,BFSI,2023-02-01,2023-02-01,Healthy,"2022-07-31, 2022-10-31, 2020-09-30","2023-09-30, 2023-09-29",Not started,309990.25840336137,0,37,14.75,19,0,44465.38487394958
00157000027gXr7AAE,EMEA,EMEA UK,M&A,2023-11-01,2023-11-01,Healthy,2023-01-31,2025-03-30,Implemented,137214.13721413718,0,12,3.6,0,0,58688.28898128898
0012o00002v59jOAAQ,AMERICAS,AMERICAS West,GENERAL RETAILER,2023-05-01,2023-05-01,Healthy,"2022-12-31, 2023-01-31","2023-12-30, 2024-01-30",,339000.11999999994,0,67,28,0,0,88490.51999999999
0015700001up0MiAAI,EMEA,EMEA UK,"TRAVEL, LEISURE AND LOGISTICS",2023-05-01,2023-06-01,Healthy,2021-12-31,2024-12-30,,127299.94144202695,0,20,9.5,10,0,30407.266012657637
0012o00002Iyj0SAAR,EMEA,EMEA UK,M&A,2023-11-01,2023-12-01,Unhealthy,2023-11-30,2026-12-29,,111697.31117967793,0,9,0.25,0,0,39762.39919982171
001D0000010w8ETIAY,EMEA,EMEA France,GENERAL RETAILER,2023-02-01,2023-04-01,Healthy,"2021-12-28, 2021-05-31, 2022-09-01, 2021-09-30, 2023-03-15","2023-12-27, 2023-06-30, 2024-08-31, 2023-12-29, 2025-03-14",Implemented,486382.6303964133,32790.00298389027,123,29.75,77,1,111758.83039641319
001D0000010w8ETIAY,EMEA,EMEA France,GENERAL RETAILER,2023-05-01,2023-05-01,Healthy,"2021-05-31, 2021-12-28, 2021-09-30, 2023-03-15, 2022-09-01","2023-06-30, 2023-12-27, 2023-12-29, 2025-03-14, 2024-08-31",Implemented,486382.63039641303,305985.3778446694,134,32,79,1,111758.83039641322
00157000021SG5FAAW,EMEA,EMEA UK,GENERAL RETAILER,2023-05-01,2023-07-01,Healthy,2022-06-30,2024-06-29,Implemented,210810.81081081086,0,52,19,26,2,38513.55405405405
00157000021SG5FAAW,EMEA,EMEA UK,GENERAL RETAILER,2023-02-01,2023-02-01,Healthy,2022-06-30,2024-06-29,Implemented,210810.8108108108,0,65,29.5,26,2,38513.55405405405
00157000021SSkMAAW,AMERICAS,AMERICAS West,FOOD & BEVERAGES,2023-02-01,2023-04-01,Healthy,"2022-10-31, 2021-06-30","2024-06-30, 2023-06-29",Partially lived,295100.04,0,44,10.25,7,0,170100.00000000003
0017T00000529kbQAA,EMEA,EMEA France,HOME & CONSUMER ELECTRONICS,2023-02-01,2023-03-01,Healthy,2021-12-31,2024-12-30,,508153.04000000004,0,0,0,0,0,51846.96
0017T00000529kbQAA,EMEA,EMEA France,HOME & CONSUMER ELECTRONICS,2023-11-01,2023-11-01,Healthy,2021-12-31,2024-12-30,,508153.04000000004,0,0,0,0,0,51846.96
0017T00000529kbQAA,EMEA,EMEA France,HOME & CONSUMER ELECTRONICS,2023-08-01,2023-10-01,Healthy,2021-12-31,2024-12-30,,508153.04000000004,0,0,0,0,0,51846.96
0015700001ruBwIAAU,EMEA,EMEA UK,TELCO,2023-02-01,2023-03-01,Healthy,"2023-01-31, 2021-04-01","2025-03-30, 2023-03-31",,534677.2492500759,308759.9428794105,141,44.6,24,0,151601.1891891892
00157000021SQ9xAAG,EMEA,EMEA UK,GENERAL RETAILER,2023-05-01,2023-06-01,Healthy,"2021-06-30, 2023-06-30","2023-06-29, 2025-06-29",Implemented,355407.19238601666,279689.1982574983,40,10.75,23,0,62337.00070039542
0015700001up0MiAAI,EMEA,EMEA UK,"TRAVEL, LEISURE AND LOGISTICS",2022-11-01,2023-01-01,Healthy,2021-12-31,2024-12-30,,127299.94144202692,0,18,6,5,0,30407.266012657637
0015700001up0MiAAI,EMEA,EMEA UK,"TRAVEL, LEISURE AND LOGISTICS",2023-11-01,2023-12-01,Healthy,2021-12-31,2024-12-30,,127299.94144202696,0,17,4.25,10,0,30407.266012657637
00157000021SSkMAAW,AMERICAS,AMERICAS West,FOOD & BEVERAGES,2023-08-01,2023-10-01,Healthy,"2023-07-04, 2022-10-31","2024-07-03, 2024-06-30",Implemented,295100.04000000004,0,29,6,5,0,170100
00157000020GH2SAAW,EMEA,EMEA UK,GENERAL RETAILER,2023-11-01,2023-12-01,Healthy,"2023-04-28, 2022-05-19","2024-08-27, 2024-05-18",,222411.39413674193,0,50,18.25,36,0,38422.20494755279
0012o00002qrYhYAAU,EMEA,EMEA UK,BFSI,2023-11-01,2023-12-01,Healthy,"2022-12-31, 2023-04-05","2024-12-30, 2025-01-04",Not started,216165.0872595383,0,33,6.75,23,0,44870.270270270266
0012o00002qrYhYAAU,EMEA,EMEA UK,BFSI,2023-05-01,2023-07-01,Healthy,"2022-12-31, 2023-04-05","2024-12-30, 2025-01-04",Not started,216165.08725953833,0,23,7.75,23,0,44870.27027027027
001570000268dJLAAY,EMEA,EMEA UK,HOME & CONSUMER ELECTRONICS,2023-08-01,2023-10-01,Healthy,"2023-09-28, 2023-10-28",2025-09-27,Started,194152.2346643576,171765.14822344758,35,10.25,1,0,24456.48751303801
001570000268dJLAAY,EMEA,EMEA UK,HOME & CONSUMER ELECTRONICS,2023-11-01,2023-11-01,Healthy,"2023-10-28, 2023-09-28",2025-09-27,Started,243065.2096904336,0,23,10.4,1,0,73369.46253911403
0015700001u7XmsAAE,EMEA,EMEA UK,GENERAL RETAILER,2022-11-01,2023-01-01,Healthy,"2020-04-24, 2021-03-31, 2020-06-25, 2021-06-30, 2022-08-25","2023-04-23, 2023-04-30, 2023-04-24, 2023-04-29",Implemented,178000.5522734488,0,24,12.5,5,0,0
0015700001u7XmsAAE,EMEA,EMEA UK,GENERAL RETAILER,2023-02-01,2023-03-01,Healthy,"2021-03-31, 2020-06-25, 2021-06-30, 2022-08-25, 2020-04-24","2023-04-30, 2023-04-24, 2023-04-29, 2023-04-23",Implemented,178000.55227344882,159384.7709138174,29,11.6,6,0,0
0015700001u7XmsAAE,EMEA,EMEA UK,GENERAL RETAILER,2023-05-01,2023-07-01,Healthy,2023-04-25,2026-04-24,Implemented,162384.52758152445,0,25,10.75,8,1,0
0015700002IAeheAAD,AMERICAS,AMERICAS West,TELCO,2023-02-01,2023-02-01,Healthy,"2021-05-01, 2022-09-01",2023-04-30,Not started,541688,541688,100,25,0,0,36999.96
0015700002IAeheAAD,AMERICAS,AMERICAS West,TELCO,2022-11-01,2023-01-01,Healthy,"2021-05-01, 2022-09-01",2023-04-30,Not started,541688,0,76,19.75,0,0,36999.96
0015700002IAeheAAD,AMERICAS,AMERICAS West,TELCO,2023-11-01,2023-12-01,Healthy,2023-05-01,2024-04-30,Not started,451688.04000000004,0,126,33,0,0,88926.12
00157000024Y9JYAA0,AMERICAS,AMERICAS West,"TRAVEL, LEISURE AND LOGISTICS",2023-02-01,2023-02-01,Unhealthy,2021-12-30,2024-12-29,Lived,145000.08000000002,459269.36,3,1,4,0,115750.08
0015700001nzcGvAAI,EMEA,EMEA France,"HARD,SOFT & SERVICES",2023-11-01,2023-12-01,Healthy,"2022-12-31, 2023-12-31",2025-12-30,,299793.0685753383,0,307,54.75,67,0,13080.002746800576
001D000000yodtjIAA,EMEA,EMEA France,AUTO,2023-08-01,2023-08-01,Healthy,"2023-03-25, 2023-02-25, 2021-09-24, 2023-06-25, 2022-03-25, 2021-12-31, 2023-03-24","2025-03-24, 2024-09-23, 2024-03-24, 2023-12-30",Lived,725723.7558295393,0,91,10.6,45,6,75349.95000000001
001D000000yodtjIAA,EMEA,EMEA France,AUTO,2023-02-01,2023-03-01,Healthy,"2022-03-25, 2021-12-31, 2021-09-24, 2023-02-25, 2023-03-25, 2023-03-24","2025-03-24, 2023-12-30, 2024-09-23, 2024-03-24",Lived,625961.7442995169,0,62,12.6,29,5,75349.95
0012o00002v2AfXAAU,APJ,APJ ASIA,GENERAL RETAILER,2023-08-01,2023-10-01,Unhealthy,2023-10-30,2024-10-29,,82229.95999999999,0,0,0,0,0,46147.42
0012o00002iPpBpAAK,AMERICAS,AMERICAS East,GENERAL RETAILER,2023-05-01,2023-06-01,Unhealthy,"2022-06-30, 2023-03-01","2024-06-29, 2024-06-30",Implemented,105000,0,0,0,0,0,15000
001D000000yodtjIAA,EMEA,EMEA France,AUTO,2023-08-01,2023-10-01,Healthy,"2023-03-25, 2021-12-31, 2021-09-24, 2022-03-25, 2023-02-25, 2023-06-25, 2023-03-24","2025-03-24, 2023-12-30, 2024-09-23, 2024-03-24",Lived,725723.7558,0,91,30.25,53,7,75349.95
00157000023mB5AAAU,AMERICAS,AMERICAS West,GENERAL RETAILER,2023-05-01,2023-07-01,Unhealthy,2023-04-30,2025-06-29,,323076.92307692306,0,42,5,4,0,79803.24461538462
0015700002I8B9hAAF,AMERICAS,AMERICAS West,GENERAL RETAILER,2023-02-01,2023-02-01,Healthy,"2023-01-31, 2021-08-01, 2022-07-31","2024-07-30, 2023-07-31, 2023-07-30",Not started,159552,0,16,4.25,4,0,27492
0015700002I8B9hAAF,AMERICAS,AMERICAS West,GENERAL RETAILER,2023-11-01,2023-12-01,Healthy,"2023-01-31, 2023-08-01","2024-07-30, 2024-07-31",Implemented,121752.11999999997,0,21,6.5,4,0,27492
00157000023mB5AAAU,AMERICAS,AMERICAS West,GENERAL RETAILER,2023-05-01,2023-06-01,Unhealthy,2023-04-30,2025-06-29,,323076.9230769231,0,42,6.5,1,0,79803.24461538461
001D000001WUTfTIAX,EMEA,EMEA France,"TRAVEL, LEISURE AND LOGISTICS",2022-11-01,2023-01-01,Healthy,"2022-11-15, 2022-01-01, 2023-01-31","2023-11-14, 2023-12-31, 2023-12-30",Implemented,336098.11997549026,14204.629292621266,43,10.25,9,0,145468.70625000002
001D000001WUTfTIAX,EMEA,EMEA France,"TRAVEL, LEISURE AND LOGISTICS",2023-02-01,2023-04-01,Unhealthy,"2022-01-01, 2022-11-15, 2023-01-31","2023-12-31, 2023-11-14, 2023-12-30",Implemented,402774.8356617647,0,34,11,10,0,145468.7063
001D000000qxlh0IAA,EMEA,EMEA France,TELCO,2022-11-01,2023-01-01,Healthy,"2022-03-01, 2023-01-01, 2021-07-02, 2022-02-01","2024-02-29, 2024-03-31, 2023-03-31, 2023-04-01, 2024-01-31",Implemented,408078.44081143645,0,63,6.5,47,0,117793.41176470589
0012o00002JMHjVAAX,EMEA,EMEA North,FOOD & BEVERAGES,2023-02-01,2023-02-01,Healthy,2022-12-31,2026-12-30,,142970.71764705883,0,17,8.75,10,0,47800.02352941178
0012o00002JMHjVAAX,EMEA,EMEA North,FOOD & BEVERAGES,2023-05-01,2023-05-01,Healthy,2022-12-31,2026-12-30,,142970.71764705883,0,16,7,11,0,47800.02352941178
0012o00002yZrG8AAK,EMEA,EMEA France,HEALTHCARE,2023-05-01,2023-07-01,Healthy,"2022-12-31, 2023-06-21","2026-06-30, 2026-06-20",Not started,123760.09411764708,87654.23597653549,15,4.5,16,0,29411.858823529405
001D000000qyDA7IAM,EMEA,EMEA France,M&A,2023-08-01,2023-08-01,Unhealthy,"2022-07-31, 2021-09-30, 2020-07-01, 2021-07-30","2024-09-30, 2023-10-29, 2023-10-31",Lived,442010.91177638725,328774.4299184731,10,3.6,5,1,58510.39290854038
001D000000wpXSdIAM,EMEA,EMEA France,GENERAL RETAILER,2023-02-01,2023-04-01,Unhealthy,2021-06-30,2024-10-29,Implemented,393750.06,0,21,5,22,10,182812.53
001D000000wpXSdIAM,EMEA,EMEA France,GENERAL RETAILER,2023-05-01,2023-05-01,Unhealthy,2021-06-30,2024-10-29,Implemented,393750.06,0,13,4.2,22,10,182812.53
001D000001aT1cnIAC,EMEA,EMEA France,M&A,2022-11-01,2023-01-01,Unhealthy,"2022-10-31, 2023-01-31",2025-12-30,,255366.28429898282,0,4,1.5,0,0,5156.154621848739
0015700002BjSttAAF,EMEA,EMEA North,GENERAL RETAILER,2023-11-01,2023-11-01,Healthy,"2020-12-31, 2021-12-31, 2021-05-05","2023-12-30, 2024-01-04",Implemented,242459.13913945845,204395.43431998452,27,9.6,19,3,52500.05
0015700002Is4W7AAJ,EMEA,EMEA France,"HARD,SOFT & SERVICES",2023-11-01,2023-12-01,Healthy,2023-07-31,2025-08-30,Started,219744.05137825076,0,23,7.75,6,0,107122.42337570891
0015700002E7ACoAAN,AMERICAS,AMERICAS West,GENERAL RETAILER,2023-02-01,2023-02-01,Healthy,"2022-10-18, 2022-12-30","2026-01-17, 2025-12-29",Lived,461018.7692307692,0,58,24.75,10,0,60556.20923076924
0017T00000VXyeFQAT,AMERICAS,AMERICAS West,FASHION,2023-08-01,2023-09-01,Unhealthy,"2023-08-07, 2023-01-31","2025-02-06, 2025-01-30",,72503.40000000001,0,0,0,0,0,32890.67999999999
0017T00000VXyeFQAT,AMERICAS,AMERICAS West,FASHION,2023-08-01,2023-08-01,Unhealthy,"2023-08-07, 2023-01-31","2025-02-06, 2025-01-30",,65303.40000000001,0,0,0,0,0,26312.544
00157000026BvjVAAS,EMEA,EMEA UK,FOOD & BEVERAGES,2023-05-01,2023-06-01,Healthy,"2023-01-15, 2021-12-18","2024-01-14, 2024-01-17",Lived,215230.27285320958,0,26,9,17,4,32643.243243243243
00157000026BvjVAAS,EMEA,EMEA UK,FOOD & BEVERAGES,2023-08-01,2023-09-01,Healthy,"2023-01-15, 2021-12-18","2024-01-14, 2024-01-17",Implemented,215230.27285320955,0,51,16.5,23,7,32643.243243243243
00157000026BvjVAAS,EMEA,EMEA UK,FOOD & BEVERAGES,2023-08-01,2023-10-01,Healthy,"2023-01-15, 2021-12-18","2024-01-14, 2024-01-17",Implemented,215230.2728532096,0,51,12,23,7,32643.243243243243
0012o00002KBNpiAAH,EMEA,EMEA UK,AUTO,2023-08-01,2023-10-01,Healthy,"2023-07-27, 2021-03-31, 2022-10-31","2024-06-26, 2024-03-26, 2024-03-30, 2026-03-26",Lived,203029.68780358453,0,12,4,11,0,35657.38359760354
0012o00002LyrseAAB,EMEA,EMEA UK,FASHION,2023-05-01,2023-06-01,Healthy,2021-03-31,2024-03-30,,185612.21221838237,0,15,5.75,13,0,34303.98422016726
00157000020YJo5AAG,AMERICAS,AMERICAS West,GENERAL RETAILER,2023-02-01,2023-04-01,Unhealthy,2022-06-30,2023-06-29,Not started,297500.04000000004,0,17,4,5,0,108758.28
0012o00002JL7ziAAD,EMEA,EMEA UK,"TRAVEL, LEISURE AND LOGISTICS",2023-05-01,2023-05-01,Healthy,"2022-09-06, 2021-12-23","2025-09-05, 2025-08-22",,199748.75675675677,0,42,9,23,1,95080.54054054055
0012o00002JL7ziAAD,EMEA,EMEA UK,"TRAVEL, LEISURE AND LOGISTICS",2023-11-01,2023-11-01,Healthy,"2022-09-06, 2021-12-23","2025-09-05, 2025-08-22",,199748.75675675675,0,60,16.6,24,2,95080.54054054055
0012o00002JL7ziAAD,EMEA,EMEA UK,"TRAVEL, LEISURE AND LOGISTICS",2023-08-01,2023-08-01,Healthy,"2021-12-23, 2022-09-06","2025-08-22, 2025-09-05",,199748.75675675677,0,38,9.6,24,1,95080.54054054055
00157000027AbEzAAK,EMEA,EMEA UK,GENERAL RETAILER,2023-08-01,2023-09-01,Healthy,"2021-12-31, 2023-02-17","2023-12-30, 2023-11-16",Partially lived,1653604.3698600302,0,167,53.75,259,2,131325.2995903622
0012o00002yZrG8AAK,EMEA,EMEA France,HEALTHCARE,2023-11-01,2023-11-01,Healthy,"2023-06-21, 2022-12-31","2026-06-20, 2026-06-30",Implemented,123760.09411764704,0,19,7.2,16,0,29411.858823529397
0012o00002ZzYb0AAF,EMEA,EMEA South,BFSI,2023-11-01,2023-11-01,Unhealthy,2022-12-10,2024-03-09,,154838.74611005693,0,3,0.2,0,0,69052.23529411765
0012o000035UaDBAA0,EMEA,EMEA South,"ENERGY, UTILITIES & RESOURCES",2023-11-01,2023-11-01,Unhealthy,2023-09-20,2026-09-19,Started,119464.02145411118,0,15,2.8,1,0,55743.64720616591
0015700002IBFM9AAP,EMEA,EMEA South,"ENERGY, UTILITIES & RESOURCES",2022-11-01,2023-01-01,Healthy,"2022-09-01, 2022-06-01, 2022-12-01",2024-05-31,,219865.62352941177,0,18,7,9,0,60000
0015700002IBFM9AAP,EMEA,EMEA South,"ENERGY, UTILITIES & RESOURCES",2023-02-01,2023-03-01,Healthy,"2022-09-01, 2022-06-01, 2022-12-01",2024-05-31,,219865.62352941177,0,17,6.4,9,4,60000
0012o00002ouGAEAA2,EMEA,EMEA South,AUTO,2023-11-01,2023-12-01,Unhealthy,2023-07-31,2024-07-30,,117720.28632126008,0,13,2.25,5,0,58034.14099
0012o00002ouGAEAA2,EMEA,EMEA South,AUTO,2023-11-01,2023-11-01,Unhealthy,2023-07-31,2024-07-30,,117720.28632126012,0,13,3,5,0,58034.14099
0015700002H23k1AAB,EMEA,EMEA South,BFSI,2023-02-01,2023-02-01,Healthy,2021-07-08,2023-07-07,Implemented,131875,0,21,6,18,6,56875
0015700001wVJYBAA4,EMEA,EMEA France,FOOD & BEVERAGES,2023-05-01,2023-06-01,Healthy,"2021-01-01, 2023-03-15, 2021-02-01, 2023-06-30","2023-12-31, 2024-01-14, 2024-01-31, 2024-01-29",Implemented,300445.37354164734,0,41,7.25,1,0,67511.99182
001D000000sWJ8GIAW,EMEA,EMEA France,FOOD & BEVERAGES,2023-02-01,2023-03-01,Healthy,"2021-06-30, 2022-04-30",2023-06-29,Partially implemented,582990,0,17,5.2,28,0,96701.99999999999
00157000027BFRhAAO,AMERICAS,AMERICAS West,GENERAL RETAILER,2023-05-01,2023-07-01,Unhealthy,2021-11-15,2024-02-14,Implemented,308222.27999999997,0,17,3,4,1,124500
00157000027BFRhAAO,AMERICAS,AMERICAS West,GENERAL RETAILER,2023-02-01,2023-02-01,Unhealthy,2021-11-15,2024-02-14,Implemented,308222.28,0,12,4.5,4,1,124500
00157000025k4IKAAY,AMERICAS,AMERICAS East,BFSI,2023-02-01,2023-04-01,Unhealthy,2022-12-31,2023-12-30,,304311.4,0,18,4.75,4,0,0.12
00157000025k4IKAAY,AMERICAS,AMERICAS East,BFSI,2023-05-01,2023-05-01,Unhealthy,2022-12-31,2023-12-30,,304311.4,0,25,5.8,4,0,0.12
0012o00002qridqAAA,EMEA,EMEA South,FASHION,2023-05-01,2023-07-01,Unhealthy,2022-04-01,2025-04-30,Lived,123510.27281399048,0,6,3.25,1,0,36905.71192368839
001D0000017K5AYIA0,EMEA,EMEA UK,GENERAL RETAILER,2023-02-01,2023-04-01,Healthy,2021-12-31,2023-08-30,Partially implemented,1109616.821816262,0,71,31.5,50,9,369208.8509639286
0012o00002X91MoAAJ,EMEA,EMEA UK,FASHION,2022-11-01,2023-01-01,Healthy,2022-07-31,2025-07-30,,395270.2702702703,0,104,53.25,39,0,43289.51351351351
0012o00002X91MoAAJ,EMEA,EMEA UK,FASHION,2023-11-01,2023-12-01,Healthy,2022-07-31,2025-07-30,Partially lived,395270.27027027024,0,81,33.25,66,0,43289.51351351352
0012o00002X91MoAAJ,EMEA,EMEA UK,FASHION,2023-02-01,2023-04-01,Healthy,2022-07-31,2025-07-30,Not started,395270.2702702703,0,114,48.75,54,0,43289.51351351352
0012o00002X91MoAAJ,EMEA,EMEA UK,FASHION,2023-02-01,2023-03-01,Healthy,2022-07-31,2025-07-30,Not started,395270.2702702703,0,114,58.4,52,0,43289.51351351352
001570000223DK4AAM,EMEA,EMEA UK,GENERAL RETAILER,2023-11-01,2023-12-01,Healthy,2023-06-11,2024-06-10,Lived,356700.10627201706,0,97,19.25,65,0,82983.39007734242
001570000223DK4AAM,EMEA,EMEA UK,GENERAL RETAILER,2023-02-01,2023-04-01,Healthy,2021-06-11,2023-06-10,Lived,334999.7923000955,0,94,25.75,68,0,112559.94822242382
001570000223DK4AAM,EMEA,EMEA UK,GENERAL RETAILER,2023-05-01,2023-07-01,Healthy,2023-06-11,2024-06-10,Lived,356700.10627201706,311249.8926187699,66,21.75,72,0,82983.39007734244
0015700002BB718AAD,AMERICAS,AMERICAS West,"TRAVEL, LEISURE AND LOGISTICS",2023-02-01,2023-02-01,Unhealthy,2022-12-10,2024-12-09,Implemented,115000.08,0,7,3,1,0,40303.2
0012o00002X91MoAAJ,EMEA,EMEA UK,FASHION,2023-08-01,2023-08-01,Healthy,2022-07-31,2025-07-30,Not started,395270.27027027024,0,92,40.2,57,0,43289.51351351351
0012o00002kAhaNAAS,EMEA,EMEA North,GENERAL RETAILER,2023-05-01,2023-06-01,Unhealthy,"2021-12-31, 2023-02-06","2024-12-30, 2025-01-05",Implemented,146581.7509156002,0,8,2.75,12,2,35892.23
0012o00002kAhaNAAS,EMEA,EMEA North,GENERAL RETAILER,2023-02-01,2023-03-01,Unhealthy,"2021-12-31, 2023-02-06","2024-12-30, 2025-01-05",Implemented,146581.7509156002,0,6,1.2,13,2,35892.23
0012o00002kAhaNAAS,EMEA,EMEA North,GENERAL RETAILER,2023-05-01,2023-07-01,Unhealthy,"2021-12-31, 2023-02-06","2024-12-30, 2025-01-05",Implemented,146581.7509156002,0,8,1.25,12,2,35892.23
0017T00000AjokmQAB,EMEA,EMEA MENAT,FASHION,2023-02-01,2023-03-01,Unhealthy,2023-01-31,2026-02-28,Started,95455.65405405404,0,6,3,1,0,45290.52972972973
00157000027A7ewAAC,EMEA,EMEA MENAT,"TRAVEL, LEISURE AND LOGISTICS",2023-11-01,2023-12-01,Healthy,"2023-01-31, 2023-10-06","2024-01-30, 2024-10-05",Lived,179379.88000000003,114000.04,9,7.25,5,0,65379.84000000001
0015700002GV9JeAAL,EMEA,EMEA UK,M&A,2023-05-01,2023-05-01,Healthy,"2022-05-14, 2023-05-14","2023-05-13, 2024-05-13",Implemented,36588.97675153358,29879.994472201026,0,0,1,0,18294.488375766792
0015700002GV9JeAAL,EMEA,EMEA UK,M&A,2023-05-01,2023-07-01,Healthy,2023-05-14,2024-05-13,Implemented,29520.004723200753,29879.994472201026,0,0,1,0,14760.002361600376
00157000021STtLAAW,EMEA,EMEA UK,"ENERGY, UTILITIES & RESOURCES",2023-02-01,2023-03-01,Unhealthy,2023-01-31,2026-01-30,,537369.4054054053,0,15,3.4,6,0,129170.10810810812
00157000021STtLAAW,EMEA,EMEA UK,"ENERGY, UTILITIES & RESOURCES",2023-05-01,2023-07-01,Healthy,2023-01-31,2026-01-30,Not started,537369.4054054054,0,59,13.75,35,0,129170.10810810815
0015700001xOIhgAAG,EMEA,EMEA Central,FASHION,2023-02-01,2023-04-01,Healthy,"2020-09-01, 2023-01-31","2023-08-31, 2026-08-30",Lived,189816.4651707578,0,50,12.75,38,3,42415.32804377565
00157000024459pAAA,AMERICAS,AMERICAS East,BFSI,2023-08-01,2023-08-01,Healthy,"2023-07-31, 2022-12-31, 2023-04-30, 2022-12-10","2023-12-30, 2023-12-29, 2024-01-09",Implemented,860485.2492307692,0,207,45.8,57,0,151788
00157000024459pAAA,AMERICAS,AMERICAS East,BFSI,2023-08-01,2023-09-01,Healthy,"2022-12-31, 2023-04-30, 2022-12-10, 2023-07-31","2023-12-30, 2023-12-29, 2024-01-09",Implemented,860485.2492307692,0,207,49.75,61,0,151788
00157000020YJoDAAW,AMERICAS,AMERICAS East,BFSI,2023-08-01,2023-10-01,Healthy,2022-12-31,2023-12-30,,380990.04000000004,0,145,28.5,6,0,16384.320000000003
00157000020YJoDAAW,AMERICAS,AMERICAS East,BFSI,2023-02-01,2023-03-01,Healthy,2022-12-31,2023-12-30,,380990.04000000004,0,124,20,4,0,16384.320000000003
00157000020YJoDAAW,AMERICAS,AMERICAS East,BFSI,2023-08-01,2023-09-01,Healthy,2022-12-31,2023-12-30,,380990.04000000004,0,145,31.25,6,0,16384.32
001D0000017K5CMIA0,EMEA,EMEA France,LUXURY,2023-02-01,2023-03-01,Healthy,"2023-01-01, 2022-07-01, 2022-10-31, 2022-11-04","2025-06-30, 2025-07-03",,2216821.9764705882,0,18,7.2,21,0,121704.1411764706
001D0000017K5CMIA0,EMEA,EMEA France,LUXURY,2023-08-01,2023-10-01,Healthy,"2023-06-01, 2022-07-01, 2023-01-01, 2022-11-04, 2023-07-01, 2023-04-01, 2022-10-31, 2023-07-31, 2023-05-01","2025-06-30, 2025-07-03",,2495763.384361328,0,33,9.75,46,2,121704.14117647056
001D0000017K5CMIA0,EMEA,EMEA France,LUXURY,2022-11-01,2023-01-01,Healthy,"2023-01-01, 2022-07-01, 2022-10-31, 2022-11-04","2025-06-30, 2025-07-03",,2216821.9764705882,0,12,4,17,0,121704.1411764706
0017T00000VYEV4QAP,EMEA,EMEA France,BFSI,2023-05-01,2023-05-01,Healthy,2023-01-31,2025-03-30,Started,110334.88506787331,0,13,3.4,5,0,72837.15475113122
0017T00000VYEV4QAP,EMEA,EMEA France,BFSI,2023-11-01,2023-11-01,Healthy,2023-01-31,2025-03-30,Started,110334.88506787331,0,15,2.6,9,0,72837.15475113122
0015700002E7ACjAAN,AMERICAS,AMERICAS East,TELCO,2023-11-01,2023-11-01,Unhealthy,2023-09-30,2024-09-29,Implemented,287799.99999999994,0,5,1.6,4,0,74065.8
0015700002GUfcUAAT,EMEA,EMEA UK,TELCO,2023-11-01,2023-11-01,Unhealthy,2021-07-31,2024-07-30,,230067.36000000002,0,10,5.8,9,0,135040.2
0015700002GUfcUAAT,EMEA,EMEA UK,TELCO,2022-11-01,2023-01-01,Unhealthy,2021-07-31,2024-07-30,,230067.36000000002,0,12,1.75,6,0,135040.19999999998
0015700001xOIhgAAG,EMEA,EMEA Central,FASHION,2023-02-01,2023-02-01,Healthy,"2023-01-31, 2020-09-01","2026-08-30, 2023-08-31",Lived,189816.4651707578,0,50,20.25,37,0,42415.32804377565
0015700002Hw86bAAB,AMERICAS,AMERICAS East,"HARD,SOFT & SERVICES",2023-08-01,2023-09-01,Unhealthy,2023-06-30,2024-06-29,Partially implemented,198000.00000000006,0,11,1.5,2,0,60648.719999999994
00157000026AfPpAAK,EMEA,EMEA UK,BFSI,2023-02-01,2023-04-01,Healthy,2022-03-30,2025-03-29,,351166.55999999994,0,29,10,14,0,0
0015700001svWnvAAE,EMEA,EMEA UK,FASHION,2023-08-01,2023-08-01,Healthy,"2022-07-31, 2023-06-01","2024-07-30, 2024-07-31",Partially implemented,114680.23678025852,0,12,3.4,8,0,41463.952996474734
0015700001svWnvAAE,EMEA,EMEA UK,FASHION,2023-02-01,2023-02-01,Healthy,2022-07-31,2024-07-30,Partially implemented,111054.12162162161,0,13,3,8,0,37837.83783783783
0015700002By5jRAAR,EMEA,EMEA UK,BFSI,2023-02-01,2023-04-01,Healthy,2022-12-31,2025-12-30,Implemented,201626.9189189189,0,36,9.75,10,1,59459.35135135136
0015700002H40CQAAZ,EMEA,EMEA UK,FASHION,2023-05-01,2023-06-01,Healthy,2021-12-19,2024-12-18,Lived,463697,0,17,1.75,11,0,51846.96
0015700002G4DQ9AAN,EMEA,EMEA UK,BFSI,2022-11-01,2023-01-01,Unhealthy,"2022-12-31, 2022-12-01","2024-12-30, 2024-12-31",Lived,309945.89837837836,245016.10407202077,33,8,12,0,44761.62162162162
0015700001rWZQfAAO,EMEA,EMEA France,FOOD & BEVERAGES,2022-11-01,2023-01-01,Unhealthy,2021-11-09,2024-01-08,Lived,152307.69230769228,0,11,2.25,0,0,76153.84615384614
0015700001rWZQfAAO,EMEA,EMEA France,FOOD & BEVERAGES,2023-11-01,2023-11-01,Unhealthy,2021-11-09,2024-01-08,Implemented,152307.69230769228,144276.0131291172,3,0.8,0,0,76153.84615384616
0012o00002iOquwAAC,APJ,APJ ASIA,TELCO,2023-08-01,2023-10-01,Unhealthy,2022-07-29,2024-10-28,,155556.05333333332,175000.56,1,0.25,0,0,88356.26666666668
0017T00000gAqkVQAS,APJ,APJ ASIA,GENERAL RETAILER,2023-11-01,2023-11-01,Healthy,2023-11-15,2026-01-14,Started,55384.615384615376,0,6,0.666667,0,0,55384.615384615376
001D000001WUTFSIA5,EMEA,EMEA France,BFSI,2023-02-01,2023-02-01,Unhealthy,2021-06-30,2023-06-29,Implemented,85625,0,2,0.25,2,4,85625
001D000001WUTFSIA5,EMEA,EMEA France,BFSI,2023-05-01,2023-07-01,Healthy,"2023-04-30, 2023-06-30",2024-06-29,Implemented,73341.44397,67219.50611697506,10,2.5,3,4,73341.44397
001D00000180LhwIAE,EMEA,EMEA France,BFSI,2023-05-01,2023-05-01,Unhealthy,2021-06-30,2023-06-29,Partially implemented,114427.6125,94590.51297773668,8,2,3,2,41927.5625
001D000001es1s2IAA,EMEA,EMEA France,BFSI,2023-05-01,2023-05-01,Unhealthy,2022-01-01,2023-12-31,Implemented,219159,0,19,4.6,11,2,84135
00157000020WWsWAAW,AMERICAS,AMERICAS West,GENERAL RETAILER,2023-02-01,2023-03-01,Unhealthy,2021-12-31,2023-12-30,,648900.04,0,40,8.6,6,0,24299.999999999996
00157000020WWsWAAW,AMERICAS,AMERICAS West,GENERAL RETAILER,2023-08-01,2023-10-01,Unhealthy,2021-12-31,2023-12-30,,648900.04,0,29,5,7,0,24299.999999999996
00157000020WWsWAAW,AMERICAS,AMERICAS West,GENERAL RETAILER,2023-08-01,2023-09-01,Unhealthy,2021-12-31,2023-12-30,,648900.0400000002,0,29,8.75,7,0,24299.999999999993
001D00000180LhwIAE,EMEA,EMEA France,BFSI,2023-11-01,2023-12-01,Healthy,"2023-10-31, 2023-06-30","2025-06-30, 2025-06-29",Partially implemented,98187.26422,0,10,2,5,2,38150.05161151084
0015700002EUAlxAAH,AMERICAS,AMERICAS East,AUTO,2023-11-01,2023-12-01,Unhealthy,2023-10-31,2025-10-30,Not started,322500,0,9,0,0,0,59798.9975
0015700002EUAlxAAH,AMERICAS,AMERICAS East,AUTO,2023-08-01,2023-10-01,Unhealthy,2023-10-31,2025-10-30,,322500,0,0,0,0,0,59798.9975
0015700002E7BRCAA3,AMERICAS,AMERICAS East,FOOD & BEVERAGES,2023-02-01,2023-03-01,Unhealthy,2021-03-05,2024-05-04,Implemented,250526.34105263156,0,23,5.6,0,0,90894.73684210525
0015700002E7BRCAA3,AMERICAS,AMERICAS East,FOOD & BEVERAGES,2022-11-01,2023-01-01,Unhealthy,2021-03-05,2024-05-04,Implemented,250526.3410526315,0,16,3.25,0,0,90894.73684210527
0015700002E7BRCAA3,AMERICAS,AMERICAS East,FOOD & BEVERAGES,2023-08-01,2023-09-01,Unhealthy,2021-03-05,2024-05-04,Implemented,250526.34105263156,0,6,0.75,0,0,90894.73684210525
00157000028bRaFAAU,AMERICAS,AMERICAS East,GENERAL RETAILER,2023-11-01,2023-11-01,Unhealthy,"2022-10-31, 2023-01-31",2025-01-30,Implemented,788333.4133333333,0,50,15.4,4,0,133333.33333333334
00157000028bRaFAAU,AMERICAS,AMERICAS East,GENERAL RETAILER,2023-08-01,2023-09-01,Unhealthy,"2022-10-31, 2023-01-31",2025-01-30,Implemented,788333.4133333332,0,38,8.5,4,0,133333.33333333334
00157000020YJoPAAW,AMERICAS,AMERICAS East,BFSI,2023-05-01,2023-05-01,Healthy,"2023-03-31, 2023-05-31",2026-03-30,,307800,0,89,25,5,0,10800
00157000026YVpNAAW,AMERICAS,AMERICAS East,"TRAVEL, LEISURE AND LOGISTICS",2023-02-01,2023-04-01,Healthy,2023-01-31,2025-01-30,,242499.9999999999,0,27,10.25,5,0,76233.96
00157000026YVpNAAW,AMERICAS,AMERICAS East,"TRAVEL, LEISURE AND LOGISTICS",2023-08-01,2023-10-01,Healthy,2023-01-31,2025-01-30,,242499.99999999997,0,24,6.25,6,0,76233.96
00157000020YJoPAAW,AMERICAS,AMERICAS East,BFSI,2023-08-01,2023-10-01,Healthy,"2023-03-31, 2023-05-31",2026-03-30,Started,351000,0,90,27,6,0,54000
0012o00002rewJIAAY,AMERICAS,AMERICAS West,"HARD,SOFT & SERVICES",2023-08-01,2023-09-01,Unhealthy,2023-03-31,2024-03-30,Implemented,100800,0,11,1.25,0,0,44400
0012o00002rewJIAAY,AMERICAS,AMERICAS West,"HARD,SOFT & SERVICES",2023-08-01,2023-08-01,Unhealthy,2023-03-31,2024-03-30,Implemented,100800,0,11,1.2,0,0,44400
0012o00002JKvuYAAT,EMEA,EMEA North,GENERAL RETAILER,2023-08-01,2023-10-01,Unhealthy,"2021-09-27, 2021-03-27",2024-03-26,Lived,229203.4,0,0,0,14,0,74556
0012o00002JKvuYAAT,EMEA,EMEA North,GENERAL RETAILER,2023-08-01,2023-08-01,Unhealthy,"2021-09-27, 2021-03-27",2024-03-26,Lived,229203.4,0,0,0,14,0,74556
0012o00002JKvuYAAT,EMEA,EMEA North,GENERAL RETAILER,2023-02-01,2023-04-01,Unhealthy,"2021-09-27, 2021-03-27",2024-03-26,Lived,229203.4,0,15,1,14,0,74556
001D000001j28lUIAQ,EMEA,EMEA France,"HARD,SOFT & SERVICES",2023-05-01,2023-07-01,Healthy,"2022-12-01, 2023-03-01",2023-11-30,,180114.38823529411,0,22,4.5,26,4,119783.8588235294
001D000001j28lUIAQ,EMEA,EMEA France,"HARD,SOFT & SERVICES",2023-02-01,2023-03-01,Healthy,"2022-12-01, 2023-03-01",2023-11-30,,180114.38823529411,4513.871810762335,38,9,26,1,119783.8588235294
001D000001LgtF0IAJ,EMEA,EMEA France,"ENERGY, UTILITIES & RESOURCES",2023-05-01,2023-05-01,Unhealthy,2022-12-14,2023-12-13,Implemented,379882.44705882354,0,16,3.2,6,0,154682.40000000005
001D000001LgtF0IAJ,EMEA,EMEA France,"ENERGY, UTILITIES & RESOURCES",2023-08-01,2023-08-01,Unhealthy,2022-12-14,2023-12-13,Implemented,379882.44705882354,0,14,2.8,6,0,154682.40000000002
001D000001LgtF0IAJ,EMEA,EMEA France,"ENERGY, UTILITIES & RESOURCES",2023-11-01,2023-12-01,Unhealthy,"2023-12-14, 2022-12-14","2024-12-13, 2023-12-13",Implemented,350491.7099733649,352929.81955661357,15,3.75,2,0,145916.86715255972
001D000000vhmaWIAQ,EMEA,EMEA France,"ENERGY, UTILITIES & RESOURCES",2022-11-01,2023-01-01,Healthy,2023-01-01,2024-12-31,Lived,176470.58823529413,163950.01491945138,27,7,17,4,70588.23529411765
0012o00002sXA4zAAG,APJ,APJ ASIA,GOVERNMENT AND NON PROFIT,2023-08-01,2023-10-01,Unhealthy,"2021-12-31, 2023-01-10","2026-02-28, 2026-03-09",Lived,72422.28000000001,0,4,0.75,0,0,31795.199999999993
0017T00000547ZjQAI,APJ,APJ ANZ,GENERAL RETAILER,2023-02-01,2023-03-01,Healthy,"2022-07-29, 2022-12-08, 2023-02-20","2023-07-28, 2023-07-07, 2024-02-19",Lived,78000,0,20,6.4,8,0,12000
0012o00002sYNE9AAO,APJ,APJ ASIA,FOOD & BEVERAGES,2023-05-01,2023-05-01,Healthy,2021-12-20,2023-12-19,Lived,100802.28,0,42,8.8,0,0,54024.840000000004
0012o00002sYNE9AAO,APJ,APJ ASIA,FOOD & BEVERAGES,2023-02-01,2023-03-01,Healthy,2021-12-20,2023-12-19,Lived,100802.27999999998,0,41,10.4,0,0,54024.840000000004
0017T00000547ZjQAI,APJ,APJ ANZ,GENERAL RETAILER,2022-11-01,2023-01-01,Healthy,"2022-07-29, 2022-12-08","2023-07-28, 2023-07-07",Not started,48000,0,19,7.5,8,0,12000
0012o00002sYNE9AAO,APJ,APJ ASIA,FOOD & BEVERAGES,2022-11-01,2023-01-01,Healthy,2021-12-20,2023-12-19,Lived,100802.27999999998,0,37,6.75,0,0,54024.83999999999
00157000024Y5L7AAK,APJ,APJ ANZ,TELCO,2023-05-01,2023-06-01,Healthy,2021-12-16,2023-12-15,Not started,289988,0,70,19.5,17,0,144000
00157000023oi3AAAQ,EMEA,EMEA UK,"HARD,SOFT & SERVICES",2023-08-01,2023-09-01,Healthy,2023-06-21,2026-06-20,Started,449770.23596323765,0,62,15.75,55,0,51291.30340660855
0017T000007TUSwQAO,EMEA,EMEA France,FOOD & BEVERAGES,2023-08-01,2023-10-01,Unhealthy,2022-03-31,2025-03-30,Implemented,200592.56470588237,0,1,0,2,0,60313.69411764707
0012o00003CeWD1AAN,EMEA,EMEA France,BFSI,2023-11-01,2023-12-01,Unhealthy,2022-02-28,2024-05-27,Lived,62745.098039215685,0,0,0,1,0,62745.098039215685
001570000243VR9AAM,EMEA,EMEA UK,FASHION,2023-08-01,2023-10-01,Unhealthy,2023-10-02,2026-10-01,Not started,184611.86113789777,0,0,0,4,0,23523.753763800603
001D000000xmYGOIA2,EMEA,EMEA France,"TRAVEL, LEISURE AND LOGISTICS",2022-11-01,2023-01-01,Unhealthy,"2022-10-31, 2022-09-01","2024-10-30, 2023-08-31",Lived,556682.3529411765,0,0,0,0,0,87292.09411764705
001D000000xmYGOIA2,EMEA,EMEA France,"TRAVEL, LEISURE AND LOGISTICS",2023-08-01,2023-10-01,Unhealthy,2022-10-31,2024-10-30,Partially implemented,469058.82352941175,81406.64740800492,0,0,0,0,87292.09411764705
0012o00002JyHRVAA3,AMERICAS,AMERICAS West,"ENERGY, UTILITIES & RESOURCES",2023-02-01,2023-02-01,Healthy,"2022-10-31, 2020-12-15, 2021-12-15","2023-11-30, 2023-12-14",Not started,185422.40888888884,0,30,7.25,8,0,0
0012o000036GOnAAAW,APJ,APJ Japan,FOOD & BEVERAGES,2023-05-01,2023-06-01,Healthy,2021-12-31,2024-09-30,,262650.12000000005,0,91,33.5,0,0,78650.04
00157000020YJo1AAG,AMERICAS,AMERICAS West,GENERAL RETAILER,2023-05-01,2023-07-01,Unhealthy,"2023-01-31, 2022-07-29","2025-07-30, 2025-07-28",Lived,490000.0800000001,0,30,12,5,0,132689.64
0012o00002izOxrAAE,APJ,APJ ANZ,M&A,2023-02-01,2023-03-01,Unhealthy,2022-12-19,2023-12-18,Started,377000.04,0,4,0.6,0,0,189427.08
001D000000ymwoVIAQ,EMEA,EMEA France,GENERAL RETAILER,2023-08-01,2023-10-01,Healthy,"2023-08-01, 2023-03-01, 2022-10-01","2024-07-31, 2025-09-30",Implemented,232033.69664470362,0,43,8.75,15,2,63529.411764705896
0015700002G4DQhAAN,AMERICAS,AMERICAS West,BFSI,2023-05-01,2023-06-01,Healthy,2022-10-31,2025-10-30,Lived,256000.00000000006,0,17,5.25,0,0,66686.4
0012o00002JyHRVAA3,AMERICAS,AMERICAS West,"ENERGY, UTILITIES & RESOURCES",2023-08-01,2023-09-01,Healthy,"2021-12-15, 2020-12-15, 2022-10-31","2023-12-14, 2023-11-30",Not started,185422.4088888889,0,26,8,8,0,0
0012o00002JyHRVAA3,AMERICAS,AMERICAS West,"ENERGY, UTILITIES & RESOURCES",2023-02-01,2023-04-01,Healthy,"2022-10-31, 2020-12-15, 2021-12-15","2023-11-30, 2023-12-14",Not started,185422.40888888884,0,30,6.25,8,0,0
0017T00000DjrXGQAZ,APJ,APJ Japan,"TRAVEL, LEISURE AND LOGISTICS",2023-08-01,2023-09-01,Healthy,2022-10-10,2023-10-09,,78768,78768,22,7,0,0,40032
0012o000036GOnAAAW,APJ,APJ Japan,FOOD & BEVERAGES,2023-08-01,2023-08-01,Healthy,2021-12-31,2024-09-30,,262650.12000000005,0,90,36.2,0,0,78650.04
0012o00002izOxrAAE,APJ,APJ ANZ,M&A,2023-11-01,2023-12-01,Unhealthy,"2022-12-19, 2023-12-19","2023-12-18, 2025-06-18",Lived,492933.3920000001,0,23,3,3,0,252502.08
00157000020YJnBAAW,AMERICAS,AMERICAS East,AUTO,2023-08-01,2023-09-01,Healthy,"2023-01-31, 2023-05-08, 2023-07-31","2024-01-30, 2024-02-07",Partially lived,420480,0,158,52.5,42,0,0
00157000020YJnBAAW,AMERICAS,AMERICAS East,AUTO,2023-05-01,2023-07-01,Healthy,"2023-01-31, 2023-05-08, 2023-07-31","2024-01-30, 2024-02-07",Partially lived,420480,0,94,29,38,0,0
0012o00002KBfuXAAT,AMERICAS,AMERICAS East,"TRAVEL, LEISURE AND LOGISTICS",2023-02-01,2023-02-01,Unhealthy,"2022-04-30, 2020-03-15","2023-02-28, 2023-03-14",Lived,195251.0733333333,195251.07,14,3.75,4,0,55250.06000000001
0012o00002KBfuXAAT,AMERICAS,AMERICAS East,"TRAVEL, LEISURE AND LOGISTICS",2023-11-01,2023-11-01,Healthy,2023-03-15,2024-03-14,Partially lived,203145,0,17,6.6,7,0,67151.64
0012o00002KBfuXAAT,AMERICAS,AMERICAS East,"TRAVEL, LEISURE AND LOGISTICS",2023-05-01,2023-05-01,Unhealthy,2023-03-15,2024-03-14,Partially lived,203145,0,13,1.4,7,0,67151.63999999998
0015700002By6IxAAJ,AMERICAS,AMERICAS East,"TRAVEL, LEISURE AND LOGISTICS",2023-02-01,2023-04-01,Healthy,2023-01-31,2025-03-30,,241011.69230769225,0,34,15,15,0,34737.230769230766
0015700002By6IxAAJ,AMERICAS,AMERICAS East,"TRAVEL, LEISURE AND LOGISTICS",2023-11-01,2023-11-01,Healthy,"2023-01-31, 2023-10-31",2025-03-30,,256011.69230769234,0,36,10,17,1,49737.23076923076
0015700002By6IxAAJ,AMERICAS,AMERICAS East,"TRAVEL, LEISURE AND LOGISTICS",2023-08-01,2023-09-01,Healthy,2023-01-31,2025-03-30,,241011.6923076924,0,44,16.5,17,1,34737.230769230766
001D000001WTH47IAH,EMEA,EMEA France,BFSI,2023-05-01,2023-07-01,Unhealthy,2022-12-31,2024-12-30,,100000.09411764705,0,4,2.25,3,0,0
001D000001WTH47IAH,EMEA,EMEA France,BFSI,2023-05-01,2023-05-01,Unhealthy,2022-12-31,2024-12-30,,100000.09411764705,0,4,1.6,3,0,0
001D000001WTH47IAH,EMEA,EMEA France,BFSI,2023-08-01,2023-09-01,Unhealthy,2022-12-31,2024-12-30,,100000.09411764705,0,6,3,3,0,0
0017T00000KCDF0QAP,EMEA,EMEA France,BFSI,2023-08-01,2023-08-01,Unhealthy,2023-07-31,2025-06-30,Not started,110895.67546200489,0,5,1,0,0,62125.28718544073
0015700002HSQLHAA5,EMEA,EMEA UK,GENERAL RETAILER,2022-11-01,2023-01-01,Healthy,2022-04-20,2024-04-19,,324324.32432432426,0,70,15.5,18,0,154972.7027027027
00157000023oFnEAAU,EMEA,EMEA UK,GENERAL RETAILER,2023-02-01,2023-02-01,Healthy,2021-12-31,2024-03-30,Implemented,200007.11111111112,0,13,5,0,0,172597.3333333333
00157000023oFnEAAU,EMEA,EMEA UK,GENERAL RETAILER,2023-08-01,2023-10-01,Unhealthy,2021-12-31,2024-03-30,Implemented,200007.11111111112,0,10,2.75,0,0,172597.33333333334
001D000000wwTXkIAM,EMEA,EMEA France,FASHION,2023-08-01,2023-08-01,Healthy,"2021-12-31, 2023-05-01, 2022-02-16","2023-12-30, 2023-12-31, 2024-01-15",Partially lived,341804.5852941177,0,44,15,26,0,0
001D000001UZQ8hIAH,EMEA,EMEA UK,FASHION,2023-11-01,2023-12-01,Healthy,2023-08-01,2025-07-31,Implemented,399903.81398461014,0,55,16.5,0,0,121845.4430952709
0012o00003AbjCoAAJ,EMEA,EMEA UK,"HARD,SOFT & SERVICES",2023-08-01,2023-10-01,Healthy,2022-07-29,2024-09-28,,38250.159999999996,0,0,0,0,0,10217.35
0012o00003AbjCoAAJ,EMEA,EMEA UK,"HARD,SOFT & SERVICES",2023-11-01,2023-11-01,Healthy,2022-07-29,2024-09-28,,38250.15999999999,0,0,0,0,0,10217.350000000002
001D000000vhmQdIAI,EMEA,EMEA France,GENERAL RETAILER,2023-08-01,2023-09-01,Healthy,"2022-01-31, 2023-04-25, 2023-07-31","2024-01-30, 2024-04-24, 2025-01-30",Implemented,308141.1367710904,0,45,15,6,0,34999.95
001D000000vhmQdIAI,EMEA,EMEA France,GENERAL RETAILER,2023-11-01,2023-12-01,Healthy,"2023-07-31, 2022-01-31, 2023-04-25","2025-01-30, 2024-01-30, 2024-04-24",Implemented,308141.1367710904,180257.53268343548,50,15.25,7,0,34999.95
0015700002I75aQAAR,EMEA,EMEA UK,GENERAL RETAILER,2023-11-01,2023-11-01,Unhealthy,"2022-04-12, 2023-01-10","2023-12-11, 2024-01-09",Implemented,859781.6108108107,877565.1291,9,2.2,1,0,55459.45945945945
0015700002I75aQAAR,EMEA,EMEA UK,GENERAL RETAILER,2023-08-01,2023-08-01,Unhealthy,"2022-04-12, 2023-01-10, 2022-09-01","2023-12-11, 2024-01-09, 2023-08-31",Implemented,896268.0972972974,0,12,2.2,1,0,55459.45945945945
0015700001yOalHAAS,EMEA,EMEA Central,LUXURY,2023-02-01,2023-02-01,Healthy,2021-07-01,2023-06-30,Implemented,195000,0,40,12.25,13,0,60000
0015700002E7BQnAAN,AMERICAS,AMERICAS East,TELCO,2023-02-01,2023-02-01,Healthy,2022-02-01,2024-01-31,,533000.0800000001,0,64,12.75,1,0,172411.19999999998
00157000020YJnzAAG,AMERICAS,AMERICAS West,M&A,2023-11-01,2023-12-01,Healthy,"2023-10-31, 2022-10-31","2025-10-30, 2024-10-30",,997445.0800000001,0,169,59,17,6,54466.079999999994
00157000026r7giAAA,EMEA,EMEA Central,"HARD,SOFT & SERVICES",2023-08-01,2023-08-01,Healthy,2023-07-31,2027-07-30,Started,261109.55483300658,0,48,4.2,0,0,92474.31142
00157000026r7giAAA,EMEA,EMEA Central,"HARD,SOFT & SERVICES",2023-11-01,2023-11-01,Healthy,2023-07-31,2027-07-30,Started,261109.5548330065,0,50,6.4,16,2,92474.31142
0015700001yNxwqAAC,EMEA,EMEA Central,"HARD,SOFT & SERVICES",2023-11-01,2023-11-01,Healthy,2023-06-30,2025-06-29,Implemented,146496.03076416644,0,29,7.6,21,2,58860.01236060258
0015700001yNxwqAAC,EMEA,EMEA Central,"HARD,SOFT & SERVICES",2023-02-01,2023-02-01,Healthy,2021-06-30,2023-06-29,Partially implemented,168000,0,50,15.75,36,3,67500
00157000020IAXmAAO,EMEA,EMEA Central,"TRAVEL, LEISURE AND LOGISTICS",2023-11-01,2023-12-01,Unhealthy,"2023-10-01, 2022-01-01",2023-12-31,,240975,210708.5591744789,16,3.75,5,0,0
00157000021SdS3AAK,EMEA,EMEA North,GENERAL RETAILER,2023-05-01,2023-05-01,Healthy,2022-08-31,2023-11-30,Implemented,408648.6,0,122,47.2,62,4,177106.44000000003
00157000021SdS3AAK,EMEA,EMEA North,GENERAL RETAILER,2023-08-01,2023-08-01,Healthy,2022-08-31,2023-11-30,Implemented,408648.5999999999,0,131,36.4,64,4,177106.44
0012o00002JLfcgAAD,EMEA,EMEA North,GENERAL RETAILER,2023-05-01,2023-06-01,Unhealthy,2023-01-01,2025-12-31,Implemented,86274.50980392158,0,6,3.25,9,2,46884.98823529412
001D000001UZQ8hIAH,EMEA,EMEA UK,FASHION,2023-02-01,2023-02-01,Healthy,"2023-01-01, 2022-07-31, 2021-08-01, 2021-01-01","2023-07-31, 2023-07-30, 2022-12-31",Partially implemented,455072.3057376803,0,65,27.75,0,0,178991.61198885337
001D000000vhmQdIAI,EMEA,EMEA France,GENERAL RETAILER,2023-02-01,2023-03-01,Healthy,"2022-01-31, 2022-04-25","2024-01-30, 2023-04-24",Implemented,259091.1264705882,49185.004475835405,50,12.6,3,0,34999.95
0015700002IsJ5FAAV,EMEA,EMEA North,HOME & CONSUMER ELECTRONICS,2023-08-01,2023-08-01,Healthy,"2021-08-12, 2022-06-01","2024-08-11, 2024-07-31",Implemented,1092456.200904977,0,373,119,614,1,44910
00157000020XsBpAAK,AMERICAS,AMERICAS East,TELCO,2023-08-01,2023-09-01,Healthy,"2020-12-31, 2023-04-30, 2021-12-31, 2023-01-02","2023-12-30, 2023-12-29, 2024-01-01",Partially implemented,5374992.660000001,0,1305,351.75,195,4,1347936.6
00157000020XsBpAAK,AMERICAS,AMERICAS East,TELCO,2023-11-01,2023-11-01,Healthy,"2023-04-30, 2023-01-02, 2020-12-31, 2021-12-31","2023-12-29, 2024-01-01, 2023-12-30",Partially implemented,5374992.659999999,4734565.5,1275,331.4,206,4,1347936.6
001D000000viZaqIAE,EMEA,EMEA France,GENERAL RETAILER,2022-11-01,2023-01-01,Healthy,"2022-12-05, 2022-04-04","2024-12-04, 2023-04-03",Implemented,211764.70588235298,157392.01432267332,27,10,9,0,42352.941176470595
001D000000viZaqIAE,EMEA,EMEA France,GENERAL RETAILER,2023-08-01,2023-08-01,Unhealthy,"2023-04-04, 2022-12-05","2024-12-03, 2024-12-04",Implemented,218117.64705882352,0,13,3.6,10,1,48705.88235294118
001D000000vhmNjIAI,EMEA,EMEA France,FASHION,2023-02-01,2023-03-01,Healthy,2022-09-01,2025-08-31,Implemented,210000,0,31,16,10,0,65027.1
00157000024ZPYuAAO,EMEA,EMEA UK,FASHION,2023-05-01,2023-06-01,Healthy,"2022-04-29, 2021-08-20, 2021-12-20","2023-09-28, 2023-09-19",Implemented,385589.9281454666,0,38,12.25,29,0,48366.324324324334
00157000024ZPYuAAO,EMEA,EMEA UK,FASHION,2023-08-01,2023-09-01,Healthy,"2023-09-20, 2021-08-20, 2021-12-20, 2022-04-29","2025-09-19, 2023-09-19, 2023-09-28",Implemented,412635.75886258396,361059.3952,30,10,27,0,56302.27363693373
001D000000vhmNjIAI,EMEA,EMEA France,FASHION,2023-05-01,2023-05-01,Healthy,2022-09-01,2025-08-31,Implemented,210000,0,23,13.4,9,0,65027.1
0015700002BzPdjAAF,EMEA,EMEA South,TELCO,2023-05-01,2023-07-01,Healthy,"2021-07-31, 2022-09-30","2024-09-30, 2024-09-29",Implemented,423152.34705882357,0,38,13.25,31,0,147231.24705882353
0015700001ruBwIAAU,EMEA,EMEA UK,TELCO,2023-05-01,2023-06-01,Healthy,"2023-04-01, 2023-01-31","2025-03-31, 2025-03-30",Started,540585.4594594595,0,153,43.5,28,0,151601.1891891892
0012o00002tTy5hAAC,EMEA,EMEA Central,GOVERNMENT AND NON PROFIT,2023-08-01,2023-10-01,Unhealthy,2022-10-01,2025-09-30,Implemented,123289.4117647059,0,4,1,4,1,109279.2
00157000027d3HbAAI,EMEA,EMEA North,BFSI,2023-05-01,2023-06-01,Healthy,"2020-09-30, 2022-07-31, 2022-10-31","2023-09-29, 2023-09-30",Lived,309990.2584033614,0,30,12.25,21,7,44465.38487394958
00157000027gXr7AAE,EMEA,EMEA UK,M&A,2023-08-01,2023-10-01,Healthy,2023-01-31,2025-03-30,Implemented,137214.1372141372,0,15,2,0,0,58688.28898128897
00157000027gXr7AAE,EMEA,EMEA UK,M&A,2023-02-01,2023-02-01,Unhealthy,2023-01-31,2025-03-30,Not started,137214.1372141372,0,9,1.25,0,0,58688.28898128898
00157000027gXr7AAE,EMEA,EMEA UK,M&A,2023-05-01,2023-06-01,Healthy,2023-01-31,2025-03-30,Lived,137214.1372141372,0,11,3.75,0,0,58688.28898128898
00157000027gXr7AAE,EMEA,EMEA UK,M&A,2022-11-01,2023-01-01,Unhealthy,2023-01-31,2025-03-30,,137214.1372141372,0,0,0,0,0,58688.28898128898
00157000021SQ9xAAG,EMEA,EMEA UK,GENERAL RETAILER,2022-11-01,2023-01-01,Healthy,2021-06-30,2023-06-29,Lived,301030.86152580375,0,52,18.25,23,0,53666.97531319136
00157000021SQ9xAAG,EMEA,EMEA UK,GENERAL RETAILER,2023-08-01,2023-08-01,Healthy,2023-06-30,2025-06-29,Implemented,271881.65430106473,0,35,18.8,23,0,43350.126936020315
0012o00002v59jOAAQ,AMERICAS,AMERICAS West,GENERAL RETAILER,2023-05-01,2023-06-01,Healthy,"2022-12-31, 2023-01-31","2023-12-30, 2024-01-30",,339000.11999999994,0,67,23.25,0,0,88490.51999999999
0015700001up0MiAAI,EMEA,EMEA UK,"TRAVEL, LEISURE AND LOGISTICS",2023-11-01,2023-11-01,Healthy,2021-12-31,2024-12-30,,127299.94144202695,0,17,7.4,10,0,30407.266012657637
001D0000010w8ETIAY,EMEA,EMEA France,GENERAL RETAILER,2023-08-01,2023-08-01,Healthy,"2021-12-28, 2023-07-01, 2021-09-30, 2023-03-15, 2022-09-01","2023-12-27, 2024-06-30, 2023-12-29, 2025-03-14, 2024-08-31",Implemented,444782.6835104351,0,98,20,90,2,111758.83039641322
001D0000010w8ETIAY,EMEA,EMEA France,GENERAL RETAILER,2023-02-01,2023-02-01,Healthy,"2021-05-31, 2019-11-15, 2021-12-28, 2021-09-30, 2022-09-01","2023-06-30, 2023-03-14, 2023-12-27, 2023-12-29, 2024-08-31",Implemented,495082.6400894184,32790.00298389027,123,32.25,76,1,120458.84008941837
00157000021SSkMAAW,AMERICAS,AMERICAS West,FOOD & BEVERAGES,2023-02-01,2023-02-01,Healthy,"2021-06-30, 2022-10-31","2023-06-29, 2024-06-30",Partially lived,295100.04,0,44,17.25,6,0,170100
0017T00000529kbQAA,EMEA,EMEA France,HOME & CONSUMER ELECTRONICS,2023-08-01,2023-08-01,Healthy,2021-12-31,2024-12-30,,508153.04000000004,0,0,0,0,0,51846.96
00157000021SG5FAAW,EMEA,EMEA UK,GENERAL RETAILER,2023-02-01,2023-03-01,Healthy,2022-06-30,2024-06-29,Implemented,210810.81081081074,0,65,25.2,26,2,38513.554054054046
0017T00000529kbQAA,EMEA,EMEA France,HOME & CONSUMER ELECTRONICS,2023-11-01,2023-12-01,Healthy,2021-12-31,2024-12-30,,508153.04000000004,0,0,0,0,0,51846.96
00157000021SG5FAAW,EMEA,EMEA UK,GENERAL RETAILER,2023-02-01,2023-04-01,Healthy,2022-06-30,2024-06-29,Implemented,210810.8108108108,0,65,24.75,26,2,38513.55405405406
00157000020GH2SAAW,EMEA,EMEA UK,GENERAL RETAILER,2023-11-01,2023-11-01,Healthy,"2023-04-28, 2022-05-19","2024-08-27, 2024-05-18",,222411.3941367419,0,50,21.6,43,0,38422.20495
0012o00002qrYhYAAU,EMEA,EMEA UK,BFSI,2023-05-01,2023-05-01,Healthy,"2022-12-31, 2023-04-05","2024-12-30, 2025-01-04",,216165.08725953833,0,23,10.2,24,0,44870.27027027027
0012o00002qrYhYAAU,EMEA,EMEA UK,BFSI,2023-02-01,2023-03-01,Unhealthy,2022-12-31,2024-12-30,,163563.24324324325,0,14,2.8,22,0,44870.27027027027
0012o00002qrYhYAAU,EMEA,EMEA UK,BFSI,2023-02-01,2023-02-01,Unhealthy,2022-12-31,2024-12-30,,163563.24324324325,0,14,1.25,14,0,44870.270270270266
0012o00002qrYhYAAU,EMEA,EMEA UK,BFSI,2023-02-01,2023-04-01,Unhealthy,"2022-12-31, 2023-04-05","2024-12-30, 2025-01-04",,205644.71845627928,0,14,5,23,0,44870.270270270266
0015700002IAeheAAD,AMERICAS,AMERICAS West,TELCO,2023-02-01,2023-04-01,Healthy,"2021-05-01, 2022-09-01",2023-04-30,Not started,541688,541688,100,26.25,0,0,36999.96
0015700002IAeheAAD,AMERICAS,AMERICAS West,TELCO,2023-08-01,2023-08-01,Healthy,2023-05-01,2024-04-30,Not started,451688.0399999999,0,132,36.6,0,0,88926.12
001D000001WUxyEIAT,EMEA,EMEA France,"TRAVEL, LEISURE AND LOGISTICS",2023-08-01,2023-10-01,Healthy,2023-06-01,2026-05-31,Partially implemented,261604.50213694546,0,37,9.25,23,0,59614.336119010586
001D000000viaLEIAY,EMEA,EMEA France,M&A,2023-05-01,2023-05-01,Unhealthy,2023-02-22,2025-02-21,,218000.0893800188,0,26,3.4,2,0,0
001D000000viaLEIAY,EMEA,EMEA France,M&A,2023-08-01,2023-09-01,Unhealthy,2023-02-22,2025-02-21,,218000.0893800188,0,23,5.25,21,0,0
001D000000viaLEIAY,EMEA,EMEA France,M&A,2023-08-01,2023-10-01,Unhealthy,2023-02-22,2025-02-21,Not started,218000.0893800188,0,23,8.5,22,0,0
001D000000yodtjIAA,EMEA,EMEA France,AUTO,2023-02-01,2023-04-01,Healthy,"2021-12-31, 2021-09-24, 2023-03-24, 2023-03-25, 2022-03-25, 2023-02-25","2023-12-30, 2024-09-23, 2024-03-24, 2025-03-24",Lived,725723.7558295391,0,62,12.5,29,6,75349.95
0012o00002iPpBpAAK,AMERICAS,AMERICAS East,GENERAL RETAILER,2023-08-01,2023-08-01,Unhealthy,"2022-06-30, 2023-03-01","2024-06-29, 2024-06-30",Implemented,105000,0,0,0,0,0,15000
0012o00002iPpBpAAK,AMERICAS,AMERICAS East,GENERAL RETAILER,2023-11-01,2023-11-01,Unhealthy,"2023-03-01, 2022-06-30","2024-06-30, 2024-06-29",Implemented,105000,0,0,0,0,0,15000
00157000023mB5AAAU,AMERICAS,AMERICAS West,GENERAL RETAILER,2023-11-01,2023-12-01,Unhealthy,2023-04-30,2025-06-29,,323076.9231,0,42,4.25,16,0,79803.24461538461
00157000023mB5AAAU,AMERICAS,AMERICAS West,GENERAL RETAILER,2023-08-01,2023-08-01,Unhealthy,2023-04-30,2025-06-29,,323076.92307692306,0,33,4.4,8,0,79803.24461538461
00157000023mB5AAAU,AMERICAS,AMERICAS West,GENERAL RETAILER,2023-02-01,2023-04-01,Unhealthy,2023-04-30,2025-06-29,,323076.92307692306,0,0,0,0,0,79803.24461538461
00157000026Yg1OAAS,AMERICAS,AMERICAS East,GENERAL RETAILER,2022-11-01,2023-01-01,Unhealthy,2023-01-31,2024-01-30,,250000.08,0,0,0,0,0,77666.64
0012o00002zLycwAAC,EMEA,EMEA France,GOVERNMENT AND NON PROFIT,2023-02-01,2023-02-01,Healthy,2022-07-31,2023-08-30,Lived,152967.74660633487,0,23,5,1,0,49400.731221719456
0012o00002zLycwAAC,EMEA,EMEA France,GOVERNMENT AND NON PROFIT,2023-02-01,2023-04-01,Healthy,2022-07-31,2023-08-30,Lived,152967.74660633484,0,23,8.25,6,0,49400.731221719456
0012o00002JMHjVAAX,EMEA,EMEA North,FOOD & BEVERAGES,2023-08-01,2023-10-01,Healthy,"2022-12-31, 2023-10-31","2026-12-30, 2025-12-30",,148148.2187343341,0,13,8.75,9,0,48086.60638959417
0012o00002JMHjVAAX,EMEA,EMEA North,FOOD & BEVERAGES,2022-11-01,2023-01-01,Unhealthy,2022-12-31,2026-12-30,,142970.71764705886,0,0,0,0,0,47800.02352941177
001D000000qyDA7IAM,EMEA,EMEA France,M&A,2023-02-01,2023-03-01,Unhealthy,"2020-07-01, 2022-07-31, 2021-07-30, 2021-09-30","2023-10-31, 2024-09-30, 2023-10-29",Lived,442010.9117763873,0,16,2.8,7,0,58510.39290854038
001D000000wpXSdIAM,EMEA,EMEA France,GENERAL RETAILER,2023-05-01,2023-07-01,Unhealthy,2021-06-30,2024-10-29,Implemented,393750.06,0,13,4.25,22,10,182812.53
001D000001aT1cnIAC,EMEA,EMEA France,M&A,2023-08-01,2023-08-01,Healthy,"2022-10-31, 2023-01-31",2025-12-30,,305786.48597965506,0,27,6.6,11,0,30936.927731092437
001D000001aT1cnIAC,EMEA,EMEA France,M&A,2023-11-01,2023-12-01,Unhealthy,"2023-01-31, 2022-10-31",2025-12-30,Started,305786.4859796551,0,26,7.25,11,0,30936.927731092437
0012o00002MZCPgAAP,EMEA,EMEA North,GENERAL RETAILER,2023-05-01,2023-06-01,Healthy,2022-10-31,2025-12-30,Partially lived,312074.25882352947,0,22,11,0,0,104027.20495356037
0015700002BjSttAAF,EMEA,EMEA North,GENERAL RETAILER,2023-11-01,2023-12-01,Healthy,"2021-05-05, 2023-12-31, 2021-12-31, 2020-12-31","2024-01-04, 2025-12-30, 2023-12-30",Implemented,287149.1398043586,204395.43431998452,27,8.5,19,3,61565.538303752546
0012o00003EBGKbAAP,EMEA,EMEA France,GENERAL RETAILER,2023-08-01,2023-10-01,Unhealthy,2023-10-31,2027-12-30,,129340.29916146283,0,0,0,0,0,48444.474189339584
0015700002Is4W7AAJ,EMEA,EMEA France,"HARD,SOFT & SERVICES",2023-11-01,2023-11-01,Healthy,2023-07-31,2025-08-30,Started,219744.05137825076,0,23,4.2,6,0,107122.42337570891
001D000000qyDA7IAM,EMEA,EMEA France,M&A,2023-02-01,2023-02-01,Unhealthy,"2022-07-31, 2021-07-30, 2021-09-30, 2020-07-01","2024-09-30, 2023-10-29, 2023-10-31",Lived,442010.9117763873,0,16,3.75,6,0,58510.39290854038
0017T00000VXyeFQAT,AMERICAS,AMERICAS West,FASHION,2023-11-01,2023-12-01,Unhealthy,"2023-08-07, 2023-01-31","2025-02-06, 2025-01-30",,72503.4,0,0,0,0,0,32890.67999999999
00157000026BvjVAAS,EMEA,EMEA UK,FOOD & BEVERAGES,2023-08-01,2023-08-01,Healthy,"2021-12-18, 2023-01-15","2024-01-17, 2024-01-14",Implemented,215230.27285320958,0,51,8.2,18,4,32643.243243243254
00157000026BvjVAAS,EMEA,EMEA UK,FOOD & BEVERAGES,2022-11-01,2023-01-01,Healthy,"2021-12-18, 2023-01-15, 2021-01-15","2024-01-17, 2024-01-14, 2023-01-14",Not started,217879.49841399444,78001.72556968077,38,15,14,0,21762.162162162163
0012o00002KBNpiAAH,EMEA,EMEA UK,AUTO,2023-05-01,2023-05-01,Healthy,"2022-10-31, 2021-03-31",2024-03-30,Lived,147245.15677805955,0,10,2.8,10,0,35657.38359760355
0012o00002KBNpiAAH,EMEA,EMEA UK,AUTO,2023-11-01,2023-11-01,Healthy,"2022-10-31, 2021-03-31, 2023-07-27","2024-03-30, 2024-03-26, 2024-06-26, 2026-03-26",Lived,203029.68780358453,0,19,6.2,11,0,35657.38359760355
0012o00002KBNpiAAH,EMEA,EMEA UK,AUTO,2023-05-01,2023-06-01,Healthy,"2022-10-31, 2021-03-31",2024-03-30,Lived,147245.15677805955,0,10,3.75,10,0,35657.38359760355
00157000020YJo5AAG,AMERICAS,AMERICAS West,GENERAL RETAILER,2023-11-01,2023-11-01,Unhealthy,2023-06-30,2024-07-29,Partially implemented,274865.3753846153,0,19,5,3,0,174723.72
00157000020YJo5AAG,AMERICAS,AMERICAS West,GENERAL RETAILER,2023-11-01,2023-12-01,Unhealthy,2023-06-30,2024-07-29,Partially implemented,274865.3753846154,0,19,2.25,3,0,174723.71999999994
00157000020YJo5AAG,AMERICAS,AMERICAS West,GENERAL RETAILER,2023-02-01,2023-03-01,Unhealthy,2022-06-30,2023-06-29,Not started,297500.04000000004,0,17,4,5,0,108758.27999999998
0012o00002JL7ziAAD,EMEA,EMEA UK,"TRAVEL, LEISURE AND LOGISTICS",2023-08-01,2023-10-01,Healthy,"2021-12-23, 2022-09-06","2025-08-22, 2025-09-05",,199748.75675675677,0,38,15.25,24,2,95080.54054054055
00157000027AbEzAAK,EMEA,EMEA UK,GENERAL RETAILER,2023-05-01,2023-07-01,Healthy,"2021-12-31, 2023-02-17","2023-12-30, 2023-11-16",Lived,1653604.369860031,0,173,59,253,1,131325.2995903622
00157000027AbEzAAK,EMEA,EMEA UK,GENERAL RETAILER,2023-05-01,2023-06-01,Healthy,"2021-12-31, 2023-02-17","2023-12-30, 2023-11-16",Lived,1653604.3698600302,0,173,44,250,1,131325.2995903622
0012o00002KBNpiAAH,EMEA,EMEA UK,AUTO,2023-08-01,2023-09-01,Healthy,"2022-10-31, 2023-07-27, 2021-03-31","2024-03-30, 2024-06-26, 2024-03-26, 2026-03-26",Lived,203029.68780358453,0,12,5.5,11,0,35657.38359760355
0012o00002LyrseAAB,EMEA,EMEA UK,FASHION,2023-02-01,2023-02-01,Healthy,2021-03-31,2024-03-30,,185612.2122183824,0,15,4.75,11,0,34303.98422016726
0012o00002ZzYb0AAF,EMEA,EMEA South,BFSI,2022-11-01,2023-01-01,Unhealthy,2022-12-10,2024-03-09,,154838.74611005696,85254.00776,1,0.25,0,0,69052.23529411765
0012o00002ZzYb0AAF,EMEA,EMEA South,BFSI,2023-05-01,2023-06-01,Unhealthy,2022-12-10,2024-03-09,,154838.74611005693,0,2,1.75,0,0,69052.23529411764
0015700002IBFM9AAP,EMEA,EMEA South,"ENERGY, UTILITIES & RESOURCES",2023-02-01,2023-04-01,Healthy,"2023-04-01, 2022-12-01, 2022-09-01, 2022-06-01",2024-05-31,,239630.3294117647,0,17,5.75,9,4,60000
0015700002H23k1AAB,EMEA,EMEA South,BFSI,2023-08-01,2023-09-01,Healthy,2023-07-08,2025-07-07,Implemented,93195.01957095411,0,20,5,15,7,27795.136636978692
0015700002H23k1AAB,EMEA,EMEA South,BFSI,2023-02-01,2023-03-01,Healthy,2021-07-08,2023-07-07,Implemented,131875,0,21,5,18,6,56875
0012o00002aVlq0AAC,EMEA,EMEA South,BFSI,2022-11-01,2023-01-01,Healthy,"2022-10-01, 2022-04-29","2024-12-31, 2024-04-28",Not started,66666.66666666664,0,7,3.25,8,0,31372.549019607843
0015700001wVJYBAA4,EMEA,EMEA France,FOOD & BEVERAGES,2023-02-01,2023-03-01,Unhealthy,"2021-02-01, 2021-01-01, 2023-03-15","2024-01-31, 2023-12-31, 2024-01-14",Implemented,291725.36735044606,0,25,4.8,1,0,67511.99182
0015700001wVJYBAA4,EMEA,EMEA France,FOOD & BEVERAGES,2023-08-01,2023-09-01,Healthy,"2021-01-01, 2021-02-01, 2023-06-30, 2023-03-15","2023-12-31, 2024-01-31, 2024-01-29, 2024-01-14",Implemented,313525.3937284516,0,27,13.5,12,7,67511.99182
0015700001wVJYBAA4,EMEA,EMEA France,FOOD & BEVERAGES,2023-11-01,2023-11-01,Healthy,"2023-06-30, 2023-03-15, 2021-02-01, 2021-01-01","2024-01-29, 2024-01-14, 2024-01-31, 2023-12-31",Implemented,313525.39372845157,305493.5497,39,12,12,7,67511.99182
001D000000sWJ8GIAW,EMEA,EMEA France,FOOD & BEVERAGES,2023-08-01,2023-10-01,Healthy,2023-06-30,2025-06-29,Partially implemented,495588.7472736369,0,17,5.25,28,0,116434.39125122219
0012o00002grCmNAAU,EMEA,EMEA France,"TRAVEL, LEISURE AND LOGISTICS",2023-08-01,2023-08-01,Unhealthy,2023-06-30,2026-06-29,,474150.0995715208,0,7,3.2,6,0,47479.10197061141
00157000027BFRhAAO,AMERICAS,AMERICAS West,GENERAL RETAILER,2023-05-01,2023-06-01,Unhealthy,2021-11-15,2024-02-14,Implemented,308222.27999999997,0,17,3,4,1,124500
00157000025k4IKAAY,AMERICAS,AMERICAS East,BFSI,2023-08-01,2023-08-01,Unhealthy,2022-12-31,2023-12-30,,304311.4,0,25,4.6,4,0,0.12
00157000025k4IKAAY,AMERICAS,AMERICAS East,BFSI,2023-11-01,2023-12-01,Unhealthy,"2022-12-31, 2023-12-31","2023-12-30, 2024-12-30",Started,365173.6560000001,304311.39999999997,27,6,5,0,0.12
001D000000sWJ8GIAW,EMEA,EMEA France,FOOD & BEVERAGES,2023-11-01,2023-11-01,Healthy,2023-06-30,2025-06-29,Partially implemented,495588.74727363687,0,11,2.6,28,0,116434.3912512222
00157000027BFRhAAO,AMERICAS,AMERICAS West,GENERAL RETAILER,2023-05-01,2023-05-01,Unhealthy,2021-11-15,2024-02-14,Implemented,308222.28,0,17,5.6,4,1,124500
0012o00002qridqAAA,EMEA,EMEA South,FASHION,2023-11-01,2023-12-01,Unhealthy,2022-04-01,2025-04-30,Lived,123510.27281399048,0,4,1.25,2,0,36905.711923688395
0015700001rxLCeAAM,EMEA,EMEA UK,FASHION,2023-11-01,2023-11-01,Healthy,2023-07-01,2026-06-30,Partially lived,345946.05405405414,0,72,17.6,80,1,124004.21621621626
0015700001rxLCeAAM,EMEA,EMEA UK,FASHION,2023-02-01,2023-03-01,Healthy,2021-06-01,2023-06-30,Lived,324984.69050704245,0,78,21.2,77,1,105249.98358500756
001570000268telAAA,EMEA,EMEA UK,FOOD & BEVERAGES,2023-05-01,2023-06-01,Unhealthy,2022-07-31,2024-07-30,Lived,334319,0,0,0,0,0,57212.756756756746
001D0000017K5AYIA0,EMEA,EMEA UK,GENERAL RETAILER,2023-05-01,2023-06-01,Unhealthy,2021-12-31,2023-08-30,Partially implemented,1109616.8218162623,0,75,26.75,50,9,369208.8509639286
001570000223DK4AAM,EMEA,EMEA UK,GENERAL RETAILER,2023-02-01,2023-03-01,Healthy,2021-06-11,2023-06-10,Lived,334999.7923000956,0,94,28.6,68,0,112559.94822242382
0015700001unVFDAA2,EMEA,EMEA UK,GENERAL RETAILER,2023-05-01,2023-06-01,Healthy,2022-07-31,2024-07-30,Lived,507770.2432432431,0,225,84.75,142,0,86998.7027
0015700002BB718AAD,AMERICAS,AMERICAS West,"TRAVEL, LEISURE AND LOGISTICS",2023-11-01,2023-12-01,Unhealthy,2022-12-10,2024-12-09,Implemented,115000.08,0,6,2.5,1,0,40303.200000000004
0015700002BB718AAD,AMERICAS,AMERICAS West,"TRAVEL, LEISURE AND LOGISTICS",2023-08-01,2023-10-01,Unhealthy,2022-12-10,2024-12-09,Implemented,115000.08000000002,0,1,1,1,0,40303.200000000004
0012o00002kAhaNAAS,EMEA,EMEA North,GENERAL RETAILER,2023-05-01,2023-05-01,Unhealthy,"2021-12-31, 2023-02-06","2024-12-30, 2025-01-05",Implemented,146581.75091560016,0,8,1.8,13,2,35892.23
0017T00000AjokmQAB,EMEA,EMEA MENAT,FASHION,2023-11-01,2023-11-01,Unhealthy,2023-01-31,2026-02-28,Lived,95455.65405405409,0,3,2.2,2,0,45290.52972972972
0015700002GV9JeAAL,EMEA,EMEA UK,M&A,2023-11-01,2023-12-01,Healthy,2023-05-14,2024-05-13,Implemented,29520.004723200756,0,4,1.5,1,0,14760.00236160038
00157000023lXzrAAE,EMEA,EMEA UK,GENERAL RETAILER,2023-11-01,2023-12-01,Healthy,"2023-04-30, 2023-01-01","2023-12-29, 2023-12-31",Implemented,192676.3306100468,181934.78505606542,63,18.25,19,5,28235.29411764706
00157000023lXzrAAE,EMEA,EMEA UK,GENERAL RETAILER,2023-05-01,2023-07-01,Healthy,"2023-04-30, 2023-01-01","2023-12-29, 2023-12-31",Implemented,192676.33061004683,0,47,17.5,19,4,28235.29411764706
00157000023lXzrAAE,EMEA,EMEA UK,GENERAL RETAILER,2023-08-01,2023-08-01,Healthy,"2023-01-01, 2023-04-30","2023-12-31, 2023-12-29",Implemented,192676.3306100468,0,59,20.2,19,4,28235.29411764706
0012o00002mCxkjAAC,EMEA,EMEA UK,LUXURY,2023-05-01,2023-06-01,Unhealthy,"2022-08-01, 2022-10-01, 2021-09-30","2023-07-31, 2023-10-31, 2023-12-29",,138945.45441225663,0,8,3,3,0,40977.130977130975
0012o00002mCxkjAAC,EMEA,EMEA UK,LUXURY,2023-02-01,2023-02-01,Healthy,"2021-09-30, 2022-10-01, 2022-08-01","2023-12-29, 2023-10-31, 2023-07-31",,138945.45441225657,0,12,7.25,4,0,40977.13097713098
0012o00002mCxkjAAC,EMEA,EMEA UK,LUXURY,2023-05-01,2023-05-01,Unhealthy,"2022-08-01, 2022-10-01, 2021-09-30","2023-07-31, 2023-10-31, 2023-12-29",,138945.45441225663,0,8,4.4,3,0,40977.13097713098
0015700001xOIhgAAG,EMEA,EMEA Central,FASHION,2023-05-01,2023-07-01,Healthy,"2023-01-31, 2020-09-01","2026-08-30, 2023-08-31",Lived,189816.46517075782,0,39,13.75,39,6,42415.328043775655
00157000024459pAAA,AMERICAS,AMERICAS East,BFSI,2023-11-01,2023-11-01,Healthy,"2023-07-31, 2022-12-10, 2022-12-31, 2023-04-30","2023-12-30, 2024-01-09, 2023-12-29",Implemented,860485.2492307692,840485.25,215,49.6,66,0,151788
0015700001xOIhgAAG,EMEA,EMEA Central,FASHION,2023-08-01,2023-10-01,Healthy,"2023-09-01, 2023-01-31","2026-08-31, 2026-08-30",Lived,143956.50451436386,137171.46876260368,32,10,37,6,42415.328043775655
0017T00000VYEV4QAP,EMEA,EMEA France,BFSI,2023-02-01,2023-03-01,Unhealthy,2023-01-31,2025-03-30,,110334.88506787331,0,5,0.8,1,0,72837.15475113122
001D0000017K5CQIA0,EMEA,EMEA France,COSMETICS,2023-11-01,2023-12-01,Healthy,"2023-09-30, 2023-07-31","2024-09-29, 2024-09-30",Started,201914.82831639965,0,20,4.5,8,0,35035.74967179314
0017T00000AjokmQAB,EMEA,EMEA MENAT,FASHION,2022-11-01,2023-01-01,Unhealthy,2023-01-31,2026-02-28,,95455.65405405406,0,0,0,0,0,45290.52972972973
0017T00000VYEV4QAP,EMEA,EMEA France,BFSI,2023-05-01,2023-06-01,Healthy,2023-01-31,2025-03-30,Started,110334.88506787331,0,13,2.5,8,0,72837.15475113122
001D0000017K5CQIA0,EMEA,EMEA France,COSMETICS,2023-08-01,2023-08-01,Healthy,"2023-07-31, 2021-09-30","2024-09-30, 2023-09-29",Started,215973.24967179316,157719.91435251222,17,3.6,4,0,35035.74967179314